/*
 Navicat Premium Dump SQL

 Source Server         : webike
 Source Server Type    : MariaDB
 Source Server Version : 100432 (10.4.32-MariaDB)
 Source Host           : localhost:3306
 Source Schema         : webike

 Target Server Type    : MariaDB
 Target Server Version : 100432 (10.4.32-MariaDB)
 File Encoding         : 65001

 Date: 26/12/2024 10:35:32
*/

SET NAMES utf8mb4;
SET FOREIGN_KEY_CHECKS = 0;

-- ----------------------------
-- Table structure for accounts
-- ----------------------------
DROP TABLE IF EXISTS `accounts`;
CREATE TABLE `accounts`  (
  `id` int(11) NOT NULL AUTO_INCREMENT,
  `name` varchar(50) CHARACTER SET utf8mb4 COLLATE utf8mb4_unicode_ci NOT NULL,
  `phoneNum` varchar(10) CHARACTER SET utf8mb4 COLLATE utf8mb4_unicode_ci NOT NULL,
  `DOB` date NULL DEFAULT NULL,
  `sex` varchar(10) CHARACTER SET utf8mb4 COLLATE utf8mb4_unicode_ci NULL DEFAULT NULL,
  `password` varchar(30) CHARACTER SET utf8mb4 COLLATE utf8mb4_unicode_ci NOT NULL,
  `created` datetime NULL DEFAULT current_timestamp(),
  `locked` int(11) NULL DEFAULT 0,
  `verify` int(11) NULL DEFAULT 0,
  `role` int(11) NULL DEFAULT 1,
  PRIMARY KEY (`id`) USING BTREE
) ENGINE = InnoDB AUTO_INCREMENT = 12 CHARACTER SET = utf8mb4 COLLATE = utf8mb4_unicode_ci ROW_FORMAT = Dynamic;

-- ----------------------------
-- Records of accounts
-- ----------------------------
INSERT INTO `accounts` VALUES (1, 'Trung', '0901234567', '1990-01-01', 'Nam', '9d533e6c96b5000328ef2207e0b022', '2002-03-08 03:09:21', 0, 0, 1);
INSERT INTO `accounts` VALUES (2, 'Đức', '0902345678', '1992-02-02', 'Nam', '3e81e4f0fd0a5bbad0ac2cd2549211', '2010-05-30 15:04:51', 0, 0, 1);
INSERT INTO `accounts` VALUES (3, 'Tân', '0903456789', '1995-03-03', 'Nam', '1be81255b92345c5e69342c8012f2e', '2010-08-15 07:45:04', 0, 0, 1);
INSERT INTO `accounts` VALUES (4, 'Hoa', '0904567890', '1994-04-04', 'Nữ', 'b0e77d9c7ebd9bbc6dc6c5917737a1', '2000-04-15 03:53:13', 0, 0, 1);
INSERT INTO `accounts` VALUES (5, 'Mai', '0905678901', '1993-05-05', NULL, '2d85e7a0617f575790745bfe93d36b', '2022-06-20 23:03:56', 1, 0, 1);
INSERT INTO `accounts` VALUES (6, 'Kim', '0906789012', '1996-06-06', 'Nam', '5f82f4d4dcebf10f7f87b3089e9954', '2008-11-18 00:03:00', 0, 0, 1);
INSERT INTO `accounts` VALUES (7, 'Lan', '0907890123', '1997-07-07', 'Nam', 'c33ad95e96373e5c237ffd6b02e42e', '2024-12-17 21:34:50', 0, 0, 1);
INSERT INTO `accounts` VALUES (8, 'Anh', '0908901234', '1998-08-08', 'Nam', '9d5cb72aab2e16627521eb2496535e', '2024-12-17 21:34:50', 0, 0, 1);
INSERT INTO `accounts` VALUES (9, 'Minh', '0909012345', '1999-09-09', NULL, '3f6bcff397572163ad025c6458a264', '2024-12-17 21:34:50', 0, 0, 1);
INSERT INTO `accounts` VALUES (10, 'Mai', '0900123456', '2000-10-10', 'Nữ', '2d85e7a0617f575790745bfe93d36b', '2024-12-17 21:34:50', 0, 0, 1);
INSERT INTO `accounts` VALUES (11, 'admin A', '0123456789', '2004-02-19', 'Nam', '5c5ca2ca10bd5d843628909e166609', '2002-03-08 03:09:21', 0, 0, 0);

-- ----------------------------
-- Table structure for biketypes
-- ----------------------------
DROP TABLE IF EXISTS `biketypes`;
CREATE TABLE `biketypes`  (
  `id` int(11) NOT NULL AUTO_INCREMENT,
  `type` varchar(20) CHARACTER SET utf8mb4 COLLATE utf8mb4_unicode_ci NULL DEFAULT NULL,
  `img` varchar(300) CHARACTER SET utf8mb4 COLLATE utf8mb4_unicode_ci NULL DEFAULT NULL,
  PRIMARY KEY (`id`) USING BTREE
) ENGINE = InnoDB AUTO_INCREMENT = 6 CHARACTER SET = utf8mb4 COLLATE = utf8mb4_unicode_ci ROW_FORMAT = Dynamic;

-- ----------------------------
-- Records of biketypes
-- ----------------------------
INSERT INTO `biketypes` VALUES (1, 'Xe số', 'img	ypessố.jpg');
INSERT INTO `biketypes` VALUES (2, 'Xe thể thao', 'img	ypes	hể thao.jpg');
INSERT INTO `biketypes` VALUES (3, 'Xe moto', 'img	ypesmoto.jpg');
INSERT INTO `biketypes` VALUES (4, 'Xe tay ga', 'img	ypes	ay ga.jpg');
INSERT INTO `biketypes` VALUES (5, 'Xe cổ điển', 'img	ypescổ điển.jpg');

-- ----------------------------
-- Table structure for brands
-- ----------------------------
DROP TABLE IF EXISTS `brands`;
CREATE TABLE `brands`  (
  `id` int(11) NOT NULL AUTO_INCREMENT,
  `name` varchar(15) CHARACTER SET utf8mb4 COLLATE utf8mb4_unicode_ci NULL DEFAULT NULL,
  `des` varchar(100) CHARACTER SET utf8mb4 COLLATE utf8mb4_unicode_ci NULL DEFAULT NULL,
  `img` varchar(300) CHARACTER SET utf8mb4 COLLATE utf8mb4_unicode_ci NULL DEFAULT NULL,
  PRIMARY KEY (`id`) USING BTREE
) ENGINE = InnoDB AUTO_INCREMENT = 15 CHARACTER SET = utf8mb4 COLLATE = utf8mb4_unicode_ci ROW_FORMAT = Dynamic;

-- ----------------------------
-- Records of brands
-- ----------------------------
INSERT INTO `brands` VALUES (1, 'Honda', 'Hãng xe nổi tiếng của Nhật Bản với các mẫu xe tiết kiệm và bền bỉ.', 'img/brands/honda.png');
INSERT INTO `brands` VALUES (2, 'Yamaha', 'Hãng xe Nhật Bản chuyên sản xuất xe tay ga, xe mô tô thể thao và động cơ mạnh mẽ.', 'img/brands/yamaha.png');
INSERT INTO `brands` VALUES (3, 'Suzuki', 'Hãng xe Nhật Bản nổi bật với các mẫu xe tay ga nhỏ gọn và mô tô phân khối lớn.', 'img/brands/suzuki.png');
INSERT INTO `brands` VALUES (4, 'Kawasaki', 'Thương hiệu xe Nhật Bản chuyên về mô tô thể thao hiệu suất cao.', 'img/brands/kawasaki.png');
INSERT INTO `brands` VALUES (5, 'Ducati', 'Hãng xe Ý nổi tiếng với các dòng mô tô thể thao sang trọng và mạnh mẽ.', 'img/brands/ducati.png');
INSERT INTO `brands` VALUES (6, 'Harley-Davidson', 'Thương hiệu xe Mỹ biểu tượng với các mẫu xe cruiser mạnh mẽ và phong cách cổ điển.', 'img/brands/harley.png');
INSERT INTO `brands` VALUES (7, 'KTM', 'Hãng xe Áo nổi tiếng với các dòng xe địa hình và mô tô thể thao mạnh mẽ.', 'img/brands/ktm.png');
INSERT INTO `brands` VALUES (8, 'BMW', 'Thương hiệu xe Đức nổi bật với các dòng xe mô tô sang trọng và công nghệ tiên tiến.', 'img/brands/bmw.png');
INSERT INTO `brands` VALUES (9, 'Triumph', 'Hãng xe Anh Quốc nổi tiếng với các dòng xe mô tô cổ điển và phong cách retro.', 'img/brands/triumph.png');
INSERT INTO `brands` VALUES (10, 'MV Agusta', 'MV Agusta, hãng xe Ý, nổi tiếng với thiết kế đẹp và hiệu suất cao.', 'img/brands/mv.png');
INSERT INTO `brands` VALUES (11, 'Piaggio', 'Piaggio là hãng xe Ý chuyên sản xuất xe tay ga sang trọng và tiết kiệm nhiên liệu.', 'img/brands/piaggio.png');
INSERT INTO `brands` VALUES (12, 'Royal Enfield', 'Royal Enfield là hãng xe nổi tiếng với các mẫu xe mô tô cổ điển, được yêu thích bởi thiết kế mạnh mẽ', 'img/brands/royal.png');
INSERT INTO `brands` VALUES (13, 'Indian', 'Indian là một trong những hãng xe mô tô lâu đời, nổi bật với các dòng cruiser và phong cách Mỹ đậm c', 'img/brands/indian.png');
INSERT INTO `brands` VALUES (14, 'Buell', 'Buell là thương hiệu mô tô Mỹ, nổi bật với các mẫu xe thể thao và thiết kế sáng tạo, mang đến hiệu s', 'img/brands/buell.png');

-- ----------------------------
-- Table structure for colors
-- ----------------------------
DROP TABLE IF EXISTS `colors`;
CREATE TABLE `colors`  (
  `id` int(11) NOT NULL AUTO_INCREMENT,
  `name` varchar(15) CHARACTER SET utf8mb4 COLLATE utf8mb4_unicode_ci NULL DEFAULT NULL,
  `code` varchar(15) CHARACTER SET utf8mb4 COLLATE utf8mb4_unicode_ci NULL DEFAULT NULL,
  PRIMARY KEY (`id`) USING BTREE
) ENGINE = InnoDB AUTO_INCREMENT = 15 CHARACTER SET = utf8mb4 COLLATE = utf8mb4_unicode_ci ROW_FORMAT = Dynamic;

-- ----------------------------
-- Records of colors
-- ----------------------------
INSERT INTO `colors` VALUES (1, 'Đỏ', '#FF0000');
INSERT INTO `colors` VALUES (2, 'Đen', '#000000');
INSERT INTO `colors` VALUES (3, 'Vàng', '#FFFF00');
INSERT INTO `colors` VALUES (4, 'Xanh dương', '#0000FF');
INSERT INTO `colors` VALUES (5, 'Xám', '#808080');
INSERT INTO `colors` VALUES (6, 'Tím', '#800080');
INSERT INTO `colors` VALUES (7, 'Vàng Gold', '#FFD700');
INSERT INTO `colors` VALUES (8, 'Bạc', '#C0C0C0');
INSERT INTO `colors` VALUES (9, 'Hồng', '#FFC0CB');
INSERT INTO `colors` VALUES (10, 'Trắng', '#FFFFFF');
INSERT INTO `colors` VALUES (11, 'Nâu', '#A52A2A');
INSERT INTO `colors` VALUES (12, 'Cam', '#FFA500');
INSERT INTO `colors` VALUES (13, 'Xanh lá', '#008040');
INSERT INTO `colors` VALUES (14, 'Kem', '#6BECA2');

-- ----------------------------
-- Table structure for comments
-- ----------------------------
DROP TABLE IF EXISTS `comments`;
CREATE TABLE `comments`  (
  `id` int(11) NOT NULL AUTO_INCREMENT,
  `content` varchar(100) CHARACTER SET utf8mb4 COLLATE utf8mb4_unicode_ci NULL DEFAULT NULL,
  `created` datetime NULL DEFAULT NULL,
  `productID` int(11) NULL DEFAULT NULL,
  `accountID` int(11) NULL DEFAULT NULL,
  PRIMARY KEY (`id`) USING BTREE,
  INDEX `productID`(`productID`) USING BTREE,
  INDEX `accountID`(`accountID`) USING BTREE,
  CONSTRAINT `comments_ibfk_1` FOREIGN KEY (`productID`) REFERENCES `products` (`id`) ON DELETE RESTRICT ON UPDATE RESTRICT,
  CONSTRAINT `comments_ibfk_2` FOREIGN KEY (`accountID`) REFERENCES `accounts` (`id`) ON DELETE RESTRICT ON UPDATE RESTRICT
) ENGINE = InnoDB AUTO_INCREMENT = 11 CHARACTER SET = utf8mb4 COLLATE = utf8mb4_unicode_ci ROW_FORMAT = Dynamic;

-- ----------------------------
-- Records of comments
-- ----------------------------
INSERT INTO `comments` VALUES (1, 'Sản phẩm rất tốt!', '2023-01-07 10:15:23', 1, 1);
INSERT INTO `comments` VALUES (2, 'Không hài lòng với chất lượng.', '2022-12-07 14:30:45', 2, 2);
INSERT INTO `comments` VALUES (3, 'Giá cả hợp lý và đáng mua.', '2022-09-27 08:45:12', 3, 3);
INSERT INTO `comments` VALUES (4, 'Sẽ giới thiệu cho bạn bè.', '2024-02-06 16:25:34', 4, 4);
INSERT INTO `comments` VALUES (5, 'Hàng giao đúng hẹn và đầy đủ.', '2021-12-12 19:40:20', 5, 5);
INSERT INTO `comments` VALUES (6, 'Dịch vụ khách hàng kém.', '2020-12-24 07:05:50', 6, 6);
INSERT INTO `comments` VALUES (7, 'Trải nghiệm tuyệt vời khi sử dụng sản phẩm!', '2022-04-21 13:55:07', 7, 7);
INSERT INTO `comments` VALUES (8, 'Sản phẩm không giống mô tả.', '2023-04-17 22:15:33', 8, 7);
INSERT INTO `comments` VALUES (9, 'Sản phẩm rất tốt!', '2024-12-27 09:10:11', 1, 8);
INSERT INTO `comments` VALUES (10, 'Không hài lòng với chất lượng.', '2024-12-27 20:45:29', 2, 8);

-- ----------------------------
-- Table structure for discounts
-- ----------------------------
DROP TABLE IF EXISTS `discounts`;
CREATE TABLE `discounts`  (
  `id` int(11) NOT NULL AUTO_INCREMENT,
  `amount` decimal(5, 2) NULL DEFAULT NULL,
  `start` date NULL DEFAULT NULL,
  `end` date NULL DEFAULT NULL,
  `productID` int(11) NULL DEFAULT NULL,
  PRIMARY KEY (`id`) USING BTREE,
  INDEX `productID`(`productID`) USING BTREE,
  CONSTRAINT `discounts_ibfk_1` FOREIGN KEY (`productID`) REFERENCES `products` (`id`) ON DELETE RESTRICT ON UPDATE RESTRICT
) ENGINE = InnoDB AUTO_INCREMENT = 1 CHARACTER SET = utf8mb4 COLLATE = utf8mb4_unicode_ci ROW_FORMAT = Dynamic;

-- ----------------------------
-- Records of discounts
-- ----------------------------

-- ----------------------------
-- Table structure for features
-- ----------------------------
DROP TABLE IF EXISTS `features`;
CREATE TABLE `features`  (
  `id` int(11) NOT NULL AUTO_INCREMENT,
  `tag` varchar(100) CHARACTER SET utf8mb4 COLLATE utf8mb4_unicode_ci NULL DEFAULT NULL,
  `des` varchar(300) CHARACTER SET utf8mb4 COLLATE utf8mb4_unicode_ci NULL DEFAULT NULL,
  `img` varchar(100) CHARACTER SET utf8mb4 COLLATE utf8mb4_unicode_ci NULL DEFAULT NULL,
  PRIMARY KEY (`id`) USING BTREE
) ENGINE = InnoDB AUTO_INCREMENT = 7 CHARACTER SET = utf8mb4 COLLATE = utf8mb4_unicode_ci ROW_FORMAT = Dynamic;

-- ----------------------------
-- Records of features
-- ----------------------------
INSERT INTO `features` VALUES (1, 'Thiết kế khí động học tinh tế, sắc sảo', 'Mang lại sự ổn định và hiệu suất vượt trội nhờ thiết kế khí động học cải tiến. Các chi tiết được tối ưu hóa để giảm lực cản của gió, giúp xe duy trì tốc độ cao và cải thiện khả năng tiết kiệm nhiên liệu. Thiết kế này không chỉ tăng hiệu quả vận hành mà còn mang đến vẻ ngoài sắc sảo, hiện đại và cuốn', 'img/features/aerodynamic_design.png');
INSERT INTO `features` VALUES (2, 'Động cơ tiên tiến, hiệu suất mạnh mẽ', 'Được trang bị động cơ thế hệ mới, dòng xe này đảm bảo công suất vượt trội và khả năng tăng tốc đáng kinh ngạc. Động cơ không chỉ mạnh mẽ mà còn tối ưu hóa hiệu suất tiêu thụ nhiên liệu, giảm thiểu khí thải và thân thiện với môi trường. Đây là sự kết hợp hoàn hảo giữa sức mạnh và công nghệ tiên tiến.', 'img/features/advanced_engine.png');
INSERT INTO `features` VALUES (3, 'Hệ thống điện tử tiên tiến, chính xác', 'Tích hợp các công nghệ điện tử hiện đại như hệ thống chống bó cứng phanh ABS, kiểm soát lực kéo (Traction Control), và các chế độ lái đa dạng. Những công nghệ này không chỉ mang lại sự an toàn tối đa mà còn cải thiện khả năng điều khiển xe trong mọi điều kiện thời tiết và địa hình.', 'img/features/electronic_system.png');
INSERT INTO `features` VALUES (4, 'Dáng vẻ cổ điển', 'Mang phong cách thiết kế đậm nét hoài cổ, các dòng xe này gợi nhớ về vẻ đẹp của những chiếc xe mô tô huyền thoại trong quá khứ. Tuy nhiên, bên trong chúng lại được trang bị công nghệ hiện đại, tạo nên sự kết hợp hoàn hảo giữa truyền thống và đổi mới. Mỗi chi tiết đều toát lên sự tinh tế và lịch lãm.', 'img/features/classic_style.jpg');
INSERT INTO `features` VALUES (5, 'Kiểu dáng thể thao cao cấp, năng động', 'Phong cách thể thao được thể hiện qua các đường nét góc cạnh, mạnh mẽ và đầy táo bạo. Thiết kế này không chỉ làm nổi bật cá tính người lái mà còn được tối ưu để mang lại khả năng khí động học tốt hơn, giúp xe vận hành mượt mà và năng động trên mọi cung đường.', 'img/features/sporty_design.jpg');
INSERT INTO `features` VALUES (6, 'Khung xe thế hệ mới', 'Khung xe được chế tạo từ vật liệu tiên tiến, nhẹ nhưng vô cùng bền chắc, giúp tăng cường khả năng vận hành và độ ổn định ngay cả ở tốc độ cao. Thiết kế khung mới còn giúp giảm rung lắc, mang lại cảm giác lái thoải mái và an toàn hơn, đặc biệt phù hợp với các chuyến đi dài.', 'img/features/new_frame.jpg');

-- ----------------------------
-- Table structure for imgs
-- ----------------------------
DROP TABLE IF EXISTS `imgs`;
CREATE TABLE `imgs`  (
  `id` int(11) NOT NULL AUTO_INCREMENT,
  `url` varchar(100) CHARACTER SET utf8mb4 COLLATE utf8mb4_unicode_ci NULL DEFAULT NULL,
  `productID` int(11) NULL DEFAULT NULL,
  `colorID` int(11) NULL DEFAULT NULL,
  PRIMARY KEY (`id`) USING BTREE,
  INDEX `productID`(`productID`) USING BTREE,
  INDEX `colorID`(`colorID`) USING BTREE,
  CONSTRAINT `imgs_ibfk_1` FOREIGN KEY (`productID`) REFERENCES `products` (`id`) ON DELETE RESTRICT ON UPDATE RESTRICT,
  CONSTRAINT `imgs_ibfk_2` FOREIGN KEY (`colorID`) REFERENCES `colors` (`id`) ON DELETE RESTRICT ON UPDATE RESTRICT
) ENGINE = InnoDB AUTO_INCREMENT = 232 CHARACTER SET = utf8mb4 COLLATE = utf8mb4_unicode_ci ROW_FORMAT = Dynamic;

-- ----------------------------
-- Records of imgs
-- ----------------------------
INSERT INTO `imgs` VALUES (1, 'img/products/hondaWave110.png', 1, 2);
INSERT INTO `imgs` VALUES (2, 'img/products/hondaWave110.png', 51, 2);
INSERT INTO `imgs` VALUES (3, 'img/products/hondaWave110.png', 101, 2);
INSERT INTO `imgs` VALUES (4, 'img/products/Yamaha Sirius 110.png', 2, 5);
INSERT INTO `imgs` VALUES (5, 'img/products/Yamaha Sirius 110 1.png', 2, 2);
INSERT INTO `imgs` VALUES (6, 'img/products/Yamaha Sirius 110 2.png', 2, 1);
INSERT INTO `imgs` VALUES (7, 'img/products/Yamaha Sirius 110.png', 52, 5);
INSERT INTO `imgs` VALUES (8, 'img/products/Yamaha Sirius 110 1.png', 52, 2);
INSERT INTO `imgs` VALUES (9, 'img/products/Yamaha Sirius 110 2.png', 52, 1);
INSERT INTO `imgs` VALUES (10, 'img/products/Yamaha Sirius 110.png', 102, 5);
INSERT INTO `imgs` VALUES (11, 'img/products/Yamaha Sirius 110 1.png', 102, 2);
INSERT INTO `imgs` VALUES (12, 'img/products/Yamaha Sirius 110 2.png', 102, 1);
INSERT INTO `imgs` VALUES (13, 'img/products/Suzuki_Viva_115.png', 3, 2);
INSERT INTO `imgs` VALUES (14, 'img/products/Suzuki_Viva_115_1.png', 3, 4);
INSERT INTO `imgs` VALUES (15, 'img/products/Suzuki_Viva_115_2.png', 3, 10);
INSERT INTO `imgs` VALUES (16, 'img/products/Suzuki_Viva_115.png', 53, 2);
INSERT INTO `imgs` VALUES (17, 'img/products/Suzuki_Viva_115_1.png', 53, 4);
INSERT INTO `imgs` VALUES (18, 'img/products/Suzuki_Viva_115_2.png', 53, 10);
INSERT INTO `imgs` VALUES (19, 'img/products/Suzuki_Viva_115.png', 103, 2);
INSERT INTO `imgs` VALUES (20, 'img/products/Suzuki_Viva_115_1.png', 103, 4);
INSERT INTO `imgs` VALUES (21, 'img/products/Suzuki_Viva_115_2.png', 103, 10);
INSERT INTO `imgs` VALUES (22, 'img/products/Honda_Dream_110.png', 4, 10);
INSERT INTO `imgs` VALUES (23, 'img/products/Honda_Dream_110.png', 54, 10);
INSERT INTO `imgs` VALUES (24, 'img/products/Honda_Dream_110.png', 104, 10);
INSERT INTO `imgs` VALUES (25, 'img/products/Yamaha Jupiter 110.png', 5, 2);
INSERT INTO `imgs` VALUES (26, 'img/products/Yamaha Jupiter 110 1.png', 5, 1);
INSERT INTO `imgs` VALUES (27, 'img/products/Yamaha Jupiter 110 2.png', 5, 5);
INSERT INTO `imgs` VALUES (28, 'img/products/Yamaha Jupiter 110.png', 55, 2);
INSERT INTO `imgs` VALUES (29, 'img/products/Yamaha Jupiter 110 1.png', 55, 1);
INSERT INTO `imgs` VALUES (30, 'img/products/Yamaha Jupiter 110 2.png', 55, 5);
INSERT INTO `imgs` VALUES (31, 'img/products/Yamaha Jupiter 110.png', 105, 2);
INSERT INTO `imgs` VALUES (32, 'img/products/Yamaha Jupiter 110 1.png', 105, 1);
INSERT INTO `imgs` VALUES (33, 'img/products/Yamaha Jupiter 110 2.png', 105, 5);
INSERT INTO `imgs` VALUES (34, 'img/products/Suzuki_Axelo_125.png', 6, 6);
INSERT INTO `imgs` VALUES (35, 'img/products/Suzuki_Axelo_125.png', 56, 6);
INSERT INTO `imgs` VALUES (36, 'img/products/Suzuki_Axelo_125.png', 56, 6);
INSERT INTO `imgs` VALUES (37, 'img/products/Honda Blade 110.png', 7, 2);
INSERT INTO `imgs` VALUES (38, 'img/products/Honda Blade 110 1.png', 7, 1);
INSERT INTO `imgs` VALUES (39, 'img/products/Honda Blade 110.png', 57, 2);
INSERT INTO `imgs` VALUES (40, 'img/products/Honda Blade 110 1.png', 57, 1);
INSERT INTO `imgs` VALUES (41, 'img/products/Honda Blade 110.png', 107, 2);
INSERT INTO `imgs` VALUES (42, 'img/products/Honda Blade 110 1.png', 107, 1);
INSERT INTO `imgs` VALUES (43, 'img/products/Yamaha_Super_Cub_110.png', 8, 14);
INSERT INTO `imgs` VALUES (44, 'img/products/Yamaha_Super_Cub_110_1.png', 8, 6);
INSERT INTO `imgs` VALUES (45, 'img/products/Yamaha_Super_Cub_110.png', 58, 14);
INSERT INTO `imgs` VALUES (46, 'img/products/Yamaha_Super_Cub_110_1.png', 58, 6);
INSERT INTO `imgs` VALUES (47, 'img/products/Yamaha_Super_Cub_110.png', 108, 14);
INSERT INTO `imgs` VALUES (48, 'img/products/Yamaha_Super_Cub_110_1.png', 108, 6);
INSERT INTO `imgs` VALUES (49, 'img/products/Suzuki Hayate 110.png', 9, 5);
INSERT INTO `imgs` VALUES (50, 'img/products/Suzuki Hayate 110.png', 59, 5);
INSERT INTO `imgs` VALUES (51, 'img/products/Suzuki Hayate 110.png', 109, 5);
INSERT INTO `imgs` VALUES (52, 'img/products/Honda Wave Alpha 110.png', 10, 10);
INSERT INTO `imgs` VALUES (53, 'img/products/Honda Wave Alpha 110 1.png', 10, 4);
INSERT INTO `imgs` VALUES (54, 'img/products/Honda Wave Alpha 110.png', 60, 10);
INSERT INTO `imgs` VALUES (55, 'img/products/Honda Wave Alpha 110 1.png', 60, 4);
INSERT INTO `imgs` VALUES (56, 'img/products/Honda Wave Alpha 110.png', 110, 10);
INSERT INTO `imgs` VALUES (57, 'img/products/Honda Wave Alpha 110 1.png', 110, 4);
INSERT INTO `imgs` VALUES (58, 'img/products/Yamaha R15 V4.png', 11, 1);
INSERT INTO `imgs` VALUES (59, 'img/products/Yamaha R15 V4 1.png', 11, 2);
INSERT INTO `imgs` VALUES (60, 'img/products/Yamaha R15 V4.png', 61, 1);
INSERT INTO `imgs` VALUES (61, 'img/products/Yamaha R15 V4 1.png', 61, 2);
INSERT INTO `imgs` VALUES (62, 'img/products/Yamaha R15 V4.png', 111, 1);
INSERT INTO `imgs` VALUES (63, 'img/products/Yamaha R15 V4 1.png', 111, 2);
INSERT INTO `imgs` VALUES (64, 'img/products/Honda CBR150R.png', 12, 1);
INSERT INTO `imgs` VALUES (65, 'img/products/Honda CBR150R.png', 62, 1);
INSERT INTO `imgs` VALUES (66, 'img/products/Honda CBR150R.png', 112, 1);
INSERT INTO `imgs` VALUES (67, 'img/products/Kawasaki_Ninja_400.png', 13, 13);
INSERT INTO `imgs` VALUES (68, 'img/products/Kawasaki_Ninja_400 1.png', 13, 2);
INSERT INTO `imgs` VALUES (69, 'img/products/Kawasaki_Ninja_400.png', 63, 13);
INSERT INTO `imgs` VALUES (70, 'img/products/Kawasaki_Ninja_400 1.png', 63, 2);
INSERT INTO `imgs` VALUES (71, 'img/products/Kawasaki_Ninja_400.png', 113, 13);
INSERT INTO `imgs` VALUES (72, 'img/products/Kawasaki_Ninja_400 1.png', 113, 2);
INSERT INTO `imgs` VALUES (73, 'img/products/Suzuki_GSX-R750.png', 14, 2);
INSERT INTO `imgs` VALUES (74, 'img/products/Suzuki_GSX-R750.png', 64, 2);
INSERT INTO `imgs` VALUES (75, 'img/products/Suzuki_GSX-R750.png', 114, 2);
INSERT INTO `imgs` VALUES (76, 'img/products/Yamaha_MT-07.png', 15, 2);
INSERT INTO `imgs` VALUES (77, 'img/products/Yamaha_MT-07.png', 65, 2);
INSERT INTO `imgs` VALUES (78, 'img/products/Yamaha_MT-07.png', 115, 2);
INSERT INTO `imgs` VALUES (79, 'img/products/BMW_S1000RR_2.png', 16, 2);
INSERT INTO `imgs` VALUES (80, 'img/products/BMW_S1000RR_2.png', 66, 2);
INSERT INTO `imgs` VALUES (81, 'img/products/BMW_S1000RR_2.png', 116, 2);
INSERT INTO `imgs` VALUES (82, 'img/products/KTM RC 390.png', 17, 12);
INSERT INTO `imgs` VALUES (83, 'img/products/KTM RC 390.png', 67, 12);
INSERT INTO `imgs` VALUES (84, 'img/products/KTM RC 390.png', 117, 12);
INSERT INTO `imgs` VALUES (85, 'img/products/Ducati Panigale V4.png', 18, 1);
INSERT INTO `imgs` VALUES (86, 'img/products/Ducati Panigale V4 1.png', 18, 2);
INSERT INTO `imgs` VALUES (87, 'img/products/Ducati Panigale V4.png', 68, 1);
INSERT INTO `imgs` VALUES (88, 'img/products/Ducati Panigale V4 1.png', 68, 2);
INSERT INTO `imgs` VALUES (89, 'img/products/Ducati Panigale V4.png', 118, 1);
INSERT INTO `imgs` VALUES (90, 'img/products/Ducati Panigale V4 1.png', 118, 2);
INSERT INTO `imgs` VALUES (91, 'img/products/Triumph_Daytona_675.png', 19, 10);
INSERT INTO `imgs` VALUES (92, 'img/products/Triumph_Daytona_675.png', 69, 10);
INSERT INTO `imgs` VALUES (93, 'img/products/Triumph_Daytona_675.png', 119, 10);
INSERT INTO `imgs` VALUES (94, 'img/products/Kawasaki Z900.png', 20, 2);
INSERT INTO `imgs` VALUES (95, 'img/products/Kawasaki Z900.png', 70, 2);
INSERT INTO `imgs` VALUES (96, 'img/products/Kawasaki Z900.png', 120, 2);
INSERT INTO `imgs` VALUES (97, 'img/products/Kawasaki Ninja H2.png', 21, 8);
INSERT INTO `imgs` VALUES (98, 'img/products/Kawasaki Ninja H2.png', 71, 8);
INSERT INTO `imgs` VALUES (99, 'img/products/Kawasaki Ninja H2.png', 121, 8);
INSERT INTO `imgs` VALUES (100, 'img/products/BMW_S1000RR_2.png', 22, 2);
INSERT INTO `imgs` VALUES (101, 'img/products/BMW_S1000RR_2.png', 72, 2);
INSERT INTO `imgs` VALUES (102, 'img/products/BMW_S1000RR_2.png', 122, 2);
INSERT INTO `imgs` VALUES (103, 'img/products/Ducati Panigale V4.png', 23, 1);
INSERT INTO `imgs` VALUES (104, 'img/products/Ducati Panigale V4 1.png', 23, 2);
INSERT INTO `imgs` VALUES (105, 'img/products/Ducati Panigale V4.png', 73, 1);
INSERT INTO `imgs` VALUES (106, 'img/products/Ducati Panigale V4 1.png', 73, 2);
INSERT INTO `imgs` VALUES (107, 'img/products/Ducati Panigale V4.png', 123, 1);
INSERT INTO `imgs` VALUES (108, 'img/products/Ducati Panigale V4 1.png', 123, 2);
INSERT INTO `imgs` VALUES (109, 'img/products/Yamaha_YZF-R1.png', 24, 8);
INSERT INTO `imgs` VALUES (110, 'img/products/Yamaha_YZF-R1.png', 74, 8);
INSERT INTO `imgs` VALUES (111, 'img/products/Yamaha_YZF-R1.png', 124, 8);
INSERT INTO `imgs` VALUES (112, 'img/products/Suzuki_GSX-R1000R.png', 25, 2);
INSERT INTO `imgs` VALUES (113, 'img/products/Suzuki_GSX-R1000R.png', 75, 2);
INSERT INTO `imgs` VALUES (114, 'img/products/Suzuki_GSX-R1000R.png', 125, 2);
INSERT INTO `imgs` VALUES (115, 'img/products/Honda CBR1000RR-R Fireblade.png', 26, 1);
INSERT INTO `imgs` VALUES (116, 'img/products/Honda CBR1000RR-R Fireblade.png', 76, 1);
INSERT INTO `imgs` VALUES (117, 'img/products/Honda CBR1000RR-R Fireblade.png', 126, 1);
INSERT INTO `imgs` VALUES (118, 'img/products/KTM 1290 Super Duke R.png', 27, 12);
INSERT INTO `imgs` VALUES (119, 'img/products/KTM 1290 Super Duke R.png', 77, 12);
INSERT INTO `imgs` VALUES (120, 'img/products/KTM 1290 Super Duke R.png', 127, 12);
INSERT INTO `imgs` VALUES (121, 'img/products/Harley-Davidson CVO Limited.png', 28, 13);
INSERT INTO `imgs` VALUES (122, 'img/products/Harley-Davidson CVO Limited.png', 78, 13);
INSERT INTO `imgs` VALUES (123, 'img/products/Harley-Davidson CVO Limited.png', 128, 13);
INSERT INTO `imgs` VALUES (124, 'img/products/Triumph_Rocket_3.png', 29, 5);
INSERT INTO `imgs` VALUES (125, 'img/products/Triumph_Rocket_3_1.png', 29, 2);
INSERT INTO `imgs` VALUES (126, 'img/products/Triumph_Rocket_3_2.png', 29, 8);
INSERT INTO `imgs` VALUES (127, 'img/products/Triumph_Rocket_3.png', 79, 5);
INSERT INTO `imgs` VALUES (128, 'img/products/Triumph_Rocket_3_1.png', 79, 2);
INSERT INTO `imgs` VALUES (129, 'img/products/Triumph_Rocket_3_2.png', 79, 8);
INSERT INTO `imgs` VALUES (130, 'img/products/Triumph_Rocket_3.png', 129, 5);
INSERT INTO `imgs` VALUES (131, 'img/products/Triumph_Rocket_3_1.png', 129, 2);
INSERT INTO `imgs` VALUES (132, 'img/products/Triumph_Rocket_3_2.png', 129, 8);
INSERT INTO `imgs` VALUES (133, 'img/products/MV_Agusta_F4_RC.png', 30, 1);
INSERT INTO `imgs` VALUES (134, 'img/products/MV_Agusta_F4_RC.png', 80, 1);
INSERT INTO `imgs` VALUES (135, 'img/products/MV_Agusta_F4_RC.png', 130, 1);
INSERT INTO `imgs` VALUES (136, 'img/products/Honda Vision.png', 31, 6);
INSERT INTO `imgs` VALUES (137, 'img/products/Honda Vision 1.png', 31, 2);
INSERT INTO `imgs` VALUES (138, 'img/products/Honda Vision 3.png', 31, 5);
INSERT INTO `imgs` VALUES (139, 'img/products/Honda Vision.png', 81, 6);
INSERT INTO `imgs` VALUES (140, 'img/products/Honda Vision 1.png', 81, 2);
INSERT INTO `imgs` VALUES (141, 'img/products/Honda Vision 3.png', 81, 5);
INSERT INTO `imgs` VALUES (142, 'img/products/Honda Vision.png', 131, 6);
INSERT INTO `imgs` VALUES (143, 'img/products/Honda Vision 1.png', 131, 2);
INSERT INTO `imgs` VALUES (144, 'img/products/Honda Vision 3.png', 131, 5);
INSERT INTO `imgs` VALUES (145, 'img/products/Yamaha Janus 1.png', 32, 5);
INSERT INTO `imgs` VALUES (146, 'img/products/Yamaha Janus 2.png', 32, 2);
INSERT INTO `imgs` VALUES (147, 'img/products/Yamaha Janus 1.png', 82, 5);
INSERT INTO `imgs` VALUES (148, 'img/products/Yamaha Janus 2.png', 82, 2);
INSERT INTO `imgs` VALUES (149, 'img/products/Yamaha Janus 1.png', 132, 5);
INSERT INTO `imgs` VALUES (150, 'img/products/Yamaha Janus 2.png', 132, 2);
INSERT INTO `imgs` VALUES (151, 'img/products/Honda Lead.png', 33, 11);
INSERT INTO `imgs` VALUES (152, 'img/products/Honda Lead 1.png', 33, 2);
INSERT INTO `imgs` VALUES (153, 'img/products/Honda Lead.png', 83, 11);
INSERT INTO `imgs` VALUES (154, 'img/products/Honda Lead 1.png', 83, 2);
INSERT INTO `imgs` VALUES (155, 'img/products/Honda Lead.png', 133, 11);
INSERT INTO `imgs` VALUES (156, 'img/products/Honda Lead 1.png', 133, 2);
INSERT INTO `imgs` VALUES (157, 'img/products/Yamaha FreeGo.png', 34, 10);
INSERT INTO `imgs` VALUES (158, 'img/products/Yamaha FreeGo 1.png', 34, 12);
INSERT INTO `imgs` VALUES (159, 'img/products/Yamaha FreeGo 2.png', 34, 1);
INSERT INTO `imgs` VALUES (160, 'img/products/Yamaha FreeGo.png', 84, 10);
INSERT INTO `imgs` VALUES (161, 'img/products/Yamaha FreeGo 1.png', 84, 12);
INSERT INTO `imgs` VALUES (162, 'img/products/Yamaha FreeGo 2.png', 84, 1);
INSERT INTO `imgs` VALUES (163, 'img/products/Yamaha FreeGo.png', 134, 10);
INSERT INTO `imgs` VALUES (164, 'img/products/Yamaha FreeGo 1.png', 134, 12);
INSERT INTO `imgs` VALUES (165, 'img/products/Yamaha FreeGo 2.png', 134, 1);
INSERT INTO `imgs` VALUES (166, 'img/products/Suzuki_Address_110.png', 35, 2);
INSERT INTO `imgs` VALUES (167, 'img/products/Suzuki_Address_110.png', 85, 2);
INSERT INTO `imgs` VALUES (168, 'img/products/Suzuki_Address_110.png', 135, 2);
INSERT INTO `imgs` VALUES (169, 'img/products/Honda SH Mode.png', 36, 2);
INSERT INTO `imgs` VALUES (170, 'img/products/Honda SH Mode.png', 86, 2);
INSERT INTO `imgs` VALUES (171, 'img/products/Honda SH Mode.png', 136, 2);
INSERT INTO `imgs` VALUES (172, 'img/products/Piaggio Liberty 125.png', 37, 4);
INSERT INTO `imgs` VALUES (173, 'img/products/Piaggio Liberty 125.png', 37, 12);
INSERT INTO `imgs` VALUES (174, 'img/products/Piaggio Liberty 125.png', 87, 4);
INSERT INTO `imgs` VALUES (175, 'img/products/Piaggio Liberty 125.png', 87, 12);
INSERT INTO `imgs` VALUES (176, 'img/products/Piaggio Liberty 125.png', 137, 4);
INSERT INTO `imgs` VALUES (177, 'img/products/Piaggio Liberty 125.png', 137, 12);
INSERT INTO `imgs` VALUES (178, 'img/products/Yamaha_NMAX_155.png', 38, 2);
INSERT INTO `imgs` VALUES (179, 'img/products/Yamaha_NMAX_155.png', 88, 2);
INSERT INTO `imgs` VALUES (180, 'img/products/Yamaha_NMAX_155.png', 138, 2);
INSERT INTO `imgs` VALUES (181, 'img/products/Honda Air Blade.png', 39, 6);
INSERT INTO `imgs` VALUES (182, 'img/products/Honda Air Blade 1.png', 39, 5);
INSERT INTO `imgs` VALUES (183, 'img/products/Honda Air Blade.png', 89, 6);
INSERT INTO `imgs` VALUES (184, 'img/products/Honda Air Blade 1.png', 89, 5);
INSERT INTO `imgs` VALUES (185, 'img/products/Honda Air Blade.png', 139, 6);
INSERT INTO `imgs` VALUES (186, 'img/products/Honda Air Blade 1.png', 139, 5);
INSERT INTO `imgs` VALUES (187, 'img/products/Suzuki_Burgman_200.png', 40, 6);
INSERT INTO `imgs` VALUES (188, 'img/products/Suzuki_Burgman_200.png', 90, 6);
INSERT INTO `imgs` VALUES (189, 'img/products/Suzuki_Burgman_200.png', 140, 6);
INSERT INTO `imgs` VALUES (190, 'img/products/Triumph Bonneville.png', 41, 5);
INSERT INTO `imgs` VALUES (191, 'img/products/Triumph Bonneville.png', 91, 5);
INSERT INTO `imgs` VALUES (192, 'img/products/Triumph Bonneville.png', 141, 5);
INSERT INTO `imgs` VALUES (193, 'img/products/Harley-Davidson Iron 883.png', 42, 13);
INSERT INTO `imgs` VALUES (194, 'img/products/Harley-Davidson Iron 883.png', 92, 13);
INSERT INTO `imgs` VALUES (195, 'img/products/Harley-Davidson Iron 883.png', 142, 13);
INSERT INTO `imgs` VALUES (196, 'img/products/Moto Guzzi V7 III.png.png', 43, 10);
INSERT INTO `imgs` VALUES (197, 'img/products/Moto Guzzi V7 III 1.png', 43, 3);
INSERT INTO `imgs` VALUES (198, 'img/products/Moto Guzzi V7 III.png.png', 93, 10);
INSERT INTO `imgs` VALUES (199, 'img/products/Moto Guzzi V7 III 1.png', 93, 3);
INSERT INTO `imgs` VALUES (200, 'img/products/Moto Guzzi V7 III.png.png', 143, 10);
INSERT INTO `imgs` VALUES (201, 'img/products/Moto Guzzi V7 III 1.png', 143, 3);
INSERT INTO `imgs` VALUES (202, 'img/products/Royal Enfield Classic 350.png', 44, 8);
INSERT INTO `imgs` VALUES (203, 'img/products/Royal Enfield Classic 350 1.png', 44, 2);
INSERT INTO `imgs` VALUES (204, 'img/products/Royal Enfield Classic 350.png', 94, 8);
INSERT INTO `imgs` VALUES (205, 'img/products/Royal Enfield Classic 350 1.png', 94, 2);
INSERT INTO `imgs` VALUES (206, 'img/products/Royal Enfield Classic 350.png', 144, 8);
INSERT INTO `imgs` VALUES (207, 'img/products/Royal Enfield Classic 350 1.png', 144, 2);
INSERT INTO `imgs` VALUES (208, 'img/products/Indian Scout Sixty.png', 45, 2);
INSERT INTO `imgs` VALUES (209, 'img/products/Indian Scout Sixty.png', 85, 2);
INSERT INTO `imgs` VALUES (210, 'img/products/Indian Scout Sixty.png', 145, 2);
INSERT INTO `imgs` VALUES (211, 'img/products/Ducati Scrambler Icon.png', 46, 3);
INSERT INTO `imgs` VALUES (212, 'img/products/Ducati Scrambler Icon.png', 46, 4);
INSERT INTO `imgs` VALUES (213, 'img/products/Ducati Scrambler Icon.png', 46, 1);
INSERT INTO `imgs` VALUES (214, 'img/products/Ducati Scrambler Icon.png', 96, 3);
INSERT INTO `imgs` VALUES (215, 'img/products/Ducati Scrambler Icon.png', 96, 4);
INSERT INTO `imgs` VALUES (216, 'img/products/Ducati Scrambler Icon.png', 96, 1);
INSERT INTO `imgs` VALUES (217, 'img/products/Ducati Scrambler Icon.png', 146, 3);
INSERT INTO `imgs` VALUES (218, 'img/products/Ducati Scrambler Icon.png', 146, 4);
INSERT INTO `imgs` VALUES (219, 'img/products/Ducati Scrambler Icon.png', 146, 1);
INSERT INTO `imgs` VALUES (220, 'img/products/BMW_R_NineT.png', 47, 13);
INSERT INTO `imgs` VALUES (221, 'img/products/BMW_R_NineT.png', 97, 13);
INSERT INTO `imgs` VALUES (222, 'img/products/BMW_R_NineT.png', 147, 13);
INSERT INTO `imgs` VALUES (223, 'img/products/Buell_1190RX.png', 48, 3);
INSERT INTO `imgs` VALUES (224, 'img/products/Buell_1190RX.png', 98, 3);
INSERT INTO `imgs` VALUES (225, 'img/products/Buell_1190RX.png', 148, 3);
INSERT INTO `imgs` VALUES (226, 'img/products/Kawasaki_W800.png', 49, 2);
INSERT INTO `imgs` VALUES (227, 'img/products/Kawasaki_W800.png', 99, 2);
INSERT INTO `imgs` VALUES (228, 'img/products/Kawasaki_W800.png', 149, 2);
INSERT INTO `imgs` VALUES (229, 'img/products/Honda_CB1100.png', 50, 4);
INSERT INTO `imgs` VALUES (230, 'img/products/Honda_CB1100.png', 100, 4);
INSERT INTO `imgs` VALUES (231, 'img/products/Honda_CB1100.png', 150, 4);

-- ----------------------------
-- Table structure for orderitems
-- ----------------------------
DROP TABLE IF EXISTS `orderitems`;
CREATE TABLE `orderitems`  (
  `id` int(11) NOT NULL AUTO_INCREMENT,
  `quantity` int(11) NULL DEFAULT NULL,
  `orderID` int(11) NULL DEFAULT NULL,
  `productID` int(11) NULL DEFAULT NULL,
  PRIMARY KEY (`id`) USING BTREE,
  INDEX `orderID`(`orderID`) USING BTREE,
  INDEX `productID`(`productID`) USING BTREE,
  CONSTRAINT `orderitems_ibfk_1` FOREIGN KEY (`orderID`) REFERENCES `orders` (`id`) ON DELETE RESTRICT ON UPDATE RESTRICT,
  CONSTRAINT `orderitems_ibfk_2` FOREIGN KEY (`productID`) REFERENCES `products` (`id`) ON DELETE RESTRICT ON UPDATE RESTRICT
) ENGINE = InnoDB AUTO_INCREMENT = 21 CHARACTER SET = utf8mb4 COLLATE = utf8mb4_unicode_ci ROW_FORMAT = Dynamic;

-- ----------------------------
-- Records of orderitems
-- ----------------------------
INSERT INTO `orderitems` VALUES (11, 1, 1, 1);
INSERT INTO `orderitems` VALUES (12, 1, 2, 2);
INSERT INTO `orderitems` VALUES (13, 1, 3, 3);
INSERT INTO `orderitems` VALUES (14, 1, 4, 4);
INSERT INTO `orderitems` VALUES (15, 1, 5, 5);
INSERT INTO `orderitems` VALUES (16, 1, 1, 6);
INSERT INTO `orderitems` VALUES (17, 1, 1, 7);
INSERT INTO `orderitems` VALUES (18, 1, 1, 8);
INSERT INTO `orderitems` VALUES (19, 1, 1, 1);
INSERT INTO `orderitems` VALUES (20, 1, 1, 2);

-- ----------------------------
-- Table structure for orders
-- ----------------------------
DROP TABLE IF EXISTS `orders`;
CREATE TABLE `orders`  (
  `id` int(11) NOT NULL AUTO_INCREMENT,
  `deposit` decimal(13, 3) NULL DEFAULT NULL,
  `remain` decimal(13, 3) NULL DEFAULT NULL,
  `appointment` date NULL DEFAULT NULL,
  `payDate` date NULL DEFAULT NULL,
  `status` varchar(20) CHARACTER SET utf8mb4 COLLATE utf8mb4_unicode_ci NULL DEFAULT NULL,
  `accountID` int(11) NULL DEFAULT NULL,
  `shopID` int(11) NULL DEFAULT NULL,
  PRIMARY KEY (`id`) USING BTREE,
  INDEX `accountID`(`accountID`) USING BTREE,
  INDEX `shopID`(`shopID`) USING BTREE,
  CONSTRAINT `orders_ibfk_1` FOREIGN KEY (`accountID`) REFERENCES `accounts` (`id`) ON DELETE RESTRICT ON UPDATE RESTRICT,
  CONSTRAINT `orders_ibfk_2` FOREIGN KEY (`shopID`) REFERENCES `shops` (`id`) ON DELETE RESTRICT ON UPDATE RESTRICT
) ENGINE = InnoDB AUTO_INCREMENT = 11 CHARACTER SET = utf8mb4 COLLATE = utf8mb4_unicode_ci ROW_FORMAT = Dynamic;

-- ----------------------------
-- Records of orders
-- ----------------------------
INSERT INTO `orders` VALUES (1, 1800000.000, 16200000.000, '2022-12-07', '2022-12-07', 'Đã thanh toán', 1, 1);
INSERT INTO `orders` VALUES (2, 1600000.000, 14400000.000, '2022-12-07', '2022-11-07', 'Đã thanh toán', 1, 2);
INSERT INTO `orders` VALUES (3, 1700000.000, 15300000.000, '2022-08-03', '2022-07-27', 'Đã thanh toán', 2, 3);
INSERT INTO `orders` VALUES (4, 1850000.000, 16650000.000, '2023-12-07', '2023-12-07', 'Đã thanh toán', 3, 4);
INSERT INTO `orders` VALUES (5, 1900000.000, 17100000.000, '2021-12-07', '2021-12-07', 'Đã thanh toán', 4, 5);
INSERT INTO `orders` VALUES (6, 2000000.000, 18000000.000, '2020-12-07', '2020-12-07', 'Đã thanh toán', 5, 1);
INSERT INTO `orders` VALUES (7, 2200000.000, 19800000.000, '2020-12-07', '2020-12-07', 'Đã thanh toán', 6, 2);
INSERT INTO `orders` VALUES (8, 2500000.000, 22500000.000, '2022-12-07', '2022-12-07', 'Đã thanh toán', 7, 3);
INSERT INTO `orders` VALUES (9, 1800000.000, 16200000.000, '2024-12-17', '2024-12-07', 'Đã đặt cọc', 8, 4);
INSERT INTO `orders` VALUES (10, 1600000.000, 14400000.000, '2024-12-17', '2024-12-07', 'Đã đặt cọc', 8, 5);

-- ----------------------------
-- Table structure for productdetails
-- ----------------------------
DROP TABLE IF EXISTS `productdetails`;
CREATE TABLE `productdetails`  (
  `specID` int(11) NULL DEFAULT NULL,
  `featureID` int(11) NULL DEFAULT NULL,
  `colorID` int(11) NULL DEFAULT NULL,
  `productID` int(11) NULL DEFAULT NULL,
  UNIQUE INDEX `specID`(`specID`, `featureID`, `colorID`, `productID`) USING BTREE,
  INDEX `featureID`(`featureID`) USING BTREE,
  INDEX `colorID`(`colorID`) USING BTREE,
  INDEX `productID`(`productID`) USING BTREE,
  CONSTRAINT `productdetails_ibfk_1` FOREIGN KEY (`specID`) REFERENCES `specs` (`id`) ON DELETE RESTRICT ON UPDATE RESTRICT,
  CONSTRAINT `productdetails_ibfk_2` FOREIGN KEY (`featureID`) REFERENCES `features` (`id`) ON DELETE RESTRICT ON UPDATE RESTRICT,
  CONSTRAINT `productdetails_ibfk_3` FOREIGN KEY (`colorID`) REFERENCES `colors` (`id`) ON DELETE RESTRICT ON UPDATE RESTRICT,
  CONSTRAINT `productdetails_ibfk_4` FOREIGN KEY (`productID`) REFERENCES `products` (`id`) ON DELETE RESTRICT ON UPDATE RESTRICT
) ENGINE = InnoDB CHARACTER SET = utf8mb4 COLLATE = utf8mb4_unicode_ci ROW_FORMAT = Dynamic;

-- ----------------------------
-- Records of productdetails
-- ----------------------------
INSERT INTO `productdetails` VALUES (1, 1, 1, 1);
INSERT INTO `productdetails` VALUES (1, 1, 1, 6);
INSERT INTO `productdetails` VALUES (1, 1, 1, 7);
INSERT INTO `productdetails` VALUES (1, 1, 1, 8);
INSERT INTO `productdetails` VALUES (1, 1, 1, 9);
INSERT INTO `productdetails` VALUES (1, 1, 1, 10);
INSERT INTO `productdetails` VALUES (1, 1, 1, 11);
INSERT INTO `productdetails` VALUES (1, 1, 1, 12);
INSERT INTO `productdetails` VALUES (1, 1, 1, 13);
INSERT INTO `productdetails` VALUES (1, 1, 1, 14);
INSERT INTO `productdetails` VALUES (1, 1, 1, 15);
INSERT INTO `productdetails` VALUES (1, 1, 1, 16);
INSERT INTO `productdetails` VALUES (1, 1, 1, 17);
INSERT INTO `productdetails` VALUES (1, 1, 1, 18);
INSERT INTO `productdetails` VALUES (1, 1, 1, 19);
INSERT INTO `productdetails` VALUES (1, 1, 1, 20);
INSERT INTO `productdetails` VALUES (1, 1, 1, 21);
INSERT INTO `productdetails` VALUES (1, 1, 1, 22);
INSERT INTO `productdetails` VALUES (1, 1, 1, 23);
INSERT INTO `productdetails` VALUES (1, 1, 1, 24);
INSERT INTO `productdetails` VALUES (1, 1, 1, 25);
INSERT INTO `productdetails` VALUES (1, 1, 1, 26);
INSERT INTO `productdetails` VALUES (1, 1, 1, 27);
INSERT INTO `productdetails` VALUES (1, 1, 1, 28);
INSERT INTO `productdetails` VALUES (1, 1, 1, 29);
INSERT INTO `productdetails` VALUES (1, 1, 1, 30);
INSERT INTO `productdetails` VALUES (1, 1, 1, 31);
INSERT INTO `productdetails` VALUES (1, 1, 1, 32);
INSERT INTO `productdetails` VALUES (1, 1, 1, 33);
INSERT INTO `productdetails` VALUES (1, 1, 1, 34);
INSERT INTO `productdetails` VALUES (1, 1, 1, 35);
INSERT INTO `productdetails` VALUES (1, 1, 1, 36);
INSERT INTO `productdetails` VALUES (1, 1, 1, 37);
INSERT INTO `productdetails` VALUES (1, 1, 1, 38);
INSERT INTO `productdetails` VALUES (1, 1, 1, 39);
INSERT INTO `productdetails` VALUES (1, 1, 1, 40);
INSERT INTO `productdetails` VALUES (1, 1, 1, 41);
INSERT INTO `productdetails` VALUES (1, 1, 1, 42);
INSERT INTO `productdetails` VALUES (1, 1, 1, 43);
INSERT INTO `productdetails` VALUES (1, 1, 1, 44);
INSERT INTO `productdetails` VALUES (1, 1, 1, 45);
INSERT INTO `productdetails` VALUES (1, 1, 1, 46);
INSERT INTO `productdetails` VALUES (1, 1, 1, 47);
INSERT INTO `productdetails` VALUES (1, 1, 1, 48);
INSERT INTO `productdetails` VALUES (1, 1, 1, 49);
INSERT INTO `productdetails` VALUES (1, 1, 1, 50);
INSERT INTO `productdetails` VALUES (1, 1, 1, 51);
INSERT INTO `productdetails` VALUES (1, 1, 1, 52);
INSERT INTO `productdetails` VALUES (1, 1, 1, 53);
INSERT INTO `productdetails` VALUES (1, 1, 1, 54);
INSERT INTO `productdetails` VALUES (1, 1, 1, 55);
INSERT INTO `productdetails` VALUES (1, 1, 1, 56);
INSERT INTO `productdetails` VALUES (1, 1, 1, 57);
INSERT INTO `productdetails` VALUES (1, 1, 1, 58);
INSERT INTO `productdetails` VALUES (1, 1, 1, 59);
INSERT INTO `productdetails` VALUES (1, 1, 1, 60);
INSERT INTO `productdetails` VALUES (1, 1, 1, 61);
INSERT INTO `productdetails` VALUES (1, 1, 1, 62);
INSERT INTO `productdetails` VALUES (1, 1, 1, 63);
INSERT INTO `productdetails` VALUES (1, 1, 1, 64);
INSERT INTO `productdetails` VALUES (1, 1, 1, 65);
INSERT INTO `productdetails` VALUES (1, 1, 1, 66);
INSERT INTO `productdetails` VALUES (1, 1, 1, 67);
INSERT INTO `productdetails` VALUES (1, 1, 1, 68);
INSERT INTO `productdetails` VALUES (1, 1, 1, 69);
INSERT INTO `productdetails` VALUES (1, 1, 1, 70);
INSERT INTO `productdetails` VALUES (1, 1, 1, 71);
INSERT INTO `productdetails` VALUES (1, 1, 1, 72);
INSERT INTO `productdetails` VALUES (1, 1, 1, 73);
INSERT INTO `productdetails` VALUES (1, 1, 1, 74);
INSERT INTO `productdetails` VALUES (1, 1, 1, 75);
INSERT INTO `productdetails` VALUES (1, 1, 1, 76);
INSERT INTO `productdetails` VALUES (1, 1, 1, 77);
INSERT INTO `productdetails` VALUES (1, 1, 1, 78);
INSERT INTO `productdetails` VALUES (1, 1, 1, 79);
INSERT INTO `productdetails` VALUES (1, 1, 1, 80);
INSERT INTO `productdetails` VALUES (1, 1, 1, 81);
INSERT INTO `productdetails` VALUES (1, 1, 1, 82);
INSERT INTO `productdetails` VALUES (1, 1, 1, 83);
INSERT INTO `productdetails` VALUES (1, 1, 1, 84);
INSERT INTO `productdetails` VALUES (1, 1, 1, 85);
INSERT INTO `productdetails` VALUES (1, 1, 1, 86);
INSERT INTO `productdetails` VALUES (1, 1, 1, 87);
INSERT INTO `productdetails` VALUES (1, 1, 1, 88);
INSERT INTO `productdetails` VALUES (1, 1, 1, 89);
INSERT INTO `productdetails` VALUES (1, 1, 1, 90);
INSERT INTO `productdetails` VALUES (1, 1, 1, 91);
INSERT INTO `productdetails` VALUES (1, 1, 1, 92);
INSERT INTO `productdetails` VALUES (1, 1, 1, 93);
INSERT INTO `productdetails` VALUES (1, 1, 1, 94);
INSERT INTO `productdetails` VALUES (1, 1, 1, 95);
INSERT INTO `productdetails` VALUES (1, 1, 1, 96);
INSERT INTO `productdetails` VALUES (1, 1, 1, 97);
INSERT INTO `productdetails` VALUES (1, 1, 1, 98);
INSERT INTO `productdetails` VALUES (1, 1, 1, 99);
INSERT INTO `productdetails` VALUES (1, 1, 1, 100);
INSERT INTO `productdetails` VALUES (1, 1, 1, 101);
INSERT INTO `productdetails` VALUES (1, 1, 1, 102);
INSERT INTO `productdetails` VALUES (1, 1, 1, 103);
INSERT INTO `productdetails` VALUES (1, 1, 1, 104);
INSERT INTO `productdetails` VALUES (1, 1, 1, 105);
INSERT INTO `productdetails` VALUES (1, 1, 1, 106);
INSERT INTO `productdetails` VALUES (1, 1, 1, 107);
INSERT INTO `productdetails` VALUES (1, 1, 1, 108);
INSERT INTO `productdetails` VALUES (1, 1, 1, 109);
INSERT INTO `productdetails` VALUES (1, 1, 1, 110);
INSERT INTO `productdetails` VALUES (1, 1, 1, 111);
INSERT INTO `productdetails` VALUES (1, 1, 1, 112);
INSERT INTO `productdetails` VALUES (1, 1, 1, 113);
INSERT INTO `productdetails` VALUES (1, 1, 1, 114);
INSERT INTO `productdetails` VALUES (1, 1, 1, 115);
INSERT INTO `productdetails` VALUES (1, 1, 1, 116);
INSERT INTO `productdetails` VALUES (1, 1, 1, 117);
INSERT INTO `productdetails` VALUES (1, 1, 1, 118);
INSERT INTO `productdetails` VALUES (1, 1, 1, 119);
INSERT INTO `productdetails` VALUES (1, 1, 1, 120);
INSERT INTO `productdetails` VALUES (1, 1, 1, 121);
INSERT INTO `productdetails` VALUES (1, 1, 1, 122);
INSERT INTO `productdetails` VALUES (1, 1, 1, 123);
INSERT INTO `productdetails` VALUES (1, 1, 1, 124);
INSERT INTO `productdetails` VALUES (1, 1, 1, 125);
INSERT INTO `productdetails` VALUES (1, 1, 1, 126);
INSERT INTO `productdetails` VALUES (1, 1, 1, 127);
INSERT INTO `productdetails` VALUES (1, 1, 1, 128);
INSERT INTO `productdetails` VALUES (1, 1, 1, 129);
INSERT INTO `productdetails` VALUES (1, 1, 1, 130);
INSERT INTO `productdetails` VALUES (1, 1, 1, 131);
INSERT INTO `productdetails` VALUES (1, 1, 1, 132);
INSERT INTO `productdetails` VALUES (1, 1, 1, 133);
INSERT INTO `productdetails` VALUES (1, 1, 1, 134);
INSERT INTO `productdetails` VALUES (1, 1, 1, 135);
INSERT INTO `productdetails` VALUES (1, 1, 1, 136);
INSERT INTO `productdetails` VALUES (1, 1, 1, 137);
INSERT INTO `productdetails` VALUES (1, 1, 1, 138);
INSERT INTO `productdetails` VALUES (1, 1, 1, 139);
INSERT INTO `productdetails` VALUES (1, 1, 1, 140);
INSERT INTO `productdetails` VALUES (1, 1, 1, 141);
INSERT INTO `productdetails` VALUES (1, 1, 1, 142);
INSERT INTO `productdetails` VALUES (1, 1, 1, 143);
INSERT INTO `productdetails` VALUES (1, 1, 1, 144);
INSERT INTO `productdetails` VALUES (1, 1, 1, 145);
INSERT INTO `productdetails` VALUES (1, 1, 1, 146);
INSERT INTO `productdetails` VALUES (1, 1, 1, 147);
INSERT INTO `productdetails` VALUES (1, 1, 1, 148);
INSERT INTO `productdetails` VALUES (1, 1, 1, 149);
INSERT INTO `productdetails` VALUES (1, 1, 1, 150);
INSERT INTO `productdetails` VALUES (2, 1, 1, 2);
INSERT INTO `productdetails` VALUES (3, 1, 1, 3);
INSERT INTO `productdetails` VALUES (4, 1, 1, 4);
INSERT INTO `productdetails` VALUES (5, 1, 1, 5);
INSERT INTO `productdetails` VALUES (6, 2, 2, 1);
INSERT INTO `productdetails` VALUES (6, 2, 2, 6);
INSERT INTO `productdetails` VALUES (6, 2, 2, 7);
INSERT INTO `productdetails` VALUES (6, 2, 2, 8);
INSERT INTO `productdetails` VALUES (6, 2, 2, 9);
INSERT INTO `productdetails` VALUES (6, 2, 2, 10);
INSERT INTO `productdetails` VALUES (6, 2, 2, 11);
INSERT INTO `productdetails` VALUES (6, 2, 2, 12);
INSERT INTO `productdetails` VALUES (6, 2, 2, 13);
INSERT INTO `productdetails` VALUES (6, 2, 2, 14);
INSERT INTO `productdetails` VALUES (6, 2, 2, 15);
INSERT INTO `productdetails` VALUES (6, 2, 2, 16);
INSERT INTO `productdetails` VALUES (6, 2, 2, 17);
INSERT INTO `productdetails` VALUES (6, 2, 2, 18);
INSERT INTO `productdetails` VALUES (6, 2, 2, 19);
INSERT INTO `productdetails` VALUES (6, 2, 2, 20);
INSERT INTO `productdetails` VALUES (6, 2, 2, 21);
INSERT INTO `productdetails` VALUES (6, 2, 2, 22);
INSERT INTO `productdetails` VALUES (6, 2, 2, 23);
INSERT INTO `productdetails` VALUES (6, 2, 2, 24);
INSERT INTO `productdetails` VALUES (6, 2, 2, 25);
INSERT INTO `productdetails` VALUES (6, 2, 2, 26);
INSERT INTO `productdetails` VALUES (6, 2, 2, 27);
INSERT INTO `productdetails` VALUES (6, 2, 2, 28);
INSERT INTO `productdetails` VALUES (6, 2, 2, 29);
INSERT INTO `productdetails` VALUES (6, 2, 2, 30);
INSERT INTO `productdetails` VALUES (6, 2, 2, 31);
INSERT INTO `productdetails` VALUES (6, 2, 2, 32);
INSERT INTO `productdetails` VALUES (6, 2, 2, 33);
INSERT INTO `productdetails` VALUES (6, 2, 2, 34);
INSERT INTO `productdetails` VALUES (6, 2, 2, 35);
INSERT INTO `productdetails` VALUES (6, 2, 2, 36);
INSERT INTO `productdetails` VALUES (6, 2, 2, 37);
INSERT INTO `productdetails` VALUES (6, 2, 2, 38);
INSERT INTO `productdetails` VALUES (6, 2, 2, 39);
INSERT INTO `productdetails` VALUES (6, 2, 2, 40);
INSERT INTO `productdetails` VALUES (6, 2, 2, 41);
INSERT INTO `productdetails` VALUES (6, 2, 2, 42);
INSERT INTO `productdetails` VALUES (6, 2, 2, 43);
INSERT INTO `productdetails` VALUES (6, 2, 2, 44);
INSERT INTO `productdetails` VALUES (6, 2, 2, 45);
INSERT INTO `productdetails` VALUES (6, 2, 2, 46);
INSERT INTO `productdetails` VALUES (6, 2, 2, 47);
INSERT INTO `productdetails` VALUES (6, 2, 2, 48);
INSERT INTO `productdetails` VALUES (6, 2, 2, 49);
INSERT INTO `productdetails` VALUES (6, 2, 2, 50);
INSERT INTO `productdetails` VALUES (6, 2, 2, 51);
INSERT INTO `productdetails` VALUES (6, 2, 2, 52);
INSERT INTO `productdetails` VALUES (6, 2, 2, 53);
INSERT INTO `productdetails` VALUES (6, 2, 2, 54);
INSERT INTO `productdetails` VALUES (6, 2, 2, 55);
INSERT INTO `productdetails` VALUES (6, 2, 2, 56);
INSERT INTO `productdetails` VALUES (6, 2, 2, 57);
INSERT INTO `productdetails` VALUES (6, 2, 2, 58);
INSERT INTO `productdetails` VALUES (6, 2, 2, 59);
INSERT INTO `productdetails` VALUES (6, 2, 2, 60);
INSERT INTO `productdetails` VALUES (6, 2, 2, 61);
INSERT INTO `productdetails` VALUES (6, 2, 2, 62);
INSERT INTO `productdetails` VALUES (6, 2, 2, 63);
INSERT INTO `productdetails` VALUES (6, 2, 2, 64);
INSERT INTO `productdetails` VALUES (6, 2, 2, 65);
INSERT INTO `productdetails` VALUES (6, 2, 2, 66);
INSERT INTO `productdetails` VALUES (6, 2, 2, 67);
INSERT INTO `productdetails` VALUES (6, 2, 2, 68);
INSERT INTO `productdetails` VALUES (6, 2, 2, 69);
INSERT INTO `productdetails` VALUES (6, 2, 2, 70);
INSERT INTO `productdetails` VALUES (6, 2, 2, 71);
INSERT INTO `productdetails` VALUES (6, 2, 2, 72);
INSERT INTO `productdetails` VALUES (6, 2, 2, 73);
INSERT INTO `productdetails` VALUES (6, 2, 2, 74);
INSERT INTO `productdetails` VALUES (6, 2, 2, 75);
INSERT INTO `productdetails` VALUES (6, 2, 2, 76);
INSERT INTO `productdetails` VALUES (6, 2, 2, 77);
INSERT INTO `productdetails` VALUES (6, 2, 2, 78);
INSERT INTO `productdetails` VALUES (6, 2, 2, 79);
INSERT INTO `productdetails` VALUES (6, 2, 2, 80);
INSERT INTO `productdetails` VALUES (6, 2, 2, 81);
INSERT INTO `productdetails` VALUES (6, 2, 2, 82);
INSERT INTO `productdetails` VALUES (6, 2, 2, 83);
INSERT INTO `productdetails` VALUES (6, 2, 2, 84);
INSERT INTO `productdetails` VALUES (6, 2, 2, 85);
INSERT INTO `productdetails` VALUES (6, 2, 2, 86);
INSERT INTO `productdetails` VALUES (6, 2, 2, 87);
INSERT INTO `productdetails` VALUES (6, 2, 2, 88);
INSERT INTO `productdetails` VALUES (6, 2, 2, 89);
INSERT INTO `productdetails` VALUES (6, 2, 2, 90);
INSERT INTO `productdetails` VALUES (6, 2, 2, 91);
INSERT INTO `productdetails` VALUES (6, 2, 2, 92);
INSERT INTO `productdetails` VALUES (6, 2, 2, 93);
INSERT INTO `productdetails` VALUES (6, 2, 2, 94);
INSERT INTO `productdetails` VALUES (6, 2, 2, 95);
INSERT INTO `productdetails` VALUES (6, 2, 2, 96);
INSERT INTO `productdetails` VALUES (6, 2, 2, 97);
INSERT INTO `productdetails` VALUES (6, 2, 2, 98);
INSERT INTO `productdetails` VALUES (6, 2, 2, 99);
INSERT INTO `productdetails` VALUES (6, 2, 2, 100);
INSERT INTO `productdetails` VALUES (6, 2, 2, 101);
INSERT INTO `productdetails` VALUES (6, 2, 2, 102);
INSERT INTO `productdetails` VALUES (6, 2, 2, 103);
INSERT INTO `productdetails` VALUES (6, 2, 2, 104);
INSERT INTO `productdetails` VALUES (6, 2, 2, 105);
INSERT INTO `productdetails` VALUES (6, 2, 2, 106);
INSERT INTO `productdetails` VALUES (6, 2, 2, 107);
INSERT INTO `productdetails` VALUES (6, 2, 2, 108);
INSERT INTO `productdetails` VALUES (6, 2, 2, 109);
INSERT INTO `productdetails` VALUES (6, 2, 2, 110);
INSERT INTO `productdetails` VALUES (6, 2, 2, 111);
INSERT INTO `productdetails` VALUES (6, 2, 2, 112);
INSERT INTO `productdetails` VALUES (6, 2, 2, 113);
INSERT INTO `productdetails` VALUES (6, 2, 2, 114);
INSERT INTO `productdetails` VALUES (6, 2, 2, 115);
INSERT INTO `productdetails` VALUES (6, 2, 2, 116);
INSERT INTO `productdetails` VALUES (6, 2, 2, 117);
INSERT INTO `productdetails` VALUES (6, 2, 2, 118);
INSERT INTO `productdetails` VALUES (6, 2, 2, 119);
INSERT INTO `productdetails` VALUES (6, 2, 2, 120);
INSERT INTO `productdetails` VALUES (6, 2, 2, 121);
INSERT INTO `productdetails` VALUES (6, 2, 2, 122);
INSERT INTO `productdetails` VALUES (6, 2, 2, 123);
INSERT INTO `productdetails` VALUES (6, 2, 2, 124);
INSERT INTO `productdetails` VALUES (6, 2, 2, 125);
INSERT INTO `productdetails` VALUES (6, 2, 2, 126);
INSERT INTO `productdetails` VALUES (6, 2, 2, 127);
INSERT INTO `productdetails` VALUES (6, 2, 2, 128);
INSERT INTO `productdetails` VALUES (6, 2, 2, 129);
INSERT INTO `productdetails` VALUES (6, 2, 2, 130);
INSERT INTO `productdetails` VALUES (6, 2, 2, 131);
INSERT INTO `productdetails` VALUES (6, 2, 2, 132);
INSERT INTO `productdetails` VALUES (6, 2, 2, 133);
INSERT INTO `productdetails` VALUES (6, 2, 2, 134);
INSERT INTO `productdetails` VALUES (6, 2, 2, 135);
INSERT INTO `productdetails` VALUES (6, 2, 2, 136);
INSERT INTO `productdetails` VALUES (6, 2, 2, 137);
INSERT INTO `productdetails` VALUES (6, 2, 2, 138);
INSERT INTO `productdetails` VALUES (6, 2, 2, 139);
INSERT INTO `productdetails` VALUES (6, 2, 2, 140);
INSERT INTO `productdetails` VALUES (6, 2, 2, 141);
INSERT INTO `productdetails` VALUES (6, 2, 2, 142);
INSERT INTO `productdetails` VALUES (6, 2, 2, 143);
INSERT INTO `productdetails` VALUES (6, 2, 2, 144);
INSERT INTO `productdetails` VALUES (6, 2, 2, 145);
INSERT INTO `productdetails` VALUES (6, 2, 2, 146);
INSERT INTO `productdetails` VALUES (6, 2, 2, 147);
INSERT INTO `productdetails` VALUES (6, 2, 2, 148);
INSERT INTO `productdetails` VALUES (6, 2, 2, 149);
INSERT INTO `productdetails` VALUES (6, 2, 2, 150);
INSERT INTO `productdetails` VALUES (7, 2, 2, 2);
INSERT INTO `productdetails` VALUES (8, 2, 2, 3);
INSERT INTO `productdetails` VALUES (9, 2, 2, 4);
INSERT INTO `productdetails` VALUES (10, 2, 2, 5);
INSERT INTO `productdetails` VALUES (11, 3, NULL, 1);
INSERT INTO `productdetails` VALUES (11, 3, NULL, 6);
INSERT INTO `productdetails` VALUES (11, 3, NULL, 7);
INSERT INTO `productdetails` VALUES (11, 3, NULL, 8);
INSERT INTO `productdetails` VALUES (11, 3, NULL, 9);
INSERT INTO `productdetails` VALUES (11, 3, NULL, 10);
INSERT INTO `productdetails` VALUES (11, 3, NULL, 11);
INSERT INTO `productdetails` VALUES (11, 3, NULL, 12);
INSERT INTO `productdetails` VALUES (11, 3, NULL, 13);
INSERT INTO `productdetails` VALUES (11, 3, NULL, 14);
INSERT INTO `productdetails` VALUES (11, 3, NULL, 15);
INSERT INTO `productdetails` VALUES (11, 3, NULL, 16);
INSERT INTO `productdetails` VALUES (11, 3, NULL, 17);
INSERT INTO `productdetails` VALUES (11, 3, NULL, 18);
INSERT INTO `productdetails` VALUES (11, 3, NULL, 19);
INSERT INTO `productdetails` VALUES (11, 3, NULL, 20);
INSERT INTO `productdetails` VALUES (11, 3, NULL, 21);
INSERT INTO `productdetails` VALUES (11, 3, NULL, 22);
INSERT INTO `productdetails` VALUES (11, 3, NULL, 23);
INSERT INTO `productdetails` VALUES (11, 3, NULL, 24);
INSERT INTO `productdetails` VALUES (11, 3, NULL, 25);
INSERT INTO `productdetails` VALUES (11, 3, NULL, 26);
INSERT INTO `productdetails` VALUES (11, 3, NULL, 27);
INSERT INTO `productdetails` VALUES (11, 3, NULL, 28);
INSERT INTO `productdetails` VALUES (11, 3, NULL, 29);
INSERT INTO `productdetails` VALUES (11, 3, NULL, 30);
INSERT INTO `productdetails` VALUES (11, 3, NULL, 31);
INSERT INTO `productdetails` VALUES (11, 3, NULL, 32);
INSERT INTO `productdetails` VALUES (11, 3, NULL, 33);
INSERT INTO `productdetails` VALUES (11, 3, NULL, 34);
INSERT INTO `productdetails` VALUES (11, 3, NULL, 35);
INSERT INTO `productdetails` VALUES (11, 3, NULL, 36);
INSERT INTO `productdetails` VALUES (11, 3, NULL, 37);
INSERT INTO `productdetails` VALUES (11, 3, NULL, 38);
INSERT INTO `productdetails` VALUES (11, 3, NULL, 39);
INSERT INTO `productdetails` VALUES (11, 3, NULL, 40);
INSERT INTO `productdetails` VALUES (11, 3, NULL, 41);
INSERT INTO `productdetails` VALUES (11, 3, NULL, 42);
INSERT INTO `productdetails` VALUES (11, 3, NULL, 43);
INSERT INTO `productdetails` VALUES (11, 3, NULL, 44);
INSERT INTO `productdetails` VALUES (11, 3, NULL, 45);
INSERT INTO `productdetails` VALUES (11, 3, NULL, 46);
INSERT INTO `productdetails` VALUES (11, 3, NULL, 47);
INSERT INTO `productdetails` VALUES (11, 3, NULL, 48);
INSERT INTO `productdetails` VALUES (11, 3, NULL, 49);
INSERT INTO `productdetails` VALUES (11, 3, NULL, 50);
INSERT INTO `productdetails` VALUES (11, 3, NULL, 51);
INSERT INTO `productdetails` VALUES (11, 3, NULL, 52);
INSERT INTO `productdetails` VALUES (11, 3, NULL, 53);
INSERT INTO `productdetails` VALUES (11, 3, NULL, 54);
INSERT INTO `productdetails` VALUES (11, 3, NULL, 55);
INSERT INTO `productdetails` VALUES (11, 3, NULL, 56);
INSERT INTO `productdetails` VALUES (11, 3, NULL, 57);
INSERT INTO `productdetails` VALUES (11, 3, NULL, 58);
INSERT INTO `productdetails` VALUES (11, 3, NULL, 59);
INSERT INTO `productdetails` VALUES (11, 3, NULL, 60);
INSERT INTO `productdetails` VALUES (11, 3, NULL, 61);
INSERT INTO `productdetails` VALUES (11, 3, NULL, 62);
INSERT INTO `productdetails` VALUES (11, 3, NULL, 63);
INSERT INTO `productdetails` VALUES (11, 3, NULL, 64);
INSERT INTO `productdetails` VALUES (11, 3, NULL, 65);
INSERT INTO `productdetails` VALUES (11, 3, NULL, 66);
INSERT INTO `productdetails` VALUES (11, 3, NULL, 67);
INSERT INTO `productdetails` VALUES (11, 3, NULL, 68);
INSERT INTO `productdetails` VALUES (11, 3, NULL, 69);
INSERT INTO `productdetails` VALUES (11, 3, NULL, 70);
INSERT INTO `productdetails` VALUES (11, 3, NULL, 71);
INSERT INTO `productdetails` VALUES (11, 3, NULL, 72);
INSERT INTO `productdetails` VALUES (11, 3, NULL, 73);
INSERT INTO `productdetails` VALUES (11, 3, NULL, 74);
INSERT INTO `productdetails` VALUES (11, 3, NULL, 75);
INSERT INTO `productdetails` VALUES (11, 3, NULL, 76);
INSERT INTO `productdetails` VALUES (11, 3, NULL, 77);
INSERT INTO `productdetails` VALUES (11, 3, NULL, 78);
INSERT INTO `productdetails` VALUES (11, 3, NULL, 79);
INSERT INTO `productdetails` VALUES (11, 3, NULL, 80);
INSERT INTO `productdetails` VALUES (11, 3, NULL, 81);
INSERT INTO `productdetails` VALUES (11, 3, NULL, 82);
INSERT INTO `productdetails` VALUES (11, 3, NULL, 83);
INSERT INTO `productdetails` VALUES (11, 3, NULL, 84);
INSERT INTO `productdetails` VALUES (11, 3, NULL, 85);
INSERT INTO `productdetails` VALUES (11, 3, NULL, 86);
INSERT INTO `productdetails` VALUES (11, 3, NULL, 87);
INSERT INTO `productdetails` VALUES (11, 3, NULL, 88);
INSERT INTO `productdetails` VALUES (11, 3, NULL, 89);
INSERT INTO `productdetails` VALUES (11, 3, NULL, 90);
INSERT INTO `productdetails` VALUES (11, 3, NULL, 91);
INSERT INTO `productdetails` VALUES (11, 3, NULL, 92);
INSERT INTO `productdetails` VALUES (11, 3, NULL, 93);
INSERT INTO `productdetails` VALUES (11, 3, NULL, 94);
INSERT INTO `productdetails` VALUES (11, 3, NULL, 95);
INSERT INTO `productdetails` VALUES (11, 3, NULL, 96);
INSERT INTO `productdetails` VALUES (11, 3, NULL, 97);
INSERT INTO `productdetails` VALUES (11, 3, NULL, 98);
INSERT INTO `productdetails` VALUES (11, 3, NULL, 99);
INSERT INTO `productdetails` VALUES (11, 3, NULL, 100);
INSERT INTO `productdetails` VALUES (11, 3, NULL, 101);
INSERT INTO `productdetails` VALUES (11, 3, NULL, 102);
INSERT INTO `productdetails` VALUES (11, 3, NULL, 103);
INSERT INTO `productdetails` VALUES (11, 3, NULL, 104);
INSERT INTO `productdetails` VALUES (11, 3, NULL, 105);
INSERT INTO `productdetails` VALUES (11, 3, NULL, 106);
INSERT INTO `productdetails` VALUES (11, 3, NULL, 107);
INSERT INTO `productdetails` VALUES (11, 3, NULL, 108);
INSERT INTO `productdetails` VALUES (11, 3, NULL, 109);
INSERT INTO `productdetails` VALUES (11, 3, NULL, 110);
INSERT INTO `productdetails` VALUES (11, 3, NULL, 111);
INSERT INTO `productdetails` VALUES (11, 3, NULL, 112);
INSERT INTO `productdetails` VALUES (11, 3, NULL, 113);
INSERT INTO `productdetails` VALUES (11, 3, NULL, 114);
INSERT INTO `productdetails` VALUES (11, 3, NULL, 115);
INSERT INTO `productdetails` VALUES (11, 3, NULL, 116);
INSERT INTO `productdetails` VALUES (11, 3, NULL, 117);
INSERT INTO `productdetails` VALUES (11, 3, NULL, 118);
INSERT INTO `productdetails` VALUES (11, 3, NULL, 119);
INSERT INTO `productdetails` VALUES (11, 3, NULL, 120);
INSERT INTO `productdetails` VALUES (11, 3, NULL, 121);
INSERT INTO `productdetails` VALUES (11, 3, NULL, 122);
INSERT INTO `productdetails` VALUES (11, 3, NULL, 123);
INSERT INTO `productdetails` VALUES (11, 3, NULL, 124);
INSERT INTO `productdetails` VALUES (11, 3, NULL, 125);
INSERT INTO `productdetails` VALUES (11, 3, NULL, 126);
INSERT INTO `productdetails` VALUES (11, 3, NULL, 127);
INSERT INTO `productdetails` VALUES (11, 3, NULL, 128);
INSERT INTO `productdetails` VALUES (11, 3, NULL, 129);
INSERT INTO `productdetails` VALUES (11, 3, NULL, 130);
INSERT INTO `productdetails` VALUES (11, 3, NULL, 131);
INSERT INTO `productdetails` VALUES (11, 3, NULL, 132);
INSERT INTO `productdetails` VALUES (11, 3, NULL, 133);
INSERT INTO `productdetails` VALUES (11, 3, NULL, 134);
INSERT INTO `productdetails` VALUES (11, 3, NULL, 135);
INSERT INTO `productdetails` VALUES (11, 3, NULL, 136);
INSERT INTO `productdetails` VALUES (11, 3, NULL, 137);
INSERT INTO `productdetails` VALUES (11, 3, NULL, 138);
INSERT INTO `productdetails` VALUES (11, 3, NULL, 139);
INSERT INTO `productdetails` VALUES (11, 3, NULL, 140);
INSERT INTO `productdetails` VALUES (11, 3, NULL, 141);
INSERT INTO `productdetails` VALUES (11, 3, NULL, 142);
INSERT INTO `productdetails` VALUES (11, 3, NULL, 143);
INSERT INTO `productdetails` VALUES (11, 3, NULL, 144);
INSERT INTO `productdetails` VALUES (11, 3, NULL, 145);
INSERT INTO `productdetails` VALUES (11, 3, NULL, 146);
INSERT INTO `productdetails` VALUES (11, 3, NULL, 147);
INSERT INTO `productdetails` VALUES (11, 3, NULL, 148);
INSERT INTO `productdetails` VALUES (11, 3, NULL, 149);
INSERT INTO `productdetails` VALUES (11, 3, NULL, 150);
INSERT INTO `productdetails` VALUES (12, 3, NULL, 2);
INSERT INTO `productdetails` VALUES (13, 3, NULL, 3);
INSERT INTO `productdetails` VALUES (14, 3, NULL, 4);
INSERT INTO `productdetails` VALUES (15, 3, NULL, 5);
INSERT INTO `productdetails` VALUES (16, NULL, NULL, 1);
INSERT INTO `productdetails` VALUES (16, NULL, NULL, 6);
INSERT INTO `productdetails` VALUES (16, NULL, NULL, 7);
INSERT INTO `productdetails` VALUES (16, NULL, NULL, 8);
INSERT INTO `productdetails` VALUES (16, NULL, NULL, 9);
INSERT INTO `productdetails` VALUES (16, NULL, NULL, 10);
INSERT INTO `productdetails` VALUES (16, NULL, NULL, 11);
INSERT INTO `productdetails` VALUES (16, NULL, NULL, 12);
INSERT INTO `productdetails` VALUES (16, NULL, NULL, 13);
INSERT INTO `productdetails` VALUES (16, NULL, NULL, 14);
INSERT INTO `productdetails` VALUES (16, NULL, NULL, 15);
INSERT INTO `productdetails` VALUES (16, NULL, NULL, 16);
INSERT INTO `productdetails` VALUES (16, NULL, NULL, 17);
INSERT INTO `productdetails` VALUES (16, NULL, NULL, 18);
INSERT INTO `productdetails` VALUES (16, NULL, NULL, 19);
INSERT INTO `productdetails` VALUES (16, NULL, NULL, 20);
INSERT INTO `productdetails` VALUES (16, NULL, NULL, 21);
INSERT INTO `productdetails` VALUES (16, NULL, NULL, 22);
INSERT INTO `productdetails` VALUES (16, NULL, NULL, 23);
INSERT INTO `productdetails` VALUES (16, NULL, NULL, 24);
INSERT INTO `productdetails` VALUES (16, NULL, NULL, 25);
INSERT INTO `productdetails` VALUES (16, NULL, NULL, 26);
INSERT INTO `productdetails` VALUES (16, NULL, NULL, 27);
INSERT INTO `productdetails` VALUES (16, NULL, NULL, 28);
INSERT INTO `productdetails` VALUES (16, NULL, NULL, 29);
INSERT INTO `productdetails` VALUES (16, NULL, NULL, 30);
INSERT INTO `productdetails` VALUES (16, NULL, NULL, 31);
INSERT INTO `productdetails` VALUES (16, NULL, NULL, 32);
INSERT INTO `productdetails` VALUES (16, NULL, NULL, 33);
INSERT INTO `productdetails` VALUES (16, NULL, NULL, 34);
INSERT INTO `productdetails` VALUES (16, NULL, NULL, 35);
INSERT INTO `productdetails` VALUES (16, NULL, NULL, 36);
INSERT INTO `productdetails` VALUES (16, NULL, NULL, 37);
INSERT INTO `productdetails` VALUES (16, NULL, NULL, 38);
INSERT INTO `productdetails` VALUES (16, NULL, NULL, 39);
INSERT INTO `productdetails` VALUES (16, NULL, NULL, 40);
INSERT INTO `productdetails` VALUES (16, NULL, NULL, 41);
INSERT INTO `productdetails` VALUES (16, NULL, NULL, 42);
INSERT INTO `productdetails` VALUES (16, NULL, NULL, 43);
INSERT INTO `productdetails` VALUES (16, NULL, NULL, 44);
INSERT INTO `productdetails` VALUES (16, NULL, NULL, 45);
INSERT INTO `productdetails` VALUES (16, NULL, NULL, 46);
INSERT INTO `productdetails` VALUES (16, NULL, NULL, 47);
INSERT INTO `productdetails` VALUES (16, NULL, NULL, 48);
INSERT INTO `productdetails` VALUES (16, NULL, NULL, 49);
INSERT INTO `productdetails` VALUES (16, NULL, NULL, 50);
INSERT INTO `productdetails` VALUES (16, NULL, NULL, 51);
INSERT INTO `productdetails` VALUES (16, NULL, NULL, 52);
INSERT INTO `productdetails` VALUES (16, NULL, NULL, 53);
INSERT INTO `productdetails` VALUES (16, NULL, NULL, 54);
INSERT INTO `productdetails` VALUES (16, NULL, NULL, 55);
INSERT INTO `productdetails` VALUES (16, NULL, NULL, 56);
INSERT INTO `productdetails` VALUES (16, NULL, NULL, 57);
INSERT INTO `productdetails` VALUES (16, NULL, NULL, 58);
INSERT INTO `productdetails` VALUES (16, NULL, NULL, 59);
INSERT INTO `productdetails` VALUES (16, NULL, NULL, 60);
INSERT INTO `productdetails` VALUES (16, NULL, NULL, 61);
INSERT INTO `productdetails` VALUES (16, NULL, NULL, 62);
INSERT INTO `productdetails` VALUES (16, NULL, NULL, 63);
INSERT INTO `productdetails` VALUES (16, NULL, NULL, 64);
INSERT INTO `productdetails` VALUES (16, NULL, NULL, 65);
INSERT INTO `productdetails` VALUES (16, NULL, NULL, 66);
INSERT INTO `productdetails` VALUES (16, NULL, NULL, 67);
INSERT INTO `productdetails` VALUES (16, NULL, NULL, 68);
INSERT INTO `productdetails` VALUES (16, NULL, NULL, 69);
INSERT INTO `productdetails` VALUES (16, NULL, NULL, 70);
INSERT INTO `productdetails` VALUES (16, NULL, NULL, 71);
INSERT INTO `productdetails` VALUES (16, NULL, NULL, 72);
INSERT INTO `productdetails` VALUES (16, NULL, NULL, 73);
INSERT INTO `productdetails` VALUES (16, NULL, NULL, 74);
INSERT INTO `productdetails` VALUES (16, NULL, NULL, 75);
INSERT INTO `productdetails` VALUES (16, NULL, NULL, 76);
INSERT INTO `productdetails` VALUES (16, NULL, NULL, 77);
INSERT INTO `productdetails` VALUES (16, NULL, NULL, 78);
INSERT INTO `productdetails` VALUES (16, NULL, NULL, 79);
INSERT INTO `productdetails` VALUES (16, NULL, NULL, 80);
INSERT INTO `productdetails` VALUES (16, NULL, NULL, 81);
INSERT INTO `productdetails` VALUES (16, NULL, NULL, 82);
INSERT INTO `productdetails` VALUES (16, NULL, NULL, 83);
INSERT INTO `productdetails` VALUES (16, NULL, NULL, 84);
INSERT INTO `productdetails` VALUES (16, NULL, NULL, 85);
INSERT INTO `productdetails` VALUES (16, NULL, NULL, 86);
INSERT INTO `productdetails` VALUES (16, NULL, NULL, 87);
INSERT INTO `productdetails` VALUES (16, NULL, NULL, 88);
INSERT INTO `productdetails` VALUES (16, NULL, NULL, 89);
INSERT INTO `productdetails` VALUES (16, NULL, NULL, 90);
INSERT INTO `productdetails` VALUES (16, NULL, NULL, 91);
INSERT INTO `productdetails` VALUES (16, NULL, NULL, 92);
INSERT INTO `productdetails` VALUES (16, NULL, NULL, 93);
INSERT INTO `productdetails` VALUES (16, NULL, NULL, 94);
INSERT INTO `productdetails` VALUES (16, NULL, NULL, 95);
INSERT INTO `productdetails` VALUES (16, NULL, NULL, 96);
INSERT INTO `productdetails` VALUES (16, NULL, NULL, 97);
INSERT INTO `productdetails` VALUES (16, NULL, NULL, 98);
INSERT INTO `productdetails` VALUES (16, NULL, NULL, 99);
INSERT INTO `productdetails` VALUES (16, NULL, NULL, 100);
INSERT INTO `productdetails` VALUES (16, NULL, NULL, 101);
INSERT INTO `productdetails` VALUES (16, NULL, NULL, 102);
INSERT INTO `productdetails` VALUES (16, NULL, NULL, 103);
INSERT INTO `productdetails` VALUES (16, NULL, NULL, 104);
INSERT INTO `productdetails` VALUES (16, NULL, NULL, 105);
INSERT INTO `productdetails` VALUES (16, NULL, NULL, 106);
INSERT INTO `productdetails` VALUES (16, NULL, NULL, 107);
INSERT INTO `productdetails` VALUES (16, NULL, NULL, 108);
INSERT INTO `productdetails` VALUES (16, NULL, NULL, 109);
INSERT INTO `productdetails` VALUES (16, NULL, NULL, 110);
INSERT INTO `productdetails` VALUES (16, NULL, NULL, 111);
INSERT INTO `productdetails` VALUES (16, NULL, NULL, 112);
INSERT INTO `productdetails` VALUES (16, NULL, NULL, 113);
INSERT INTO `productdetails` VALUES (16, NULL, NULL, 114);
INSERT INTO `productdetails` VALUES (16, NULL, NULL, 115);
INSERT INTO `productdetails` VALUES (16, NULL, NULL, 116);
INSERT INTO `productdetails` VALUES (16, NULL, NULL, 117);
INSERT INTO `productdetails` VALUES (16, NULL, NULL, 118);
INSERT INTO `productdetails` VALUES (16, NULL, NULL, 119);
INSERT INTO `productdetails` VALUES (16, NULL, NULL, 120);
INSERT INTO `productdetails` VALUES (16, NULL, NULL, 121);
INSERT INTO `productdetails` VALUES (16, NULL, NULL, 122);
INSERT INTO `productdetails` VALUES (16, NULL, NULL, 123);
INSERT INTO `productdetails` VALUES (16, NULL, NULL, 124);
INSERT INTO `productdetails` VALUES (16, NULL, NULL, 125);
INSERT INTO `productdetails` VALUES (16, NULL, NULL, 126);
INSERT INTO `productdetails` VALUES (16, NULL, NULL, 127);
INSERT INTO `productdetails` VALUES (16, NULL, NULL, 128);
INSERT INTO `productdetails` VALUES (16, NULL, NULL, 129);
INSERT INTO `productdetails` VALUES (16, NULL, NULL, 130);
INSERT INTO `productdetails` VALUES (16, NULL, NULL, 131);
INSERT INTO `productdetails` VALUES (16, NULL, NULL, 132);
INSERT INTO `productdetails` VALUES (16, NULL, NULL, 133);
INSERT INTO `productdetails` VALUES (16, NULL, NULL, 134);
INSERT INTO `productdetails` VALUES (16, NULL, NULL, 135);
INSERT INTO `productdetails` VALUES (16, NULL, NULL, 136);
INSERT INTO `productdetails` VALUES (16, NULL, NULL, 137);
INSERT INTO `productdetails` VALUES (16, NULL, NULL, 138);
INSERT INTO `productdetails` VALUES (16, NULL, NULL, 139);
INSERT INTO `productdetails` VALUES (16, NULL, NULL, 140);
INSERT INTO `productdetails` VALUES (16, NULL, NULL, 141);
INSERT INTO `productdetails` VALUES (16, NULL, NULL, 142);
INSERT INTO `productdetails` VALUES (16, NULL, NULL, 143);
INSERT INTO `productdetails` VALUES (16, NULL, NULL, 144);
INSERT INTO `productdetails` VALUES (16, NULL, NULL, 145);
INSERT INTO `productdetails` VALUES (16, NULL, NULL, 146);
INSERT INTO `productdetails` VALUES (16, NULL, NULL, 147);
INSERT INTO `productdetails` VALUES (16, NULL, NULL, 148);
INSERT INTO `productdetails` VALUES (16, NULL, NULL, 149);
INSERT INTO `productdetails` VALUES (16, NULL, NULL, 150);
INSERT INTO `productdetails` VALUES (17, NULL, NULL, 2);
INSERT INTO `productdetails` VALUES (18, NULL, NULL, 3);
INSERT INTO `productdetails` VALUES (19, NULL, NULL, 4);
INSERT INTO `productdetails` VALUES (20, NULL, NULL, 5);
INSERT INTO `productdetails` VALUES (21, NULL, NULL, 1);
INSERT INTO `productdetails` VALUES (21, NULL, NULL, 6);
INSERT INTO `productdetails` VALUES (21, NULL, NULL, 7);
INSERT INTO `productdetails` VALUES (21, NULL, NULL, 8);
INSERT INTO `productdetails` VALUES (21, NULL, NULL, 9);
INSERT INTO `productdetails` VALUES (21, NULL, NULL, 10);
INSERT INTO `productdetails` VALUES (21, NULL, NULL, 11);
INSERT INTO `productdetails` VALUES (21, NULL, NULL, 12);
INSERT INTO `productdetails` VALUES (21, NULL, NULL, 13);
INSERT INTO `productdetails` VALUES (21, NULL, NULL, 14);
INSERT INTO `productdetails` VALUES (21, NULL, NULL, 15);
INSERT INTO `productdetails` VALUES (21, NULL, NULL, 16);
INSERT INTO `productdetails` VALUES (21, NULL, NULL, 17);
INSERT INTO `productdetails` VALUES (21, NULL, NULL, 18);
INSERT INTO `productdetails` VALUES (21, NULL, NULL, 19);
INSERT INTO `productdetails` VALUES (21, NULL, NULL, 20);
INSERT INTO `productdetails` VALUES (21, NULL, NULL, 21);
INSERT INTO `productdetails` VALUES (21, NULL, NULL, 22);
INSERT INTO `productdetails` VALUES (21, NULL, NULL, 23);
INSERT INTO `productdetails` VALUES (21, NULL, NULL, 24);
INSERT INTO `productdetails` VALUES (21, NULL, NULL, 25);
INSERT INTO `productdetails` VALUES (21, NULL, NULL, 26);
INSERT INTO `productdetails` VALUES (21, NULL, NULL, 27);
INSERT INTO `productdetails` VALUES (21, NULL, NULL, 28);
INSERT INTO `productdetails` VALUES (21, NULL, NULL, 29);
INSERT INTO `productdetails` VALUES (21, NULL, NULL, 30);
INSERT INTO `productdetails` VALUES (21, NULL, NULL, 31);
INSERT INTO `productdetails` VALUES (21, NULL, NULL, 32);
INSERT INTO `productdetails` VALUES (21, NULL, NULL, 33);
INSERT INTO `productdetails` VALUES (21, NULL, NULL, 34);
INSERT INTO `productdetails` VALUES (21, NULL, NULL, 35);
INSERT INTO `productdetails` VALUES (21, NULL, NULL, 36);
INSERT INTO `productdetails` VALUES (21, NULL, NULL, 37);
INSERT INTO `productdetails` VALUES (21, NULL, NULL, 38);
INSERT INTO `productdetails` VALUES (21, NULL, NULL, 39);
INSERT INTO `productdetails` VALUES (21, NULL, NULL, 40);
INSERT INTO `productdetails` VALUES (21, NULL, NULL, 41);
INSERT INTO `productdetails` VALUES (21, NULL, NULL, 42);
INSERT INTO `productdetails` VALUES (21, NULL, NULL, 43);
INSERT INTO `productdetails` VALUES (21, NULL, NULL, 44);
INSERT INTO `productdetails` VALUES (21, NULL, NULL, 45);
INSERT INTO `productdetails` VALUES (21, NULL, NULL, 46);
INSERT INTO `productdetails` VALUES (21, NULL, NULL, 47);
INSERT INTO `productdetails` VALUES (21, NULL, NULL, 48);
INSERT INTO `productdetails` VALUES (21, NULL, NULL, 49);
INSERT INTO `productdetails` VALUES (21, NULL, NULL, 50);
INSERT INTO `productdetails` VALUES (21, NULL, NULL, 51);
INSERT INTO `productdetails` VALUES (21, NULL, NULL, 52);
INSERT INTO `productdetails` VALUES (21, NULL, NULL, 53);
INSERT INTO `productdetails` VALUES (21, NULL, NULL, 54);
INSERT INTO `productdetails` VALUES (21, NULL, NULL, 55);
INSERT INTO `productdetails` VALUES (21, NULL, NULL, 56);
INSERT INTO `productdetails` VALUES (21, NULL, NULL, 57);
INSERT INTO `productdetails` VALUES (21, NULL, NULL, 58);
INSERT INTO `productdetails` VALUES (21, NULL, NULL, 59);
INSERT INTO `productdetails` VALUES (21, NULL, NULL, 60);
INSERT INTO `productdetails` VALUES (21, NULL, NULL, 61);
INSERT INTO `productdetails` VALUES (21, NULL, NULL, 62);
INSERT INTO `productdetails` VALUES (21, NULL, NULL, 63);
INSERT INTO `productdetails` VALUES (21, NULL, NULL, 64);
INSERT INTO `productdetails` VALUES (21, NULL, NULL, 65);
INSERT INTO `productdetails` VALUES (21, NULL, NULL, 66);
INSERT INTO `productdetails` VALUES (21, NULL, NULL, 67);
INSERT INTO `productdetails` VALUES (21, NULL, NULL, 68);
INSERT INTO `productdetails` VALUES (21, NULL, NULL, 69);
INSERT INTO `productdetails` VALUES (21, NULL, NULL, 70);
INSERT INTO `productdetails` VALUES (21, NULL, NULL, 71);
INSERT INTO `productdetails` VALUES (21, NULL, NULL, 72);
INSERT INTO `productdetails` VALUES (21, NULL, NULL, 73);
INSERT INTO `productdetails` VALUES (21, NULL, NULL, 74);
INSERT INTO `productdetails` VALUES (21, NULL, NULL, 75);
INSERT INTO `productdetails` VALUES (21, NULL, NULL, 76);
INSERT INTO `productdetails` VALUES (21, NULL, NULL, 77);
INSERT INTO `productdetails` VALUES (21, NULL, NULL, 78);
INSERT INTO `productdetails` VALUES (21, NULL, NULL, 79);
INSERT INTO `productdetails` VALUES (21, NULL, NULL, 80);
INSERT INTO `productdetails` VALUES (21, NULL, NULL, 81);
INSERT INTO `productdetails` VALUES (21, NULL, NULL, 82);
INSERT INTO `productdetails` VALUES (21, NULL, NULL, 83);
INSERT INTO `productdetails` VALUES (21, NULL, NULL, 84);
INSERT INTO `productdetails` VALUES (21, NULL, NULL, 85);
INSERT INTO `productdetails` VALUES (21, NULL, NULL, 86);
INSERT INTO `productdetails` VALUES (21, NULL, NULL, 87);
INSERT INTO `productdetails` VALUES (21, NULL, NULL, 88);
INSERT INTO `productdetails` VALUES (21, NULL, NULL, 89);
INSERT INTO `productdetails` VALUES (21, NULL, NULL, 90);
INSERT INTO `productdetails` VALUES (21, NULL, NULL, 91);
INSERT INTO `productdetails` VALUES (21, NULL, NULL, 92);
INSERT INTO `productdetails` VALUES (21, NULL, NULL, 93);
INSERT INTO `productdetails` VALUES (21, NULL, NULL, 94);
INSERT INTO `productdetails` VALUES (21, NULL, NULL, 95);
INSERT INTO `productdetails` VALUES (21, NULL, NULL, 96);
INSERT INTO `productdetails` VALUES (21, NULL, NULL, 97);
INSERT INTO `productdetails` VALUES (21, NULL, NULL, 98);
INSERT INTO `productdetails` VALUES (21, NULL, NULL, 99);
INSERT INTO `productdetails` VALUES (21, NULL, NULL, 100);
INSERT INTO `productdetails` VALUES (21, NULL, NULL, 101);
INSERT INTO `productdetails` VALUES (21, NULL, NULL, 102);
INSERT INTO `productdetails` VALUES (21, NULL, NULL, 103);
INSERT INTO `productdetails` VALUES (21, NULL, NULL, 104);
INSERT INTO `productdetails` VALUES (21, NULL, NULL, 105);
INSERT INTO `productdetails` VALUES (21, NULL, NULL, 106);
INSERT INTO `productdetails` VALUES (21, NULL, NULL, 107);
INSERT INTO `productdetails` VALUES (21, NULL, NULL, 108);
INSERT INTO `productdetails` VALUES (21, NULL, NULL, 109);
INSERT INTO `productdetails` VALUES (21, NULL, NULL, 110);
INSERT INTO `productdetails` VALUES (21, NULL, NULL, 111);
INSERT INTO `productdetails` VALUES (21, NULL, NULL, 112);
INSERT INTO `productdetails` VALUES (21, NULL, NULL, 113);
INSERT INTO `productdetails` VALUES (21, NULL, NULL, 114);
INSERT INTO `productdetails` VALUES (21, NULL, NULL, 115);
INSERT INTO `productdetails` VALUES (21, NULL, NULL, 116);
INSERT INTO `productdetails` VALUES (21, NULL, NULL, 117);
INSERT INTO `productdetails` VALUES (21, NULL, NULL, 118);
INSERT INTO `productdetails` VALUES (21, NULL, NULL, 119);
INSERT INTO `productdetails` VALUES (21, NULL, NULL, 120);
INSERT INTO `productdetails` VALUES (21, NULL, NULL, 121);
INSERT INTO `productdetails` VALUES (21, NULL, NULL, 122);
INSERT INTO `productdetails` VALUES (21, NULL, NULL, 123);
INSERT INTO `productdetails` VALUES (21, NULL, NULL, 124);
INSERT INTO `productdetails` VALUES (21, NULL, NULL, 125);
INSERT INTO `productdetails` VALUES (21, NULL, NULL, 126);
INSERT INTO `productdetails` VALUES (21, NULL, NULL, 127);
INSERT INTO `productdetails` VALUES (21, NULL, NULL, 128);
INSERT INTO `productdetails` VALUES (21, NULL, NULL, 129);
INSERT INTO `productdetails` VALUES (21, NULL, NULL, 130);
INSERT INTO `productdetails` VALUES (21, NULL, NULL, 131);
INSERT INTO `productdetails` VALUES (21, NULL, NULL, 132);
INSERT INTO `productdetails` VALUES (21, NULL, NULL, 133);
INSERT INTO `productdetails` VALUES (21, NULL, NULL, 134);
INSERT INTO `productdetails` VALUES (21, NULL, NULL, 135);
INSERT INTO `productdetails` VALUES (21, NULL, NULL, 136);
INSERT INTO `productdetails` VALUES (21, NULL, NULL, 137);
INSERT INTO `productdetails` VALUES (21, NULL, NULL, 138);
INSERT INTO `productdetails` VALUES (21, NULL, NULL, 139);
INSERT INTO `productdetails` VALUES (21, NULL, NULL, 140);
INSERT INTO `productdetails` VALUES (21, NULL, NULL, 141);
INSERT INTO `productdetails` VALUES (21, NULL, NULL, 142);
INSERT INTO `productdetails` VALUES (21, NULL, NULL, 143);
INSERT INTO `productdetails` VALUES (21, NULL, NULL, 144);
INSERT INTO `productdetails` VALUES (21, NULL, NULL, 145);
INSERT INTO `productdetails` VALUES (21, NULL, NULL, 146);
INSERT INTO `productdetails` VALUES (21, NULL, NULL, 147);
INSERT INTO `productdetails` VALUES (21, NULL, NULL, 148);
INSERT INTO `productdetails` VALUES (21, NULL, NULL, 149);
INSERT INTO `productdetails` VALUES (21, NULL, NULL, 150);
INSERT INTO `productdetails` VALUES (22, NULL, NULL, 2);
INSERT INTO `productdetails` VALUES (23, NULL, NULL, 3);
INSERT INTO `productdetails` VALUES (24, NULL, NULL, 4);
INSERT INTO `productdetails` VALUES (25, NULL, NULL, 5);
INSERT INTO `productdetails` VALUES (26, NULL, NULL, 1);
INSERT INTO `productdetails` VALUES (26, NULL, NULL, 6);
INSERT INTO `productdetails` VALUES (26, NULL, NULL, 7);
INSERT INTO `productdetails` VALUES (26, NULL, NULL, 8);
INSERT INTO `productdetails` VALUES (26, NULL, NULL, 9);
INSERT INTO `productdetails` VALUES (26, NULL, NULL, 10);
INSERT INTO `productdetails` VALUES (26, NULL, NULL, 11);
INSERT INTO `productdetails` VALUES (26, NULL, NULL, 12);
INSERT INTO `productdetails` VALUES (26, NULL, NULL, 13);
INSERT INTO `productdetails` VALUES (26, NULL, NULL, 14);
INSERT INTO `productdetails` VALUES (26, NULL, NULL, 15);
INSERT INTO `productdetails` VALUES (26, NULL, NULL, 16);
INSERT INTO `productdetails` VALUES (26, NULL, NULL, 17);
INSERT INTO `productdetails` VALUES (26, NULL, NULL, 18);
INSERT INTO `productdetails` VALUES (26, NULL, NULL, 19);
INSERT INTO `productdetails` VALUES (26, NULL, NULL, 20);
INSERT INTO `productdetails` VALUES (26, NULL, NULL, 21);
INSERT INTO `productdetails` VALUES (26, NULL, NULL, 22);
INSERT INTO `productdetails` VALUES (26, NULL, NULL, 23);
INSERT INTO `productdetails` VALUES (26, NULL, NULL, 24);
INSERT INTO `productdetails` VALUES (26, NULL, NULL, 25);
INSERT INTO `productdetails` VALUES (26, NULL, NULL, 26);
INSERT INTO `productdetails` VALUES (26, NULL, NULL, 27);
INSERT INTO `productdetails` VALUES (26, NULL, NULL, 28);
INSERT INTO `productdetails` VALUES (26, NULL, NULL, 29);
INSERT INTO `productdetails` VALUES (26, NULL, NULL, 30);
INSERT INTO `productdetails` VALUES (26, NULL, NULL, 31);
INSERT INTO `productdetails` VALUES (26, NULL, NULL, 32);
INSERT INTO `productdetails` VALUES (26, NULL, NULL, 33);
INSERT INTO `productdetails` VALUES (26, NULL, NULL, 34);
INSERT INTO `productdetails` VALUES (26, NULL, NULL, 35);
INSERT INTO `productdetails` VALUES (26, NULL, NULL, 36);
INSERT INTO `productdetails` VALUES (26, NULL, NULL, 37);
INSERT INTO `productdetails` VALUES (26, NULL, NULL, 38);
INSERT INTO `productdetails` VALUES (26, NULL, NULL, 39);
INSERT INTO `productdetails` VALUES (26, NULL, NULL, 40);
INSERT INTO `productdetails` VALUES (26, NULL, NULL, 41);
INSERT INTO `productdetails` VALUES (26, NULL, NULL, 42);
INSERT INTO `productdetails` VALUES (26, NULL, NULL, 43);
INSERT INTO `productdetails` VALUES (26, NULL, NULL, 44);
INSERT INTO `productdetails` VALUES (26, NULL, NULL, 45);
INSERT INTO `productdetails` VALUES (26, NULL, NULL, 46);
INSERT INTO `productdetails` VALUES (26, NULL, NULL, 47);
INSERT INTO `productdetails` VALUES (26, NULL, NULL, 48);
INSERT INTO `productdetails` VALUES (26, NULL, NULL, 49);
INSERT INTO `productdetails` VALUES (26, NULL, NULL, 50);
INSERT INTO `productdetails` VALUES (26, NULL, NULL, 51);
INSERT INTO `productdetails` VALUES (26, NULL, NULL, 52);
INSERT INTO `productdetails` VALUES (26, NULL, NULL, 53);
INSERT INTO `productdetails` VALUES (26, NULL, NULL, 54);
INSERT INTO `productdetails` VALUES (26, NULL, NULL, 55);
INSERT INTO `productdetails` VALUES (26, NULL, NULL, 56);
INSERT INTO `productdetails` VALUES (26, NULL, NULL, 57);
INSERT INTO `productdetails` VALUES (26, NULL, NULL, 58);
INSERT INTO `productdetails` VALUES (26, NULL, NULL, 59);
INSERT INTO `productdetails` VALUES (26, NULL, NULL, 60);
INSERT INTO `productdetails` VALUES (26, NULL, NULL, 61);
INSERT INTO `productdetails` VALUES (26, NULL, NULL, 62);
INSERT INTO `productdetails` VALUES (26, NULL, NULL, 63);
INSERT INTO `productdetails` VALUES (26, NULL, NULL, 64);
INSERT INTO `productdetails` VALUES (26, NULL, NULL, 65);
INSERT INTO `productdetails` VALUES (26, NULL, NULL, 66);
INSERT INTO `productdetails` VALUES (26, NULL, NULL, 67);
INSERT INTO `productdetails` VALUES (26, NULL, NULL, 68);
INSERT INTO `productdetails` VALUES (26, NULL, NULL, 69);
INSERT INTO `productdetails` VALUES (26, NULL, NULL, 70);
INSERT INTO `productdetails` VALUES (26, NULL, NULL, 71);
INSERT INTO `productdetails` VALUES (26, NULL, NULL, 72);
INSERT INTO `productdetails` VALUES (26, NULL, NULL, 73);
INSERT INTO `productdetails` VALUES (26, NULL, NULL, 74);
INSERT INTO `productdetails` VALUES (26, NULL, NULL, 75);
INSERT INTO `productdetails` VALUES (26, NULL, NULL, 76);
INSERT INTO `productdetails` VALUES (26, NULL, NULL, 77);
INSERT INTO `productdetails` VALUES (26, NULL, NULL, 78);
INSERT INTO `productdetails` VALUES (26, NULL, NULL, 79);
INSERT INTO `productdetails` VALUES (26, NULL, NULL, 80);
INSERT INTO `productdetails` VALUES (26, NULL, NULL, 81);
INSERT INTO `productdetails` VALUES (26, NULL, NULL, 82);
INSERT INTO `productdetails` VALUES (26, NULL, NULL, 83);
INSERT INTO `productdetails` VALUES (26, NULL, NULL, 84);
INSERT INTO `productdetails` VALUES (26, NULL, NULL, 85);
INSERT INTO `productdetails` VALUES (26, NULL, NULL, 86);
INSERT INTO `productdetails` VALUES (26, NULL, NULL, 87);
INSERT INTO `productdetails` VALUES (26, NULL, NULL, 88);
INSERT INTO `productdetails` VALUES (26, NULL, NULL, 89);
INSERT INTO `productdetails` VALUES (26, NULL, NULL, 90);
INSERT INTO `productdetails` VALUES (26, NULL, NULL, 91);
INSERT INTO `productdetails` VALUES (26, NULL, NULL, 92);
INSERT INTO `productdetails` VALUES (26, NULL, NULL, 93);
INSERT INTO `productdetails` VALUES (26, NULL, NULL, 94);
INSERT INTO `productdetails` VALUES (26, NULL, NULL, 95);
INSERT INTO `productdetails` VALUES (26, NULL, NULL, 96);
INSERT INTO `productdetails` VALUES (26, NULL, NULL, 97);
INSERT INTO `productdetails` VALUES (26, NULL, NULL, 98);
INSERT INTO `productdetails` VALUES (26, NULL, NULL, 99);
INSERT INTO `productdetails` VALUES (26, NULL, NULL, 100);
INSERT INTO `productdetails` VALUES (26, NULL, NULL, 101);
INSERT INTO `productdetails` VALUES (26, NULL, NULL, 102);
INSERT INTO `productdetails` VALUES (26, NULL, NULL, 103);
INSERT INTO `productdetails` VALUES (26, NULL, NULL, 104);
INSERT INTO `productdetails` VALUES (26, NULL, NULL, 105);
INSERT INTO `productdetails` VALUES (26, NULL, NULL, 106);
INSERT INTO `productdetails` VALUES (26, NULL, NULL, 107);
INSERT INTO `productdetails` VALUES (26, NULL, NULL, 108);
INSERT INTO `productdetails` VALUES (26, NULL, NULL, 109);
INSERT INTO `productdetails` VALUES (26, NULL, NULL, 110);
INSERT INTO `productdetails` VALUES (26, NULL, NULL, 111);
INSERT INTO `productdetails` VALUES (26, NULL, NULL, 112);
INSERT INTO `productdetails` VALUES (26, NULL, NULL, 113);
INSERT INTO `productdetails` VALUES (26, NULL, NULL, 114);
INSERT INTO `productdetails` VALUES (26, NULL, NULL, 115);
INSERT INTO `productdetails` VALUES (26, NULL, NULL, 116);
INSERT INTO `productdetails` VALUES (26, NULL, NULL, 117);
INSERT INTO `productdetails` VALUES (26, NULL, NULL, 118);
INSERT INTO `productdetails` VALUES (26, NULL, NULL, 119);
INSERT INTO `productdetails` VALUES (26, NULL, NULL, 120);
INSERT INTO `productdetails` VALUES (26, NULL, NULL, 121);
INSERT INTO `productdetails` VALUES (26, NULL, NULL, 122);
INSERT INTO `productdetails` VALUES (26, NULL, NULL, 123);
INSERT INTO `productdetails` VALUES (26, NULL, NULL, 124);
INSERT INTO `productdetails` VALUES (26, NULL, NULL, 125);
INSERT INTO `productdetails` VALUES (26, NULL, NULL, 126);
INSERT INTO `productdetails` VALUES (26, NULL, NULL, 127);
INSERT INTO `productdetails` VALUES (26, NULL, NULL, 128);
INSERT INTO `productdetails` VALUES (26, NULL, NULL, 129);
INSERT INTO `productdetails` VALUES (26, NULL, NULL, 130);
INSERT INTO `productdetails` VALUES (26, NULL, NULL, 131);
INSERT INTO `productdetails` VALUES (26, NULL, NULL, 132);
INSERT INTO `productdetails` VALUES (26, NULL, NULL, 133);
INSERT INTO `productdetails` VALUES (26, NULL, NULL, 134);
INSERT INTO `productdetails` VALUES (26, NULL, NULL, 135);
INSERT INTO `productdetails` VALUES (26, NULL, NULL, 136);
INSERT INTO `productdetails` VALUES (26, NULL, NULL, 137);
INSERT INTO `productdetails` VALUES (26, NULL, NULL, 138);
INSERT INTO `productdetails` VALUES (26, NULL, NULL, 139);
INSERT INTO `productdetails` VALUES (26, NULL, NULL, 140);
INSERT INTO `productdetails` VALUES (26, NULL, NULL, 141);
INSERT INTO `productdetails` VALUES (26, NULL, NULL, 142);
INSERT INTO `productdetails` VALUES (26, NULL, NULL, 143);
INSERT INTO `productdetails` VALUES (26, NULL, NULL, 144);
INSERT INTO `productdetails` VALUES (26, NULL, NULL, 145);
INSERT INTO `productdetails` VALUES (26, NULL, NULL, 146);
INSERT INTO `productdetails` VALUES (26, NULL, NULL, 147);
INSERT INTO `productdetails` VALUES (26, NULL, NULL, 148);
INSERT INTO `productdetails` VALUES (26, NULL, NULL, 149);
INSERT INTO `productdetails` VALUES (26, NULL, NULL, 150);
INSERT INTO `productdetails` VALUES (27, NULL, NULL, 2);
INSERT INTO `productdetails` VALUES (28, NULL, NULL, 3);
INSERT INTO `productdetails` VALUES (29, NULL, NULL, 4);
INSERT INTO `productdetails` VALUES (30, NULL, NULL, 5);
INSERT INTO `productdetails` VALUES (31, NULL, NULL, 1);
INSERT INTO `productdetails` VALUES (31, NULL, NULL, 6);
INSERT INTO `productdetails` VALUES (31, NULL, NULL, 7);
INSERT INTO `productdetails` VALUES (31, NULL, NULL, 8);
INSERT INTO `productdetails` VALUES (31, NULL, NULL, 9);
INSERT INTO `productdetails` VALUES (31, NULL, NULL, 10);
INSERT INTO `productdetails` VALUES (32, NULL, NULL, 2);
INSERT INTO `productdetails` VALUES (33, NULL, NULL, 3);
INSERT INTO `productdetails` VALUES (34, NULL, NULL, 4);
INSERT INTO `productdetails` VALUES (35, NULL, NULL, 5);
INSERT INTO `productdetails` VALUES (36, NULL, NULL, 1);
INSERT INTO `productdetails` VALUES (36, NULL, NULL, 6);
INSERT INTO `productdetails` VALUES (36, NULL, NULL, 7);
INSERT INTO `productdetails` VALUES (36, NULL, NULL, 8);
INSERT INTO `productdetails` VALUES (36, NULL, NULL, 9);
INSERT INTO `productdetails` VALUES (36, NULL, NULL, 10);
INSERT INTO `productdetails` VALUES (37, NULL, NULL, 2);
INSERT INTO `productdetails` VALUES (38, NULL, NULL, 3);
INSERT INTO `productdetails` VALUES (39, NULL, NULL, 4);
INSERT INTO `productdetails` VALUES (40, NULL, NULL, 5);
INSERT INTO `productdetails` VALUES (41, NULL, NULL, 1);
INSERT INTO `productdetails` VALUES (41, NULL, NULL, 6);
INSERT INTO `productdetails` VALUES (41, NULL, NULL, 7);
INSERT INTO `productdetails` VALUES (41, NULL, NULL, 8);
INSERT INTO `productdetails` VALUES (41, NULL, NULL, 9);
INSERT INTO `productdetails` VALUES (41, NULL, NULL, 10);
INSERT INTO `productdetails` VALUES (41, NULL, NULL, 11);
INSERT INTO `productdetails` VALUES (41, NULL, NULL, 12);
INSERT INTO `productdetails` VALUES (41, NULL, NULL, 13);
INSERT INTO `productdetails` VALUES (41, NULL, NULL, 14);
INSERT INTO `productdetails` VALUES (41, NULL, NULL, 15);
INSERT INTO `productdetails` VALUES (41, NULL, NULL, 16);
INSERT INTO `productdetails` VALUES (41, NULL, NULL, 17);
INSERT INTO `productdetails` VALUES (41, NULL, NULL, 18);
INSERT INTO `productdetails` VALUES (41, NULL, NULL, 19);
INSERT INTO `productdetails` VALUES (41, NULL, NULL, 20);
INSERT INTO `productdetails` VALUES (41, NULL, NULL, 21);
INSERT INTO `productdetails` VALUES (41, NULL, NULL, 22);
INSERT INTO `productdetails` VALUES (41, NULL, NULL, 23);
INSERT INTO `productdetails` VALUES (41, NULL, NULL, 24);
INSERT INTO `productdetails` VALUES (41, NULL, NULL, 25);
INSERT INTO `productdetails` VALUES (41, NULL, NULL, 26);
INSERT INTO `productdetails` VALUES (41, NULL, NULL, 27);
INSERT INTO `productdetails` VALUES (41, NULL, NULL, 28);
INSERT INTO `productdetails` VALUES (41, NULL, NULL, 29);
INSERT INTO `productdetails` VALUES (41, NULL, NULL, 30);
INSERT INTO `productdetails` VALUES (41, NULL, NULL, 31);
INSERT INTO `productdetails` VALUES (41, NULL, NULL, 32);
INSERT INTO `productdetails` VALUES (41, NULL, NULL, 33);
INSERT INTO `productdetails` VALUES (41, NULL, NULL, 34);
INSERT INTO `productdetails` VALUES (41, NULL, NULL, 35);
INSERT INTO `productdetails` VALUES (41, NULL, NULL, 36);
INSERT INTO `productdetails` VALUES (41, NULL, NULL, 37);
INSERT INTO `productdetails` VALUES (41, NULL, NULL, 38);
INSERT INTO `productdetails` VALUES (41, NULL, NULL, 39);
INSERT INTO `productdetails` VALUES (41, NULL, NULL, 40);
INSERT INTO `productdetails` VALUES (41, NULL, NULL, 41);
INSERT INTO `productdetails` VALUES (41, NULL, NULL, 42);
INSERT INTO `productdetails` VALUES (41, NULL, NULL, 43);
INSERT INTO `productdetails` VALUES (41, NULL, NULL, 44);
INSERT INTO `productdetails` VALUES (41, NULL, NULL, 45);
INSERT INTO `productdetails` VALUES (41, NULL, NULL, 46);
INSERT INTO `productdetails` VALUES (41, NULL, NULL, 47);
INSERT INTO `productdetails` VALUES (41, NULL, NULL, 48);
INSERT INTO `productdetails` VALUES (41, NULL, NULL, 49);
INSERT INTO `productdetails` VALUES (41, NULL, NULL, 50);
INSERT INTO `productdetails` VALUES (41, NULL, NULL, 51);
INSERT INTO `productdetails` VALUES (41, NULL, NULL, 52);
INSERT INTO `productdetails` VALUES (41, NULL, NULL, 53);
INSERT INTO `productdetails` VALUES (41, NULL, NULL, 54);
INSERT INTO `productdetails` VALUES (41, NULL, NULL, 55);
INSERT INTO `productdetails` VALUES (41, NULL, NULL, 56);
INSERT INTO `productdetails` VALUES (41, NULL, NULL, 57);
INSERT INTO `productdetails` VALUES (41, NULL, NULL, 58);
INSERT INTO `productdetails` VALUES (41, NULL, NULL, 59);
INSERT INTO `productdetails` VALUES (41, NULL, NULL, 60);
INSERT INTO `productdetails` VALUES (41, NULL, NULL, 61);
INSERT INTO `productdetails` VALUES (41, NULL, NULL, 62);
INSERT INTO `productdetails` VALUES (41, NULL, NULL, 63);
INSERT INTO `productdetails` VALUES (41, NULL, NULL, 64);
INSERT INTO `productdetails` VALUES (41, NULL, NULL, 65);
INSERT INTO `productdetails` VALUES (41, NULL, NULL, 66);
INSERT INTO `productdetails` VALUES (41, NULL, NULL, 67);
INSERT INTO `productdetails` VALUES (41, NULL, NULL, 68);
INSERT INTO `productdetails` VALUES (41, NULL, NULL, 69);
INSERT INTO `productdetails` VALUES (41, NULL, NULL, 70);
INSERT INTO `productdetails` VALUES (41, NULL, NULL, 71);
INSERT INTO `productdetails` VALUES (41, NULL, NULL, 72);
INSERT INTO `productdetails` VALUES (41, NULL, NULL, 73);
INSERT INTO `productdetails` VALUES (41, NULL, NULL, 74);
INSERT INTO `productdetails` VALUES (41, NULL, NULL, 75);
INSERT INTO `productdetails` VALUES (41, NULL, NULL, 76);
INSERT INTO `productdetails` VALUES (41, NULL, NULL, 77);
INSERT INTO `productdetails` VALUES (41, NULL, NULL, 78);
INSERT INTO `productdetails` VALUES (41, NULL, NULL, 79);
INSERT INTO `productdetails` VALUES (41, NULL, NULL, 80);
INSERT INTO `productdetails` VALUES (41, NULL, NULL, 81);
INSERT INTO `productdetails` VALUES (41, NULL, NULL, 82);
INSERT INTO `productdetails` VALUES (41, NULL, NULL, 83);
INSERT INTO `productdetails` VALUES (41, NULL, NULL, 84);
INSERT INTO `productdetails` VALUES (41, NULL, NULL, 85);
INSERT INTO `productdetails` VALUES (41, NULL, NULL, 86);
INSERT INTO `productdetails` VALUES (41, NULL, NULL, 87);
INSERT INTO `productdetails` VALUES (41, NULL, NULL, 88);
INSERT INTO `productdetails` VALUES (41, NULL, NULL, 89);
INSERT INTO `productdetails` VALUES (41, NULL, NULL, 90);
INSERT INTO `productdetails` VALUES (41, NULL, NULL, 91);
INSERT INTO `productdetails` VALUES (41, NULL, NULL, 92);
INSERT INTO `productdetails` VALUES (41, NULL, NULL, 93);
INSERT INTO `productdetails` VALUES (41, NULL, NULL, 94);
INSERT INTO `productdetails` VALUES (41, NULL, NULL, 95);
INSERT INTO `productdetails` VALUES (41, NULL, NULL, 96);
INSERT INTO `productdetails` VALUES (41, NULL, NULL, 97);
INSERT INTO `productdetails` VALUES (41, NULL, NULL, 98);
INSERT INTO `productdetails` VALUES (41, NULL, NULL, 99);
INSERT INTO `productdetails` VALUES (41, NULL, NULL, 100);
INSERT INTO `productdetails` VALUES (41, NULL, NULL, 101);
INSERT INTO `productdetails` VALUES (41, NULL, NULL, 102);
INSERT INTO `productdetails` VALUES (41, NULL, NULL, 103);
INSERT INTO `productdetails` VALUES (41, NULL, NULL, 104);
INSERT INTO `productdetails` VALUES (41, NULL, NULL, 105);
INSERT INTO `productdetails` VALUES (41, NULL, NULL, 106);
INSERT INTO `productdetails` VALUES (41, NULL, NULL, 107);
INSERT INTO `productdetails` VALUES (41, NULL, NULL, 108);
INSERT INTO `productdetails` VALUES (41, NULL, NULL, 109);
INSERT INTO `productdetails` VALUES (41, NULL, NULL, 110);
INSERT INTO `productdetails` VALUES (41, NULL, NULL, 111);
INSERT INTO `productdetails` VALUES (41, NULL, NULL, 112);
INSERT INTO `productdetails` VALUES (41, NULL, NULL, 113);
INSERT INTO `productdetails` VALUES (41, NULL, NULL, 114);
INSERT INTO `productdetails` VALUES (41, NULL, NULL, 115);
INSERT INTO `productdetails` VALUES (41, NULL, NULL, 116);
INSERT INTO `productdetails` VALUES (41, NULL, NULL, 117);
INSERT INTO `productdetails` VALUES (41, NULL, NULL, 118);
INSERT INTO `productdetails` VALUES (41, NULL, NULL, 119);
INSERT INTO `productdetails` VALUES (41, NULL, NULL, 120);
INSERT INTO `productdetails` VALUES (41, NULL, NULL, 121);
INSERT INTO `productdetails` VALUES (41, NULL, NULL, 122);
INSERT INTO `productdetails` VALUES (41, NULL, NULL, 123);
INSERT INTO `productdetails` VALUES (41, NULL, NULL, 124);
INSERT INTO `productdetails` VALUES (41, NULL, NULL, 125);
INSERT INTO `productdetails` VALUES (41, NULL, NULL, 126);
INSERT INTO `productdetails` VALUES (41, NULL, NULL, 127);
INSERT INTO `productdetails` VALUES (41, NULL, NULL, 128);
INSERT INTO `productdetails` VALUES (41, NULL, NULL, 129);
INSERT INTO `productdetails` VALUES (41, NULL, NULL, 130);
INSERT INTO `productdetails` VALUES (41, NULL, NULL, 131);
INSERT INTO `productdetails` VALUES (41, NULL, NULL, 132);
INSERT INTO `productdetails` VALUES (41, NULL, NULL, 133);
INSERT INTO `productdetails` VALUES (41, NULL, NULL, 134);
INSERT INTO `productdetails` VALUES (41, NULL, NULL, 135);
INSERT INTO `productdetails` VALUES (41, NULL, NULL, 136);
INSERT INTO `productdetails` VALUES (41, NULL, NULL, 137);
INSERT INTO `productdetails` VALUES (41, NULL, NULL, 138);
INSERT INTO `productdetails` VALUES (41, NULL, NULL, 139);
INSERT INTO `productdetails` VALUES (41, NULL, NULL, 140);
INSERT INTO `productdetails` VALUES (41, NULL, NULL, 141);
INSERT INTO `productdetails` VALUES (41, NULL, NULL, 142);
INSERT INTO `productdetails` VALUES (41, NULL, NULL, 143);
INSERT INTO `productdetails` VALUES (41, NULL, NULL, 144);
INSERT INTO `productdetails` VALUES (41, NULL, NULL, 145);
INSERT INTO `productdetails` VALUES (41, NULL, NULL, 146);
INSERT INTO `productdetails` VALUES (41, NULL, NULL, 147);
INSERT INTO `productdetails` VALUES (41, NULL, NULL, 148);
INSERT INTO `productdetails` VALUES (41, NULL, NULL, 149);
INSERT INTO `productdetails` VALUES (41, NULL, NULL, 150);
INSERT INTO `productdetails` VALUES (42, NULL, NULL, 2);
INSERT INTO `productdetails` VALUES (43, NULL, NULL, 3);
INSERT INTO `productdetails` VALUES (44, NULL, NULL, 4);
INSERT INTO `productdetails` VALUES (45, NULL, NULL, 5);
INSERT INTO `productdetails` VALUES (46, NULL, NULL, 1);
INSERT INTO `productdetails` VALUES (46, NULL, NULL, 6);
INSERT INTO `productdetails` VALUES (46, NULL, NULL, 7);
INSERT INTO `productdetails` VALUES (46, NULL, NULL, 8);
INSERT INTO `productdetails` VALUES (46, NULL, NULL, 9);
INSERT INTO `productdetails` VALUES (46, NULL, NULL, 10);
INSERT INTO `productdetails` VALUES (46, NULL, NULL, 11);
INSERT INTO `productdetails` VALUES (46, NULL, NULL, 12);
INSERT INTO `productdetails` VALUES (46, NULL, NULL, 13);
INSERT INTO `productdetails` VALUES (46, NULL, NULL, 14);
INSERT INTO `productdetails` VALUES (46, NULL, NULL, 15);
INSERT INTO `productdetails` VALUES (46, NULL, NULL, 16);
INSERT INTO `productdetails` VALUES (46, NULL, NULL, 17);
INSERT INTO `productdetails` VALUES (46, NULL, NULL, 18);
INSERT INTO `productdetails` VALUES (46, NULL, NULL, 19);
INSERT INTO `productdetails` VALUES (46, NULL, NULL, 20);
INSERT INTO `productdetails` VALUES (46, NULL, NULL, 21);
INSERT INTO `productdetails` VALUES (46, NULL, NULL, 22);
INSERT INTO `productdetails` VALUES (46, NULL, NULL, 23);
INSERT INTO `productdetails` VALUES (46, NULL, NULL, 24);
INSERT INTO `productdetails` VALUES (46, NULL, NULL, 25);
INSERT INTO `productdetails` VALUES (46, NULL, NULL, 26);
INSERT INTO `productdetails` VALUES (46, NULL, NULL, 27);
INSERT INTO `productdetails` VALUES (46, NULL, NULL, 28);
INSERT INTO `productdetails` VALUES (46, NULL, NULL, 29);
INSERT INTO `productdetails` VALUES (46, NULL, NULL, 30);
INSERT INTO `productdetails` VALUES (46, NULL, NULL, 31);
INSERT INTO `productdetails` VALUES (46, NULL, NULL, 32);
INSERT INTO `productdetails` VALUES (46, NULL, NULL, 33);
INSERT INTO `productdetails` VALUES (46, NULL, NULL, 34);
INSERT INTO `productdetails` VALUES (46, NULL, NULL, 35);
INSERT INTO `productdetails` VALUES (46, NULL, NULL, 36);
INSERT INTO `productdetails` VALUES (46, NULL, NULL, 37);
INSERT INTO `productdetails` VALUES (46, NULL, NULL, 38);
INSERT INTO `productdetails` VALUES (46, NULL, NULL, 39);
INSERT INTO `productdetails` VALUES (46, NULL, NULL, 40);
INSERT INTO `productdetails` VALUES (46, NULL, NULL, 41);
INSERT INTO `productdetails` VALUES (46, NULL, NULL, 42);
INSERT INTO `productdetails` VALUES (46, NULL, NULL, 43);
INSERT INTO `productdetails` VALUES (46, NULL, NULL, 44);
INSERT INTO `productdetails` VALUES (46, NULL, NULL, 45);
INSERT INTO `productdetails` VALUES (46, NULL, NULL, 46);
INSERT INTO `productdetails` VALUES (46, NULL, NULL, 47);
INSERT INTO `productdetails` VALUES (46, NULL, NULL, 48);
INSERT INTO `productdetails` VALUES (46, NULL, NULL, 49);
INSERT INTO `productdetails` VALUES (46, NULL, NULL, 50);
INSERT INTO `productdetails` VALUES (46, NULL, NULL, 51);
INSERT INTO `productdetails` VALUES (46, NULL, NULL, 52);
INSERT INTO `productdetails` VALUES (46, NULL, NULL, 53);
INSERT INTO `productdetails` VALUES (46, NULL, NULL, 54);
INSERT INTO `productdetails` VALUES (46, NULL, NULL, 55);
INSERT INTO `productdetails` VALUES (46, NULL, NULL, 56);
INSERT INTO `productdetails` VALUES (46, NULL, NULL, 57);
INSERT INTO `productdetails` VALUES (46, NULL, NULL, 58);
INSERT INTO `productdetails` VALUES (46, NULL, NULL, 59);
INSERT INTO `productdetails` VALUES (46, NULL, NULL, 60);
INSERT INTO `productdetails` VALUES (46, NULL, NULL, 61);
INSERT INTO `productdetails` VALUES (46, NULL, NULL, 62);
INSERT INTO `productdetails` VALUES (46, NULL, NULL, 63);
INSERT INTO `productdetails` VALUES (46, NULL, NULL, 64);
INSERT INTO `productdetails` VALUES (46, NULL, NULL, 65);
INSERT INTO `productdetails` VALUES (46, NULL, NULL, 66);
INSERT INTO `productdetails` VALUES (46, NULL, NULL, 67);
INSERT INTO `productdetails` VALUES (46, NULL, NULL, 68);
INSERT INTO `productdetails` VALUES (46, NULL, NULL, 69);
INSERT INTO `productdetails` VALUES (46, NULL, NULL, 70);
INSERT INTO `productdetails` VALUES (46, NULL, NULL, 71);
INSERT INTO `productdetails` VALUES (46, NULL, NULL, 72);
INSERT INTO `productdetails` VALUES (46, NULL, NULL, 73);
INSERT INTO `productdetails` VALUES (46, NULL, NULL, 74);
INSERT INTO `productdetails` VALUES (46, NULL, NULL, 75);
INSERT INTO `productdetails` VALUES (46, NULL, NULL, 76);
INSERT INTO `productdetails` VALUES (46, NULL, NULL, 77);
INSERT INTO `productdetails` VALUES (46, NULL, NULL, 78);
INSERT INTO `productdetails` VALUES (46, NULL, NULL, 79);
INSERT INTO `productdetails` VALUES (46, NULL, NULL, 80);
INSERT INTO `productdetails` VALUES (46, NULL, NULL, 81);
INSERT INTO `productdetails` VALUES (46, NULL, NULL, 82);
INSERT INTO `productdetails` VALUES (46, NULL, NULL, 83);
INSERT INTO `productdetails` VALUES (46, NULL, NULL, 84);
INSERT INTO `productdetails` VALUES (46, NULL, NULL, 85);
INSERT INTO `productdetails` VALUES (46, NULL, NULL, 86);
INSERT INTO `productdetails` VALUES (46, NULL, NULL, 87);
INSERT INTO `productdetails` VALUES (46, NULL, NULL, 88);
INSERT INTO `productdetails` VALUES (46, NULL, NULL, 89);
INSERT INTO `productdetails` VALUES (46, NULL, NULL, 90);
INSERT INTO `productdetails` VALUES (46, NULL, NULL, 91);
INSERT INTO `productdetails` VALUES (46, NULL, NULL, 92);
INSERT INTO `productdetails` VALUES (46, NULL, NULL, 93);
INSERT INTO `productdetails` VALUES (46, NULL, NULL, 94);
INSERT INTO `productdetails` VALUES (46, NULL, NULL, 95);
INSERT INTO `productdetails` VALUES (46, NULL, NULL, 96);
INSERT INTO `productdetails` VALUES (46, NULL, NULL, 97);
INSERT INTO `productdetails` VALUES (46, NULL, NULL, 98);
INSERT INTO `productdetails` VALUES (46, NULL, NULL, 99);
INSERT INTO `productdetails` VALUES (46, NULL, NULL, 100);
INSERT INTO `productdetails` VALUES (46, NULL, NULL, 101);
INSERT INTO `productdetails` VALUES (46, NULL, NULL, 102);
INSERT INTO `productdetails` VALUES (46, NULL, NULL, 103);
INSERT INTO `productdetails` VALUES (46, NULL, NULL, 104);
INSERT INTO `productdetails` VALUES (46, NULL, NULL, 105);
INSERT INTO `productdetails` VALUES (46, NULL, NULL, 106);
INSERT INTO `productdetails` VALUES (46, NULL, NULL, 107);
INSERT INTO `productdetails` VALUES (46, NULL, NULL, 108);
INSERT INTO `productdetails` VALUES (46, NULL, NULL, 109);
INSERT INTO `productdetails` VALUES (46, NULL, NULL, 110);
INSERT INTO `productdetails` VALUES (46, NULL, NULL, 111);
INSERT INTO `productdetails` VALUES (46, NULL, NULL, 112);
INSERT INTO `productdetails` VALUES (46, NULL, NULL, 113);
INSERT INTO `productdetails` VALUES (46, NULL, NULL, 114);
INSERT INTO `productdetails` VALUES (46, NULL, NULL, 115);
INSERT INTO `productdetails` VALUES (46, NULL, NULL, 116);
INSERT INTO `productdetails` VALUES (46, NULL, NULL, 117);
INSERT INTO `productdetails` VALUES (46, NULL, NULL, 118);
INSERT INTO `productdetails` VALUES (46, NULL, NULL, 119);
INSERT INTO `productdetails` VALUES (46, NULL, NULL, 120);
INSERT INTO `productdetails` VALUES (46, NULL, NULL, 121);
INSERT INTO `productdetails` VALUES (46, NULL, NULL, 122);
INSERT INTO `productdetails` VALUES (46, NULL, NULL, 123);
INSERT INTO `productdetails` VALUES (46, NULL, NULL, 124);
INSERT INTO `productdetails` VALUES (46, NULL, NULL, 125);
INSERT INTO `productdetails` VALUES (46, NULL, NULL, 126);
INSERT INTO `productdetails` VALUES (46, NULL, NULL, 127);
INSERT INTO `productdetails` VALUES (46, NULL, NULL, 128);
INSERT INTO `productdetails` VALUES (46, NULL, NULL, 129);
INSERT INTO `productdetails` VALUES (46, NULL, NULL, 130);
INSERT INTO `productdetails` VALUES (46, NULL, NULL, 131);
INSERT INTO `productdetails` VALUES (46, NULL, NULL, 132);
INSERT INTO `productdetails` VALUES (46, NULL, NULL, 133);
INSERT INTO `productdetails` VALUES (46, NULL, NULL, 134);
INSERT INTO `productdetails` VALUES (46, NULL, NULL, 135);
INSERT INTO `productdetails` VALUES (46, NULL, NULL, 136);
INSERT INTO `productdetails` VALUES (46, NULL, NULL, 137);
INSERT INTO `productdetails` VALUES (46, NULL, NULL, 138);
INSERT INTO `productdetails` VALUES (46, NULL, NULL, 139);
INSERT INTO `productdetails` VALUES (46, NULL, NULL, 140);
INSERT INTO `productdetails` VALUES (46, NULL, NULL, 141);
INSERT INTO `productdetails` VALUES (46, NULL, NULL, 142);
INSERT INTO `productdetails` VALUES (46, NULL, NULL, 143);
INSERT INTO `productdetails` VALUES (46, NULL, NULL, 144);
INSERT INTO `productdetails` VALUES (46, NULL, NULL, 145);
INSERT INTO `productdetails` VALUES (46, NULL, NULL, 146);
INSERT INTO `productdetails` VALUES (46, NULL, NULL, 147);
INSERT INTO `productdetails` VALUES (46, NULL, NULL, 148);
INSERT INTO `productdetails` VALUES (46, NULL, NULL, 149);
INSERT INTO `productdetails` VALUES (46, NULL, NULL, 150);
INSERT INTO `productdetails` VALUES (47, NULL, NULL, 2);
INSERT INTO `productdetails` VALUES (48, NULL, NULL, 3);
INSERT INTO `productdetails` VALUES (49, NULL, NULL, 4);
INSERT INTO `productdetails` VALUES (50, NULL, NULL, 5);
INSERT INTO `productdetails` VALUES (51, NULL, NULL, 1);
INSERT INTO `productdetails` VALUES (51, NULL, NULL, 6);
INSERT INTO `productdetails` VALUES (51, NULL, NULL, 7);
INSERT INTO `productdetails` VALUES (51, NULL, NULL, 8);
INSERT INTO `productdetails` VALUES (51, NULL, NULL, 9);
INSERT INTO `productdetails` VALUES (51, NULL, NULL, 10);
INSERT INTO `productdetails` VALUES (51, NULL, NULL, 11);
INSERT INTO `productdetails` VALUES (51, NULL, NULL, 12);
INSERT INTO `productdetails` VALUES (51, NULL, NULL, 13);
INSERT INTO `productdetails` VALUES (51, NULL, NULL, 14);
INSERT INTO `productdetails` VALUES (51, NULL, NULL, 15);
INSERT INTO `productdetails` VALUES (51, NULL, NULL, 16);
INSERT INTO `productdetails` VALUES (51, NULL, NULL, 17);
INSERT INTO `productdetails` VALUES (51, NULL, NULL, 18);
INSERT INTO `productdetails` VALUES (51, NULL, NULL, 19);
INSERT INTO `productdetails` VALUES (51, NULL, NULL, 20);
INSERT INTO `productdetails` VALUES (51, NULL, NULL, 21);
INSERT INTO `productdetails` VALUES (51, NULL, NULL, 22);
INSERT INTO `productdetails` VALUES (51, NULL, NULL, 23);
INSERT INTO `productdetails` VALUES (51, NULL, NULL, 24);
INSERT INTO `productdetails` VALUES (51, NULL, NULL, 25);
INSERT INTO `productdetails` VALUES (51, NULL, NULL, 26);
INSERT INTO `productdetails` VALUES (51, NULL, NULL, 27);
INSERT INTO `productdetails` VALUES (51, NULL, NULL, 28);
INSERT INTO `productdetails` VALUES (51, NULL, NULL, 29);
INSERT INTO `productdetails` VALUES (51, NULL, NULL, 30);
INSERT INTO `productdetails` VALUES (51, NULL, NULL, 31);
INSERT INTO `productdetails` VALUES (51, NULL, NULL, 32);
INSERT INTO `productdetails` VALUES (51, NULL, NULL, 33);
INSERT INTO `productdetails` VALUES (51, NULL, NULL, 34);
INSERT INTO `productdetails` VALUES (51, NULL, NULL, 35);
INSERT INTO `productdetails` VALUES (51, NULL, NULL, 36);
INSERT INTO `productdetails` VALUES (51, NULL, NULL, 37);
INSERT INTO `productdetails` VALUES (51, NULL, NULL, 38);
INSERT INTO `productdetails` VALUES (51, NULL, NULL, 39);
INSERT INTO `productdetails` VALUES (51, NULL, NULL, 40);
INSERT INTO `productdetails` VALUES (51, NULL, NULL, 41);
INSERT INTO `productdetails` VALUES (51, NULL, NULL, 42);
INSERT INTO `productdetails` VALUES (51, NULL, NULL, 43);
INSERT INTO `productdetails` VALUES (51, NULL, NULL, 44);
INSERT INTO `productdetails` VALUES (51, NULL, NULL, 45);
INSERT INTO `productdetails` VALUES (51, NULL, NULL, 46);
INSERT INTO `productdetails` VALUES (51, NULL, NULL, 47);
INSERT INTO `productdetails` VALUES (51, NULL, NULL, 48);
INSERT INTO `productdetails` VALUES (51, NULL, NULL, 49);
INSERT INTO `productdetails` VALUES (51, NULL, NULL, 50);
INSERT INTO `productdetails` VALUES (51, NULL, NULL, 51);
INSERT INTO `productdetails` VALUES (51, NULL, NULL, 52);
INSERT INTO `productdetails` VALUES (51, NULL, NULL, 53);
INSERT INTO `productdetails` VALUES (51, NULL, NULL, 54);
INSERT INTO `productdetails` VALUES (51, NULL, NULL, 55);
INSERT INTO `productdetails` VALUES (51, NULL, NULL, 56);
INSERT INTO `productdetails` VALUES (51, NULL, NULL, 57);
INSERT INTO `productdetails` VALUES (51, NULL, NULL, 58);
INSERT INTO `productdetails` VALUES (51, NULL, NULL, 59);
INSERT INTO `productdetails` VALUES (51, NULL, NULL, 60);
INSERT INTO `productdetails` VALUES (51, NULL, NULL, 61);
INSERT INTO `productdetails` VALUES (51, NULL, NULL, 62);
INSERT INTO `productdetails` VALUES (51, NULL, NULL, 63);
INSERT INTO `productdetails` VALUES (51, NULL, NULL, 64);
INSERT INTO `productdetails` VALUES (51, NULL, NULL, 65);
INSERT INTO `productdetails` VALUES (51, NULL, NULL, 66);
INSERT INTO `productdetails` VALUES (51, NULL, NULL, 67);
INSERT INTO `productdetails` VALUES (51, NULL, NULL, 68);
INSERT INTO `productdetails` VALUES (51, NULL, NULL, 69);
INSERT INTO `productdetails` VALUES (51, NULL, NULL, 70);
INSERT INTO `productdetails` VALUES (51, NULL, NULL, 71);
INSERT INTO `productdetails` VALUES (51, NULL, NULL, 72);
INSERT INTO `productdetails` VALUES (51, NULL, NULL, 73);
INSERT INTO `productdetails` VALUES (51, NULL, NULL, 74);
INSERT INTO `productdetails` VALUES (51, NULL, NULL, 75);
INSERT INTO `productdetails` VALUES (51, NULL, NULL, 76);
INSERT INTO `productdetails` VALUES (51, NULL, NULL, 77);
INSERT INTO `productdetails` VALUES (51, NULL, NULL, 78);
INSERT INTO `productdetails` VALUES (51, NULL, NULL, 79);
INSERT INTO `productdetails` VALUES (51, NULL, NULL, 80);
INSERT INTO `productdetails` VALUES (51, NULL, NULL, 81);
INSERT INTO `productdetails` VALUES (51, NULL, NULL, 82);
INSERT INTO `productdetails` VALUES (51, NULL, NULL, 83);
INSERT INTO `productdetails` VALUES (51, NULL, NULL, 84);
INSERT INTO `productdetails` VALUES (51, NULL, NULL, 85);
INSERT INTO `productdetails` VALUES (51, NULL, NULL, 86);
INSERT INTO `productdetails` VALUES (51, NULL, NULL, 87);
INSERT INTO `productdetails` VALUES (51, NULL, NULL, 88);
INSERT INTO `productdetails` VALUES (51, NULL, NULL, 89);
INSERT INTO `productdetails` VALUES (51, NULL, NULL, 90);
INSERT INTO `productdetails` VALUES (51, NULL, NULL, 91);
INSERT INTO `productdetails` VALUES (51, NULL, NULL, 92);
INSERT INTO `productdetails` VALUES (51, NULL, NULL, 93);
INSERT INTO `productdetails` VALUES (51, NULL, NULL, 94);
INSERT INTO `productdetails` VALUES (51, NULL, NULL, 95);
INSERT INTO `productdetails` VALUES (51, NULL, NULL, 96);
INSERT INTO `productdetails` VALUES (51, NULL, NULL, 97);
INSERT INTO `productdetails` VALUES (51, NULL, NULL, 98);
INSERT INTO `productdetails` VALUES (51, NULL, NULL, 99);
INSERT INTO `productdetails` VALUES (51, NULL, NULL, 100);
INSERT INTO `productdetails` VALUES (51, NULL, NULL, 101);
INSERT INTO `productdetails` VALUES (51, NULL, NULL, 102);
INSERT INTO `productdetails` VALUES (51, NULL, NULL, 103);
INSERT INTO `productdetails` VALUES (51, NULL, NULL, 104);
INSERT INTO `productdetails` VALUES (51, NULL, NULL, 105);
INSERT INTO `productdetails` VALUES (51, NULL, NULL, 106);
INSERT INTO `productdetails` VALUES (51, NULL, NULL, 107);
INSERT INTO `productdetails` VALUES (51, NULL, NULL, 108);
INSERT INTO `productdetails` VALUES (51, NULL, NULL, 109);
INSERT INTO `productdetails` VALUES (51, NULL, NULL, 110);
INSERT INTO `productdetails` VALUES (51, NULL, NULL, 111);
INSERT INTO `productdetails` VALUES (51, NULL, NULL, 112);
INSERT INTO `productdetails` VALUES (51, NULL, NULL, 113);
INSERT INTO `productdetails` VALUES (51, NULL, NULL, 114);
INSERT INTO `productdetails` VALUES (51, NULL, NULL, 115);
INSERT INTO `productdetails` VALUES (51, NULL, NULL, 116);
INSERT INTO `productdetails` VALUES (51, NULL, NULL, 117);
INSERT INTO `productdetails` VALUES (51, NULL, NULL, 118);
INSERT INTO `productdetails` VALUES (51, NULL, NULL, 119);
INSERT INTO `productdetails` VALUES (51, NULL, NULL, 120);
INSERT INTO `productdetails` VALUES (51, NULL, NULL, 121);
INSERT INTO `productdetails` VALUES (51, NULL, NULL, 122);
INSERT INTO `productdetails` VALUES (51, NULL, NULL, 123);
INSERT INTO `productdetails` VALUES (51, NULL, NULL, 124);
INSERT INTO `productdetails` VALUES (51, NULL, NULL, 125);
INSERT INTO `productdetails` VALUES (51, NULL, NULL, 126);
INSERT INTO `productdetails` VALUES (51, NULL, NULL, 127);
INSERT INTO `productdetails` VALUES (51, NULL, NULL, 128);
INSERT INTO `productdetails` VALUES (51, NULL, NULL, 129);
INSERT INTO `productdetails` VALUES (51, NULL, NULL, 130);
INSERT INTO `productdetails` VALUES (51, NULL, NULL, 131);
INSERT INTO `productdetails` VALUES (51, NULL, NULL, 132);
INSERT INTO `productdetails` VALUES (51, NULL, NULL, 133);
INSERT INTO `productdetails` VALUES (51, NULL, NULL, 134);
INSERT INTO `productdetails` VALUES (51, NULL, NULL, 135);
INSERT INTO `productdetails` VALUES (51, NULL, NULL, 136);
INSERT INTO `productdetails` VALUES (51, NULL, NULL, 137);
INSERT INTO `productdetails` VALUES (51, NULL, NULL, 138);
INSERT INTO `productdetails` VALUES (51, NULL, NULL, 139);
INSERT INTO `productdetails` VALUES (51, NULL, NULL, 140);
INSERT INTO `productdetails` VALUES (51, NULL, NULL, 141);
INSERT INTO `productdetails` VALUES (51, NULL, NULL, 142);
INSERT INTO `productdetails` VALUES (51, NULL, NULL, 143);
INSERT INTO `productdetails` VALUES (51, NULL, NULL, 144);
INSERT INTO `productdetails` VALUES (51, NULL, NULL, 145);
INSERT INTO `productdetails` VALUES (51, NULL, NULL, 146);
INSERT INTO `productdetails` VALUES (51, NULL, NULL, 147);
INSERT INTO `productdetails` VALUES (51, NULL, NULL, 148);
INSERT INTO `productdetails` VALUES (51, NULL, NULL, 149);
INSERT INTO `productdetails` VALUES (51, NULL, NULL, 150);
INSERT INTO `productdetails` VALUES (52, NULL, NULL, 2);
INSERT INTO `productdetails` VALUES (53, NULL, NULL, 3);
INSERT INTO `productdetails` VALUES (54, NULL, NULL, 4);
INSERT INTO `productdetails` VALUES (55, NULL, NULL, 5);
INSERT INTO `productdetails` VALUES (56, NULL, NULL, 1);
INSERT INTO `productdetails` VALUES (56, NULL, NULL, 6);
INSERT INTO `productdetails` VALUES (56, NULL, NULL, 7);
INSERT INTO `productdetails` VALUES (56, NULL, NULL, 8);
INSERT INTO `productdetails` VALUES (56, NULL, NULL, 9);
INSERT INTO `productdetails` VALUES (56, NULL, NULL, 10);
INSERT INTO `productdetails` VALUES (56, NULL, NULL, 11);
INSERT INTO `productdetails` VALUES (56, NULL, NULL, 12);
INSERT INTO `productdetails` VALUES (56, NULL, NULL, 13);
INSERT INTO `productdetails` VALUES (56, NULL, NULL, 14);
INSERT INTO `productdetails` VALUES (56, NULL, NULL, 15);
INSERT INTO `productdetails` VALUES (56, NULL, NULL, 16);
INSERT INTO `productdetails` VALUES (56, NULL, NULL, 17);
INSERT INTO `productdetails` VALUES (56, NULL, NULL, 18);
INSERT INTO `productdetails` VALUES (56, NULL, NULL, 19);
INSERT INTO `productdetails` VALUES (56, NULL, NULL, 20);
INSERT INTO `productdetails` VALUES (56, NULL, NULL, 21);
INSERT INTO `productdetails` VALUES (56, NULL, NULL, 22);
INSERT INTO `productdetails` VALUES (56, NULL, NULL, 23);
INSERT INTO `productdetails` VALUES (56, NULL, NULL, 24);
INSERT INTO `productdetails` VALUES (56, NULL, NULL, 25);
INSERT INTO `productdetails` VALUES (56, NULL, NULL, 26);
INSERT INTO `productdetails` VALUES (56, NULL, NULL, 27);
INSERT INTO `productdetails` VALUES (56, NULL, NULL, 28);
INSERT INTO `productdetails` VALUES (56, NULL, NULL, 29);
INSERT INTO `productdetails` VALUES (56, NULL, NULL, 30);
INSERT INTO `productdetails` VALUES (56, NULL, NULL, 31);
INSERT INTO `productdetails` VALUES (56, NULL, NULL, 32);
INSERT INTO `productdetails` VALUES (56, NULL, NULL, 33);
INSERT INTO `productdetails` VALUES (56, NULL, NULL, 34);
INSERT INTO `productdetails` VALUES (56, NULL, NULL, 35);
INSERT INTO `productdetails` VALUES (56, NULL, NULL, 36);
INSERT INTO `productdetails` VALUES (56, NULL, NULL, 37);
INSERT INTO `productdetails` VALUES (56, NULL, NULL, 38);
INSERT INTO `productdetails` VALUES (56, NULL, NULL, 39);
INSERT INTO `productdetails` VALUES (56, NULL, NULL, 40);
INSERT INTO `productdetails` VALUES (56, NULL, NULL, 41);
INSERT INTO `productdetails` VALUES (56, NULL, NULL, 42);
INSERT INTO `productdetails` VALUES (56, NULL, NULL, 43);
INSERT INTO `productdetails` VALUES (56, NULL, NULL, 44);
INSERT INTO `productdetails` VALUES (56, NULL, NULL, 45);
INSERT INTO `productdetails` VALUES (56, NULL, NULL, 46);
INSERT INTO `productdetails` VALUES (56, NULL, NULL, 47);
INSERT INTO `productdetails` VALUES (56, NULL, NULL, 48);
INSERT INTO `productdetails` VALUES (56, NULL, NULL, 49);
INSERT INTO `productdetails` VALUES (56, NULL, NULL, 50);
INSERT INTO `productdetails` VALUES (56, NULL, NULL, 51);
INSERT INTO `productdetails` VALUES (56, NULL, NULL, 52);
INSERT INTO `productdetails` VALUES (56, NULL, NULL, 53);
INSERT INTO `productdetails` VALUES (56, NULL, NULL, 54);
INSERT INTO `productdetails` VALUES (56, NULL, NULL, 55);
INSERT INTO `productdetails` VALUES (56, NULL, NULL, 56);
INSERT INTO `productdetails` VALUES (56, NULL, NULL, 57);
INSERT INTO `productdetails` VALUES (56, NULL, NULL, 58);
INSERT INTO `productdetails` VALUES (56, NULL, NULL, 59);
INSERT INTO `productdetails` VALUES (56, NULL, NULL, 60);
INSERT INTO `productdetails` VALUES (56, NULL, NULL, 61);
INSERT INTO `productdetails` VALUES (56, NULL, NULL, 62);
INSERT INTO `productdetails` VALUES (56, NULL, NULL, 63);
INSERT INTO `productdetails` VALUES (56, NULL, NULL, 64);
INSERT INTO `productdetails` VALUES (56, NULL, NULL, 65);
INSERT INTO `productdetails` VALUES (56, NULL, NULL, 66);
INSERT INTO `productdetails` VALUES (56, NULL, NULL, 67);
INSERT INTO `productdetails` VALUES (56, NULL, NULL, 68);
INSERT INTO `productdetails` VALUES (56, NULL, NULL, 69);
INSERT INTO `productdetails` VALUES (56, NULL, NULL, 70);
INSERT INTO `productdetails` VALUES (56, NULL, NULL, 71);
INSERT INTO `productdetails` VALUES (56, NULL, NULL, 72);
INSERT INTO `productdetails` VALUES (56, NULL, NULL, 73);
INSERT INTO `productdetails` VALUES (56, NULL, NULL, 74);
INSERT INTO `productdetails` VALUES (56, NULL, NULL, 75);
INSERT INTO `productdetails` VALUES (56, NULL, NULL, 76);
INSERT INTO `productdetails` VALUES (56, NULL, NULL, 77);
INSERT INTO `productdetails` VALUES (56, NULL, NULL, 78);
INSERT INTO `productdetails` VALUES (56, NULL, NULL, 79);
INSERT INTO `productdetails` VALUES (56, NULL, NULL, 80);
INSERT INTO `productdetails` VALUES (56, NULL, NULL, 81);
INSERT INTO `productdetails` VALUES (56, NULL, NULL, 82);
INSERT INTO `productdetails` VALUES (56, NULL, NULL, 83);
INSERT INTO `productdetails` VALUES (56, NULL, NULL, 84);
INSERT INTO `productdetails` VALUES (56, NULL, NULL, 85);
INSERT INTO `productdetails` VALUES (56, NULL, NULL, 86);
INSERT INTO `productdetails` VALUES (56, NULL, NULL, 87);
INSERT INTO `productdetails` VALUES (56, NULL, NULL, 88);
INSERT INTO `productdetails` VALUES (56, NULL, NULL, 89);
INSERT INTO `productdetails` VALUES (56, NULL, NULL, 90);
INSERT INTO `productdetails` VALUES (56, NULL, NULL, 91);
INSERT INTO `productdetails` VALUES (56, NULL, NULL, 92);
INSERT INTO `productdetails` VALUES (56, NULL, NULL, 93);
INSERT INTO `productdetails` VALUES (56, NULL, NULL, 94);
INSERT INTO `productdetails` VALUES (56, NULL, NULL, 95);
INSERT INTO `productdetails` VALUES (56, NULL, NULL, 96);
INSERT INTO `productdetails` VALUES (56, NULL, NULL, 97);
INSERT INTO `productdetails` VALUES (56, NULL, NULL, 98);
INSERT INTO `productdetails` VALUES (56, NULL, NULL, 99);
INSERT INTO `productdetails` VALUES (56, NULL, NULL, 100);
INSERT INTO `productdetails` VALUES (56, NULL, NULL, 101);
INSERT INTO `productdetails` VALUES (56, NULL, NULL, 102);
INSERT INTO `productdetails` VALUES (56, NULL, NULL, 103);
INSERT INTO `productdetails` VALUES (56, NULL, NULL, 104);
INSERT INTO `productdetails` VALUES (56, NULL, NULL, 105);
INSERT INTO `productdetails` VALUES (56, NULL, NULL, 106);
INSERT INTO `productdetails` VALUES (56, NULL, NULL, 107);
INSERT INTO `productdetails` VALUES (56, NULL, NULL, 108);
INSERT INTO `productdetails` VALUES (56, NULL, NULL, 109);
INSERT INTO `productdetails` VALUES (56, NULL, NULL, 110);
INSERT INTO `productdetails` VALUES (56, NULL, NULL, 111);
INSERT INTO `productdetails` VALUES (56, NULL, NULL, 112);
INSERT INTO `productdetails` VALUES (56, NULL, NULL, 113);
INSERT INTO `productdetails` VALUES (56, NULL, NULL, 114);
INSERT INTO `productdetails` VALUES (56, NULL, NULL, 115);
INSERT INTO `productdetails` VALUES (56, NULL, NULL, 116);
INSERT INTO `productdetails` VALUES (56, NULL, NULL, 117);
INSERT INTO `productdetails` VALUES (56, NULL, NULL, 118);
INSERT INTO `productdetails` VALUES (56, NULL, NULL, 119);
INSERT INTO `productdetails` VALUES (56, NULL, NULL, 120);
INSERT INTO `productdetails` VALUES (56, NULL, NULL, 121);
INSERT INTO `productdetails` VALUES (56, NULL, NULL, 122);
INSERT INTO `productdetails` VALUES (56, NULL, NULL, 123);
INSERT INTO `productdetails` VALUES (56, NULL, NULL, 124);
INSERT INTO `productdetails` VALUES (56, NULL, NULL, 125);
INSERT INTO `productdetails` VALUES (56, NULL, NULL, 126);
INSERT INTO `productdetails` VALUES (56, NULL, NULL, 127);
INSERT INTO `productdetails` VALUES (56, NULL, NULL, 128);
INSERT INTO `productdetails` VALUES (56, NULL, NULL, 129);
INSERT INTO `productdetails` VALUES (56, NULL, NULL, 130);
INSERT INTO `productdetails` VALUES (56, NULL, NULL, 131);
INSERT INTO `productdetails` VALUES (56, NULL, NULL, 132);
INSERT INTO `productdetails` VALUES (56, NULL, NULL, 133);
INSERT INTO `productdetails` VALUES (56, NULL, NULL, 134);
INSERT INTO `productdetails` VALUES (56, NULL, NULL, 135);
INSERT INTO `productdetails` VALUES (56, NULL, NULL, 136);
INSERT INTO `productdetails` VALUES (56, NULL, NULL, 137);
INSERT INTO `productdetails` VALUES (56, NULL, NULL, 138);
INSERT INTO `productdetails` VALUES (56, NULL, NULL, 139);
INSERT INTO `productdetails` VALUES (56, NULL, NULL, 140);
INSERT INTO `productdetails` VALUES (56, NULL, NULL, 141);
INSERT INTO `productdetails` VALUES (56, NULL, NULL, 142);
INSERT INTO `productdetails` VALUES (56, NULL, NULL, 143);
INSERT INTO `productdetails` VALUES (56, NULL, NULL, 144);
INSERT INTO `productdetails` VALUES (56, NULL, NULL, 145);
INSERT INTO `productdetails` VALUES (56, NULL, NULL, 146);
INSERT INTO `productdetails` VALUES (56, NULL, NULL, 147);
INSERT INTO `productdetails` VALUES (56, NULL, NULL, 148);
INSERT INTO `productdetails` VALUES (56, NULL, NULL, 149);
INSERT INTO `productdetails` VALUES (56, NULL, NULL, 150);
INSERT INTO `productdetails` VALUES (57, NULL, NULL, 2);
INSERT INTO `productdetails` VALUES (58, NULL, NULL, 3);
INSERT INTO `productdetails` VALUES (59, NULL, NULL, 4);
INSERT INTO `productdetails` VALUES (60, NULL, NULL, 5);
INSERT INTO `productdetails` VALUES (61, NULL, NULL, 1);
INSERT INTO `productdetails` VALUES (61, NULL, NULL, 6);
INSERT INTO `productdetails` VALUES (61, NULL, NULL, 7);
INSERT INTO `productdetails` VALUES (61, NULL, NULL, 8);
INSERT INTO `productdetails` VALUES (61, NULL, NULL, 9);
INSERT INTO `productdetails` VALUES (61, NULL, NULL, 10);
INSERT INTO `productdetails` VALUES (61, NULL, NULL, 11);
INSERT INTO `productdetails` VALUES (61, NULL, NULL, 12);
INSERT INTO `productdetails` VALUES (61, NULL, NULL, 13);
INSERT INTO `productdetails` VALUES (61, NULL, NULL, 14);
INSERT INTO `productdetails` VALUES (61, NULL, NULL, 15);
INSERT INTO `productdetails` VALUES (61, NULL, NULL, 16);
INSERT INTO `productdetails` VALUES (61, NULL, NULL, 17);
INSERT INTO `productdetails` VALUES (61, NULL, NULL, 18);
INSERT INTO `productdetails` VALUES (61, NULL, NULL, 19);
INSERT INTO `productdetails` VALUES (61, NULL, NULL, 20);
INSERT INTO `productdetails` VALUES (61, NULL, NULL, 21);
INSERT INTO `productdetails` VALUES (61, NULL, NULL, 22);
INSERT INTO `productdetails` VALUES (61, NULL, NULL, 23);
INSERT INTO `productdetails` VALUES (61, NULL, NULL, 24);
INSERT INTO `productdetails` VALUES (61, NULL, NULL, 25);
INSERT INTO `productdetails` VALUES (61, NULL, NULL, 26);
INSERT INTO `productdetails` VALUES (61, NULL, NULL, 27);
INSERT INTO `productdetails` VALUES (61, NULL, NULL, 28);
INSERT INTO `productdetails` VALUES (61, NULL, NULL, 29);
INSERT INTO `productdetails` VALUES (61, NULL, NULL, 30);
INSERT INTO `productdetails` VALUES (61, NULL, NULL, 31);
INSERT INTO `productdetails` VALUES (61, NULL, NULL, 32);
INSERT INTO `productdetails` VALUES (61, NULL, NULL, 33);
INSERT INTO `productdetails` VALUES (61, NULL, NULL, 34);
INSERT INTO `productdetails` VALUES (61, NULL, NULL, 35);
INSERT INTO `productdetails` VALUES (61, NULL, NULL, 36);
INSERT INTO `productdetails` VALUES (61, NULL, NULL, 37);
INSERT INTO `productdetails` VALUES (61, NULL, NULL, 38);
INSERT INTO `productdetails` VALUES (61, NULL, NULL, 39);
INSERT INTO `productdetails` VALUES (61, NULL, NULL, 40);
INSERT INTO `productdetails` VALUES (61, NULL, NULL, 41);
INSERT INTO `productdetails` VALUES (61, NULL, NULL, 42);
INSERT INTO `productdetails` VALUES (61, NULL, NULL, 43);
INSERT INTO `productdetails` VALUES (61, NULL, NULL, 44);
INSERT INTO `productdetails` VALUES (61, NULL, NULL, 45);
INSERT INTO `productdetails` VALUES (61, NULL, NULL, 46);
INSERT INTO `productdetails` VALUES (61, NULL, NULL, 47);
INSERT INTO `productdetails` VALUES (61, NULL, NULL, 48);
INSERT INTO `productdetails` VALUES (61, NULL, NULL, 49);
INSERT INTO `productdetails` VALUES (61, NULL, NULL, 50);
INSERT INTO `productdetails` VALUES (61, NULL, NULL, 51);
INSERT INTO `productdetails` VALUES (61, NULL, NULL, 52);
INSERT INTO `productdetails` VALUES (61, NULL, NULL, 53);
INSERT INTO `productdetails` VALUES (61, NULL, NULL, 54);
INSERT INTO `productdetails` VALUES (61, NULL, NULL, 55);
INSERT INTO `productdetails` VALUES (61, NULL, NULL, 56);
INSERT INTO `productdetails` VALUES (61, NULL, NULL, 57);
INSERT INTO `productdetails` VALUES (61, NULL, NULL, 58);
INSERT INTO `productdetails` VALUES (61, NULL, NULL, 59);
INSERT INTO `productdetails` VALUES (61, NULL, NULL, 60);
INSERT INTO `productdetails` VALUES (61, NULL, NULL, 61);
INSERT INTO `productdetails` VALUES (61, NULL, NULL, 62);
INSERT INTO `productdetails` VALUES (61, NULL, NULL, 63);
INSERT INTO `productdetails` VALUES (61, NULL, NULL, 64);
INSERT INTO `productdetails` VALUES (61, NULL, NULL, 65);
INSERT INTO `productdetails` VALUES (61, NULL, NULL, 66);
INSERT INTO `productdetails` VALUES (61, NULL, NULL, 67);
INSERT INTO `productdetails` VALUES (61, NULL, NULL, 68);
INSERT INTO `productdetails` VALUES (61, NULL, NULL, 69);
INSERT INTO `productdetails` VALUES (61, NULL, NULL, 70);
INSERT INTO `productdetails` VALUES (61, NULL, NULL, 71);
INSERT INTO `productdetails` VALUES (61, NULL, NULL, 72);
INSERT INTO `productdetails` VALUES (61, NULL, NULL, 73);
INSERT INTO `productdetails` VALUES (61, NULL, NULL, 74);
INSERT INTO `productdetails` VALUES (61, NULL, NULL, 75);
INSERT INTO `productdetails` VALUES (61, NULL, NULL, 76);
INSERT INTO `productdetails` VALUES (61, NULL, NULL, 77);
INSERT INTO `productdetails` VALUES (61, NULL, NULL, 78);
INSERT INTO `productdetails` VALUES (61, NULL, NULL, 79);
INSERT INTO `productdetails` VALUES (61, NULL, NULL, 80);
INSERT INTO `productdetails` VALUES (61, NULL, NULL, 81);
INSERT INTO `productdetails` VALUES (61, NULL, NULL, 82);
INSERT INTO `productdetails` VALUES (61, NULL, NULL, 83);
INSERT INTO `productdetails` VALUES (61, NULL, NULL, 84);
INSERT INTO `productdetails` VALUES (61, NULL, NULL, 85);
INSERT INTO `productdetails` VALUES (61, NULL, NULL, 86);
INSERT INTO `productdetails` VALUES (61, NULL, NULL, 87);
INSERT INTO `productdetails` VALUES (61, NULL, NULL, 88);
INSERT INTO `productdetails` VALUES (61, NULL, NULL, 89);
INSERT INTO `productdetails` VALUES (61, NULL, NULL, 90);
INSERT INTO `productdetails` VALUES (61, NULL, NULL, 91);
INSERT INTO `productdetails` VALUES (61, NULL, NULL, 92);
INSERT INTO `productdetails` VALUES (61, NULL, NULL, 93);
INSERT INTO `productdetails` VALUES (61, NULL, NULL, 94);
INSERT INTO `productdetails` VALUES (61, NULL, NULL, 95);
INSERT INTO `productdetails` VALUES (61, NULL, NULL, 96);
INSERT INTO `productdetails` VALUES (61, NULL, NULL, 97);
INSERT INTO `productdetails` VALUES (61, NULL, NULL, 98);
INSERT INTO `productdetails` VALUES (61, NULL, NULL, 99);
INSERT INTO `productdetails` VALUES (61, NULL, NULL, 100);
INSERT INTO `productdetails` VALUES (61, NULL, NULL, 101);
INSERT INTO `productdetails` VALUES (61, NULL, NULL, 102);
INSERT INTO `productdetails` VALUES (61, NULL, NULL, 103);
INSERT INTO `productdetails` VALUES (61, NULL, NULL, 104);
INSERT INTO `productdetails` VALUES (61, NULL, NULL, 105);
INSERT INTO `productdetails` VALUES (61, NULL, NULL, 106);
INSERT INTO `productdetails` VALUES (61, NULL, NULL, 107);
INSERT INTO `productdetails` VALUES (61, NULL, NULL, 108);
INSERT INTO `productdetails` VALUES (61, NULL, NULL, 109);
INSERT INTO `productdetails` VALUES (61, NULL, NULL, 110);
INSERT INTO `productdetails` VALUES (61, NULL, NULL, 111);
INSERT INTO `productdetails` VALUES (61, NULL, NULL, 112);
INSERT INTO `productdetails` VALUES (61, NULL, NULL, 113);
INSERT INTO `productdetails` VALUES (61, NULL, NULL, 114);
INSERT INTO `productdetails` VALUES (61, NULL, NULL, 115);
INSERT INTO `productdetails` VALUES (61, NULL, NULL, 116);
INSERT INTO `productdetails` VALUES (61, NULL, NULL, 117);
INSERT INTO `productdetails` VALUES (61, NULL, NULL, 118);
INSERT INTO `productdetails` VALUES (61, NULL, NULL, 119);
INSERT INTO `productdetails` VALUES (61, NULL, NULL, 120);
INSERT INTO `productdetails` VALUES (61, NULL, NULL, 121);
INSERT INTO `productdetails` VALUES (61, NULL, NULL, 122);
INSERT INTO `productdetails` VALUES (61, NULL, NULL, 123);
INSERT INTO `productdetails` VALUES (61, NULL, NULL, 124);
INSERT INTO `productdetails` VALUES (61, NULL, NULL, 125);
INSERT INTO `productdetails` VALUES (61, NULL, NULL, 126);
INSERT INTO `productdetails` VALUES (61, NULL, NULL, 127);
INSERT INTO `productdetails` VALUES (61, NULL, NULL, 128);
INSERT INTO `productdetails` VALUES (61, NULL, NULL, 129);
INSERT INTO `productdetails` VALUES (61, NULL, NULL, 130);
INSERT INTO `productdetails` VALUES (61, NULL, NULL, 131);
INSERT INTO `productdetails` VALUES (61, NULL, NULL, 132);
INSERT INTO `productdetails` VALUES (61, NULL, NULL, 133);
INSERT INTO `productdetails` VALUES (61, NULL, NULL, 134);
INSERT INTO `productdetails` VALUES (61, NULL, NULL, 135);
INSERT INTO `productdetails` VALUES (61, NULL, NULL, 136);
INSERT INTO `productdetails` VALUES (61, NULL, NULL, 137);
INSERT INTO `productdetails` VALUES (61, NULL, NULL, 138);
INSERT INTO `productdetails` VALUES (61, NULL, NULL, 139);
INSERT INTO `productdetails` VALUES (61, NULL, NULL, 140);
INSERT INTO `productdetails` VALUES (61, NULL, NULL, 141);
INSERT INTO `productdetails` VALUES (61, NULL, NULL, 142);
INSERT INTO `productdetails` VALUES (61, NULL, NULL, 143);
INSERT INTO `productdetails` VALUES (61, NULL, NULL, 144);
INSERT INTO `productdetails` VALUES (61, NULL, NULL, 145);
INSERT INTO `productdetails` VALUES (61, NULL, NULL, 146);
INSERT INTO `productdetails` VALUES (61, NULL, NULL, 147);
INSERT INTO `productdetails` VALUES (61, NULL, NULL, 148);
INSERT INTO `productdetails` VALUES (61, NULL, NULL, 149);
INSERT INTO `productdetails` VALUES (61, NULL, NULL, 150);
INSERT INTO `productdetails` VALUES (62, NULL, NULL, 2);
INSERT INTO `productdetails` VALUES (63, NULL, NULL, 3);
INSERT INTO `productdetails` VALUES (64, NULL, NULL, 4);
INSERT INTO `productdetails` VALUES (65, NULL, NULL, 5);
INSERT INTO `productdetails` VALUES (66, NULL, NULL, 1);
INSERT INTO `productdetails` VALUES (66, NULL, NULL, 6);
INSERT INTO `productdetails` VALUES (66, NULL, NULL, 7);
INSERT INTO `productdetails` VALUES (66, NULL, NULL, 8);
INSERT INTO `productdetails` VALUES (66, NULL, NULL, 9);
INSERT INTO `productdetails` VALUES (66, NULL, NULL, 10);
INSERT INTO `productdetails` VALUES (66, NULL, NULL, 11);
INSERT INTO `productdetails` VALUES (66, NULL, NULL, 12);
INSERT INTO `productdetails` VALUES (66, NULL, NULL, 13);
INSERT INTO `productdetails` VALUES (66, NULL, NULL, 14);
INSERT INTO `productdetails` VALUES (66, NULL, NULL, 15);
INSERT INTO `productdetails` VALUES (66, NULL, NULL, 16);
INSERT INTO `productdetails` VALUES (66, NULL, NULL, 17);
INSERT INTO `productdetails` VALUES (66, NULL, NULL, 18);
INSERT INTO `productdetails` VALUES (66, NULL, NULL, 19);
INSERT INTO `productdetails` VALUES (66, NULL, NULL, 20);
INSERT INTO `productdetails` VALUES (66, NULL, NULL, 21);
INSERT INTO `productdetails` VALUES (66, NULL, NULL, 22);
INSERT INTO `productdetails` VALUES (66, NULL, NULL, 23);
INSERT INTO `productdetails` VALUES (66, NULL, NULL, 24);
INSERT INTO `productdetails` VALUES (66, NULL, NULL, 25);
INSERT INTO `productdetails` VALUES (66, NULL, NULL, 26);
INSERT INTO `productdetails` VALUES (66, NULL, NULL, 27);
INSERT INTO `productdetails` VALUES (66, NULL, NULL, 28);
INSERT INTO `productdetails` VALUES (66, NULL, NULL, 29);
INSERT INTO `productdetails` VALUES (66, NULL, NULL, 30);
INSERT INTO `productdetails` VALUES (66, NULL, NULL, 31);
INSERT INTO `productdetails` VALUES (66, NULL, NULL, 32);
INSERT INTO `productdetails` VALUES (66, NULL, NULL, 33);
INSERT INTO `productdetails` VALUES (66, NULL, NULL, 34);
INSERT INTO `productdetails` VALUES (66, NULL, NULL, 35);
INSERT INTO `productdetails` VALUES (66, NULL, NULL, 36);
INSERT INTO `productdetails` VALUES (66, NULL, NULL, 37);
INSERT INTO `productdetails` VALUES (66, NULL, NULL, 38);
INSERT INTO `productdetails` VALUES (66, NULL, NULL, 39);
INSERT INTO `productdetails` VALUES (66, NULL, NULL, 40);
INSERT INTO `productdetails` VALUES (66, NULL, NULL, 41);
INSERT INTO `productdetails` VALUES (66, NULL, NULL, 42);
INSERT INTO `productdetails` VALUES (66, NULL, NULL, 43);
INSERT INTO `productdetails` VALUES (66, NULL, NULL, 44);
INSERT INTO `productdetails` VALUES (66, NULL, NULL, 45);
INSERT INTO `productdetails` VALUES (66, NULL, NULL, 46);
INSERT INTO `productdetails` VALUES (66, NULL, NULL, 47);
INSERT INTO `productdetails` VALUES (66, NULL, NULL, 48);
INSERT INTO `productdetails` VALUES (66, NULL, NULL, 49);
INSERT INTO `productdetails` VALUES (66, NULL, NULL, 50);
INSERT INTO `productdetails` VALUES (66, NULL, NULL, 51);
INSERT INTO `productdetails` VALUES (66, NULL, NULL, 52);
INSERT INTO `productdetails` VALUES (66, NULL, NULL, 53);
INSERT INTO `productdetails` VALUES (66, NULL, NULL, 54);
INSERT INTO `productdetails` VALUES (66, NULL, NULL, 55);
INSERT INTO `productdetails` VALUES (66, NULL, NULL, 56);
INSERT INTO `productdetails` VALUES (66, NULL, NULL, 57);
INSERT INTO `productdetails` VALUES (66, NULL, NULL, 58);
INSERT INTO `productdetails` VALUES (66, NULL, NULL, 59);
INSERT INTO `productdetails` VALUES (66, NULL, NULL, 60);
INSERT INTO `productdetails` VALUES (66, NULL, NULL, 61);
INSERT INTO `productdetails` VALUES (66, NULL, NULL, 62);
INSERT INTO `productdetails` VALUES (66, NULL, NULL, 63);
INSERT INTO `productdetails` VALUES (66, NULL, NULL, 64);
INSERT INTO `productdetails` VALUES (66, NULL, NULL, 65);
INSERT INTO `productdetails` VALUES (66, NULL, NULL, 66);
INSERT INTO `productdetails` VALUES (66, NULL, NULL, 67);
INSERT INTO `productdetails` VALUES (66, NULL, NULL, 68);
INSERT INTO `productdetails` VALUES (66, NULL, NULL, 69);
INSERT INTO `productdetails` VALUES (66, NULL, NULL, 70);
INSERT INTO `productdetails` VALUES (66, NULL, NULL, 71);
INSERT INTO `productdetails` VALUES (66, NULL, NULL, 72);
INSERT INTO `productdetails` VALUES (66, NULL, NULL, 73);
INSERT INTO `productdetails` VALUES (66, NULL, NULL, 74);
INSERT INTO `productdetails` VALUES (66, NULL, NULL, 75);
INSERT INTO `productdetails` VALUES (66, NULL, NULL, 76);
INSERT INTO `productdetails` VALUES (66, NULL, NULL, 77);
INSERT INTO `productdetails` VALUES (66, NULL, NULL, 78);
INSERT INTO `productdetails` VALUES (66, NULL, NULL, 79);
INSERT INTO `productdetails` VALUES (66, NULL, NULL, 80);
INSERT INTO `productdetails` VALUES (66, NULL, NULL, 81);
INSERT INTO `productdetails` VALUES (66, NULL, NULL, 82);
INSERT INTO `productdetails` VALUES (66, NULL, NULL, 83);
INSERT INTO `productdetails` VALUES (66, NULL, NULL, 84);
INSERT INTO `productdetails` VALUES (66, NULL, NULL, 85);
INSERT INTO `productdetails` VALUES (66, NULL, NULL, 86);
INSERT INTO `productdetails` VALUES (66, NULL, NULL, 87);
INSERT INTO `productdetails` VALUES (66, NULL, NULL, 88);
INSERT INTO `productdetails` VALUES (66, NULL, NULL, 89);
INSERT INTO `productdetails` VALUES (66, NULL, NULL, 90);
INSERT INTO `productdetails` VALUES (66, NULL, NULL, 91);
INSERT INTO `productdetails` VALUES (66, NULL, NULL, 92);
INSERT INTO `productdetails` VALUES (66, NULL, NULL, 93);
INSERT INTO `productdetails` VALUES (66, NULL, NULL, 94);
INSERT INTO `productdetails` VALUES (66, NULL, NULL, 95);
INSERT INTO `productdetails` VALUES (66, NULL, NULL, 96);
INSERT INTO `productdetails` VALUES (66, NULL, NULL, 97);
INSERT INTO `productdetails` VALUES (66, NULL, NULL, 98);
INSERT INTO `productdetails` VALUES (66, NULL, NULL, 99);
INSERT INTO `productdetails` VALUES (66, NULL, NULL, 100);
INSERT INTO `productdetails` VALUES (66, NULL, NULL, 101);
INSERT INTO `productdetails` VALUES (66, NULL, NULL, 102);
INSERT INTO `productdetails` VALUES (66, NULL, NULL, 103);
INSERT INTO `productdetails` VALUES (66, NULL, NULL, 104);
INSERT INTO `productdetails` VALUES (66, NULL, NULL, 105);
INSERT INTO `productdetails` VALUES (66, NULL, NULL, 106);
INSERT INTO `productdetails` VALUES (66, NULL, NULL, 107);
INSERT INTO `productdetails` VALUES (66, NULL, NULL, 108);
INSERT INTO `productdetails` VALUES (66, NULL, NULL, 109);
INSERT INTO `productdetails` VALUES (66, NULL, NULL, 110);
INSERT INTO `productdetails` VALUES (66, NULL, NULL, 111);
INSERT INTO `productdetails` VALUES (66, NULL, NULL, 112);
INSERT INTO `productdetails` VALUES (66, NULL, NULL, 113);
INSERT INTO `productdetails` VALUES (66, NULL, NULL, 114);
INSERT INTO `productdetails` VALUES (66, NULL, NULL, 115);
INSERT INTO `productdetails` VALUES (66, NULL, NULL, 116);
INSERT INTO `productdetails` VALUES (66, NULL, NULL, 117);
INSERT INTO `productdetails` VALUES (66, NULL, NULL, 118);
INSERT INTO `productdetails` VALUES (66, NULL, NULL, 119);
INSERT INTO `productdetails` VALUES (66, NULL, NULL, 120);
INSERT INTO `productdetails` VALUES (66, NULL, NULL, 121);
INSERT INTO `productdetails` VALUES (66, NULL, NULL, 122);
INSERT INTO `productdetails` VALUES (66, NULL, NULL, 123);
INSERT INTO `productdetails` VALUES (66, NULL, NULL, 124);
INSERT INTO `productdetails` VALUES (66, NULL, NULL, 125);
INSERT INTO `productdetails` VALUES (66, NULL, NULL, 126);
INSERT INTO `productdetails` VALUES (66, NULL, NULL, 127);
INSERT INTO `productdetails` VALUES (66, NULL, NULL, 128);
INSERT INTO `productdetails` VALUES (66, NULL, NULL, 129);
INSERT INTO `productdetails` VALUES (66, NULL, NULL, 130);
INSERT INTO `productdetails` VALUES (66, NULL, NULL, 131);
INSERT INTO `productdetails` VALUES (66, NULL, NULL, 132);
INSERT INTO `productdetails` VALUES (66, NULL, NULL, 133);
INSERT INTO `productdetails` VALUES (66, NULL, NULL, 134);
INSERT INTO `productdetails` VALUES (66, NULL, NULL, 135);
INSERT INTO `productdetails` VALUES (66, NULL, NULL, 136);
INSERT INTO `productdetails` VALUES (66, NULL, NULL, 137);
INSERT INTO `productdetails` VALUES (66, NULL, NULL, 138);
INSERT INTO `productdetails` VALUES (66, NULL, NULL, 139);
INSERT INTO `productdetails` VALUES (66, NULL, NULL, 140);
INSERT INTO `productdetails` VALUES (66, NULL, NULL, 141);
INSERT INTO `productdetails` VALUES (66, NULL, NULL, 142);
INSERT INTO `productdetails` VALUES (66, NULL, NULL, 143);
INSERT INTO `productdetails` VALUES (66, NULL, NULL, 144);
INSERT INTO `productdetails` VALUES (66, NULL, NULL, 145);
INSERT INTO `productdetails` VALUES (66, NULL, NULL, 146);
INSERT INTO `productdetails` VALUES (66, NULL, NULL, 147);
INSERT INTO `productdetails` VALUES (66, NULL, NULL, 148);
INSERT INTO `productdetails` VALUES (66, NULL, NULL, 149);
INSERT INTO `productdetails` VALUES (66, NULL, NULL, 150);
INSERT INTO `productdetails` VALUES (67, NULL, NULL, 2);
INSERT INTO `productdetails` VALUES (68, NULL, NULL, 3);
INSERT INTO `productdetails` VALUES (69, NULL, NULL, 4);
INSERT INTO `productdetails` VALUES (70, NULL, NULL, 5);
INSERT INTO `productdetails` VALUES (71, NULL, NULL, 1);
INSERT INTO `productdetails` VALUES (71, NULL, NULL, 6);
INSERT INTO `productdetails` VALUES (71, NULL, NULL, 7);
INSERT INTO `productdetails` VALUES (71, NULL, NULL, 8);
INSERT INTO `productdetails` VALUES (71, NULL, NULL, 9);
INSERT INTO `productdetails` VALUES (71, NULL, NULL, 10);
INSERT INTO `productdetails` VALUES (72, NULL, NULL, 2);
INSERT INTO `productdetails` VALUES (73, NULL, NULL, 3);
INSERT INTO `productdetails` VALUES (74, NULL, NULL, 4);
INSERT INTO `productdetails` VALUES (75, NULL, NULL, 5);
INSERT INTO `productdetails` VALUES (76, NULL, NULL, 1);
INSERT INTO `productdetails` VALUES (76, NULL, NULL, 6);
INSERT INTO `productdetails` VALUES (76, NULL, NULL, 7);
INSERT INTO `productdetails` VALUES (76, NULL, NULL, 8);
INSERT INTO `productdetails` VALUES (76, NULL, NULL, 9);
INSERT INTO `productdetails` VALUES (76, NULL, NULL, 10);
INSERT INTO `productdetails` VALUES (76, NULL, NULL, 11);
INSERT INTO `productdetails` VALUES (76, NULL, NULL, 12);
INSERT INTO `productdetails` VALUES (76, NULL, NULL, 13);
INSERT INTO `productdetails` VALUES (76, NULL, NULL, 14);
INSERT INTO `productdetails` VALUES (76, NULL, NULL, 15);
INSERT INTO `productdetails` VALUES (76, NULL, NULL, 16);
INSERT INTO `productdetails` VALUES (76, NULL, NULL, 17);
INSERT INTO `productdetails` VALUES (76, NULL, NULL, 18);
INSERT INTO `productdetails` VALUES (76, NULL, NULL, 19);
INSERT INTO `productdetails` VALUES (76, NULL, NULL, 20);
INSERT INTO `productdetails` VALUES (76, NULL, NULL, 21);
INSERT INTO `productdetails` VALUES (76, NULL, NULL, 22);
INSERT INTO `productdetails` VALUES (76, NULL, NULL, 23);
INSERT INTO `productdetails` VALUES (76, NULL, NULL, 24);
INSERT INTO `productdetails` VALUES (76, NULL, NULL, 25);
INSERT INTO `productdetails` VALUES (76, NULL, NULL, 26);
INSERT INTO `productdetails` VALUES (76, NULL, NULL, 27);
INSERT INTO `productdetails` VALUES (76, NULL, NULL, 28);
INSERT INTO `productdetails` VALUES (76, NULL, NULL, 29);
INSERT INTO `productdetails` VALUES (76, NULL, NULL, 30);
INSERT INTO `productdetails` VALUES (76, NULL, NULL, 31);
INSERT INTO `productdetails` VALUES (76, NULL, NULL, 32);
INSERT INTO `productdetails` VALUES (76, NULL, NULL, 33);
INSERT INTO `productdetails` VALUES (76, NULL, NULL, 34);
INSERT INTO `productdetails` VALUES (76, NULL, NULL, 35);
INSERT INTO `productdetails` VALUES (76, NULL, NULL, 36);
INSERT INTO `productdetails` VALUES (76, NULL, NULL, 37);
INSERT INTO `productdetails` VALUES (76, NULL, NULL, 38);
INSERT INTO `productdetails` VALUES (76, NULL, NULL, 39);
INSERT INTO `productdetails` VALUES (76, NULL, NULL, 40);
INSERT INTO `productdetails` VALUES (76, NULL, NULL, 41);
INSERT INTO `productdetails` VALUES (76, NULL, NULL, 42);
INSERT INTO `productdetails` VALUES (76, NULL, NULL, 43);
INSERT INTO `productdetails` VALUES (76, NULL, NULL, 44);
INSERT INTO `productdetails` VALUES (76, NULL, NULL, 45);
INSERT INTO `productdetails` VALUES (76, NULL, NULL, 46);
INSERT INTO `productdetails` VALUES (76, NULL, NULL, 47);
INSERT INTO `productdetails` VALUES (76, NULL, NULL, 48);
INSERT INTO `productdetails` VALUES (76, NULL, NULL, 49);
INSERT INTO `productdetails` VALUES (76, NULL, NULL, 50);
INSERT INTO `productdetails` VALUES (76, NULL, NULL, 51);
INSERT INTO `productdetails` VALUES (76, NULL, NULL, 52);
INSERT INTO `productdetails` VALUES (76, NULL, NULL, 53);
INSERT INTO `productdetails` VALUES (76, NULL, NULL, 54);
INSERT INTO `productdetails` VALUES (76, NULL, NULL, 55);
INSERT INTO `productdetails` VALUES (76, NULL, NULL, 56);
INSERT INTO `productdetails` VALUES (76, NULL, NULL, 57);
INSERT INTO `productdetails` VALUES (76, NULL, NULL, 58);
INSERT INTO `productdetails` VALUES (76, NULL, NULL, 59);
INSERT INTO `productdetails` VALUES (76, NULL, NULL, 60);
INSERT INTO `productdetails` VALUES (76, NULL, NULL, 61);
INSERT INTO `productdetails` VALUES (76, NULL, NULL, 62);
INSERT INTO `productdetails` VALUES (76, NULL, NULL, 63);
INSERT INTO `productdetails` VALUES (76, NULL, NULL, 64);
INSERT INTO `productdetails` VALUES (76, NULL, NULL, 65);
INSERT INTO `productdetails` VALUES (76, NULL, NULL, 66);
INSERT INTO `productdetails` VALUES (76, NULL, NULL, 67);
INSERT INTO `productdetails` VALUES (76, NULL, NULL, 68);
INSERT INTO `productdetails` VALUES (76, NULL, NULL, 69);
INSERT INTO `productdetails` VALUES (76, NULL, NULL, 70);
INSERT INTO `productdetails` VALUES (76, NULL, NULL, 71);
INSERT INTO `productdetails` VALUES (76, NULL, NULL, 72);
INSERT INTO `productdetails` VALUES (76, NULL, NULL, 73);
INSERT INTO `productdetails` VALUES (76, NULL, NULL, 74);
INSERT INTO `productdetails` VALUES (76, NULL, NULL, 75);
INSERT INTO `productdetails` VALUES (76, NULL, NULL, 76);
INSERT INTO `productdetails` VALUES (76, NULL, NULL, 77);
INSERT INTO `productdetails` VALUES (76, NULL, NULL, 78);
INSERT INTO `productdetails` VALUES (76, NULL, NULL, 79);
INSERT INTO `productdetails` VALUES (76, NULL, NULL, 80);
INSERT INTO `productdetails` VALUES (76, NULL, NULL, 81);
INSERT INTO `productdetails` VALUES (76, NULL, NULL, 82);
INSERT INTO `productdetails` VALUES (76, NULL, NULL, 83);
INSERT INTO `productdetails` VALUES (76, NULL, NULL, 84);
INSERT INTO `productdetails` VALUES (76, NULL, NULL, 85);
INSERT INTO `productdetails` VALUES (76, NULL, NULL, 86);
INSERT INTO `productdetails` VALUES (76, NULL, NULL, 87);
INSERT INTO `productdetails` VALUES (76, NULL, NULL, 88);
INSERT INTO `productdetails` VALUES (76, NULL, NULL, 89);
INSERT INTO `productdetails` VALUES (76, NULL, NULL, 90);
INSERT INTO `productdetails` VALUES (76, NULL, NULL, 91);
INSERT INTO `productdetails` VALUES (76, NULL, NULL, 92);
INSERT INTO `productdetails` VALUES (76, NULL, NULL, 93);
INSERT INTO `productdetails` VALUES (76, NULL, NULL, 94);
INSERT INTO `productdetails` VALUES (76, NULL, NULL, 95);
INSERT INTO `productdetails` VALUES (76, NULL, NULL, 96);
INSERT INTO `productdetails` VALUES (76, NULL, NULL, 97);
INSERT INTO `productdetails` VALUES (76, NULL, NULL, 98);
INSERT INTO `productdetails` VALUES (76, NULL, NULL, 99);
INSERT INTO `productdetails` VALUES (76, NULL, NULL, 100);
INSERT INTO `productdetails` VALUES (76, NULL, NULL, 101);
INSERT INTO `productdetails` VALUES (76, NULL, NULL, 102);
INSERT INTO `productdetails` VALUES (76, NULL, NULL, 103);
INSERT INTO `productdetails` VALUES (76, NULL, NULL, 104);
INSERT INTO `productdetails` VALUES (76, NULL, NULL, 105);
INSERT INTO `productdetails` VALUES (76, NULL, NULL, 106);
INSERT INTO `productdetails` VALUES (76, NULL, NULL, 107);
INSERT INTO `productdetails` VALUES (76, NULL, NULL, 108);
INSERT INTO `productdetails` VALUES (76, NULL, NULL, 109);
INSERT INTO `productdetails` VALUES (76, NULL, NULL, 110);
INSERT INTO `productdetails` VALUES (76, NULL, NULL, 111);
INSERT INTO `productdetails` VALUES (76, NULL, NULL, 112);
INSERT INTO `productdetails` VALUES (76, NULL, NULL, 113);
INSERT INTO `productdetails` VALUES (76, NULL, NULL, 114);
INSERT INTO `productdetails` VALUES (76, NULL, NULL, 115);
INSERT INTO `productdetails` VALUES (76, NULL, NULL, 116);
INSERT INTO `productdetails` VALUES (76, NULL, NULL, 117);
INSERT INTO `productdetails` VALUES (76, NULL, NULL, 118);
INSERT INTO `productdetails` VALUES (76, NULL, NULL, 119);
INSERT INTO `productdetails` VALUES (76, NULL, NULL, 120);
INSERT INTO `productdetails` VALUES (76, NULL, NULL, 121);
INSERT INTO `productdetails` VALUES (76, NULL, NULL, 122);
INSERT INTO `productdetails` VALUES (76, NULL, NULL, 123);
INSERT INTO `productdetails` VALUES (76, NULL, NULL, 124);
INSERT INTO `productdetails` VALUES (76, NULL, NULL, 125);
INSERT INTO `productdetails` VALUES (76, NULL, NULL, 126);
INSERT INTO `productdetails` VALUES (76, NULL, NULL, 127);
INSERT INTO `productdetails` VALUES (76, NULL, NULL, 128);
INSERT INTO `productdetails` VALUES (76, NULL, NULL, 129);
INSERT INTO `productdetails` VALUES (76, NULL, NULL, 130);
INSERT INTO `productdetails` VALUES (76, NULL, NULL, 131);
INSERT INTO `productdetails` VALUES (76, NULL, NULL, 132);
INSERT INTO `productdetails` VALUES (76, NULL, NULL, 133);
INSERT INTO `productdetails` VALUES (76, NULL, NULL, 134);
INSERT INTO `productdetails` VALUES (76, NULL, NULL, 135);
INSERT INTO `productdetails` VALUES (76, NULL, NULL, 136);
INSERT INTO `productdetails` VALUES (76, NULL, NULL, 137);
INSERT INTO `productdetails` VALUES (76, NULL, NULL, 138);
INSERT INTO `productdetails` VALUES (76, NULL, NULL, 139);
INSERT INTO `productdetails` VALUES (76, NULL, NULL, 140);
INSERT INTO `productdetails` VALUES (76, NULL, NULL, 141);
INSERT INTO `productdetails` VALUES (76, NULL, NULL, 142);
INSERT INTO `productdetails` VALUES (76, NULL, NULL, 143);
INSERT INTO `productdetails` VALUES (76, NULL, NULL, 144);
INSERT INTO `productdetails` VALUES (76, NULL, NULL, 145);
INSERT INTO `productdetails` VALUES (76, NULL, NULL, 146);
INSERT INTO `productdetails` VALUES (76, NULL, NULL, 147);
INSERT INTO `productdetails` VALUES (76, NULL, NULL, 148);
INSERT INTO `productdetails` VALUES (76, NULL, NULL, 149);
INSERT INTO `productdetails` VALUES (76, NULL, NULL, 150);
INSERT INTO `productdetails` VALUES (77, NULL, NULL, 2);
INSERT INTO `productdetails` VALUES (78, NULL, NULL, 3);
INSERT INTO `productdetails` VALUES (79, NULL, NULL, 4);
INSERT INTO `productdetails` VALUES (80, NULL, NULL, 5);
INSERT INTO `productdetails` VALUES (81, NULL, NULL, 1);
INSERT INTO `productdetails` VALUES (81, NULL, NULL, 6);
INSERT INTO `productdetails` VALUES (81, NULL, NULL, 7);
INSERT INTO `productdetails` VALUES (81, NULL, NULL, 8);
INSERT INTO `productdetails` VALUES (81, NULL, NULL, 9);
INSERT INTO `productdetails` VALUES (81, NULL, NULL, 10);
INSERT INTO `productdetails` VALUES (81, NULL, NULL, 11);
INSERT INTO `productdetails` VALUES (81, NULL, NULL, 12);
INSERT INTO `productdetails` VALUES (81, NULL, NULL, 13);
INSERT INTO `productdetails` VALUES (81, NULL, NULL, 14);
INSERT INTO `productdetails` VALUES (81, NULL, NULL, 15);
INSERT INTO `productdetails` VALUES (81, NULL, NULL, 16);
INSERT INTO `productdetails` VALUES (81, NULL, NULL, 17);
INSERT INTO `productdetails` VALUES (81, NULL, NULL, 18);
INSERT INTO `productdetails` VALUES (81, NULL, NULL, 19);
INSERT INTO `productdetails` VALUES (81, NULL, NULL, 20);
INSERT INTO `productdetails` VALUES (81, NULL, NULL, 21);
INSERT INTO `productdetails` VALUES (81, NULL, NULL, 22);
INSERT INTO `productdetails` VALUES (81, NULL, NULL, 23);
INSERT INTO `productdetails` VALUES (81, NULL, NULL, 24);
INSERT INTO `productdetails` VALUES (81, NULL, NULL, 25);
INSERT INTO `productdetails` VALUES (81, NULL, NULL, 26);
INSERT INTO `productdetails` VALUES (81, NULL, NULL, 27);
INSERT INTO `productdetails` VALUES (81, NULL, NULL, 28);
INSERT INTO `productdetails` VALUES (81, NULL, NULL, 29);
INSERT INTO `productdetails` VALUES (81, NULL, NULL, 30);
INSERT INTO `productdetails` VALUES (81, NULL, NULL, 31);
INSERT INTO `productdetails` VALUES (81, NULL, NULL, 32);
INSERT INTO `productdetails` VALUES (81, NULL, NULL, 33);
INSERT INTO `productdetails` VALUES (81, NULL, NULL, 34);
INSERT INTO `productdetails` VALUES (81, NULL, NULL, 35);
INSERT INTO `productdetails` VALUES (81, NULL, NULL, 36);
INSERT INTO `productdetails` VALUES (81, NULL, NULL, 37);
INSERT INTO `productdetails` VALUES (81, NULL, NULL, 38);
INSERT INTO `productdetails` VALUES (81, NULL, NULL, 39);
INSERT INTO `productdetails` VALUES (81, NULL, NULL, 40);
INSERT INTO `productdetails` VALUES (81, NULL, NULL, 41);
INSERT INTO `productdetails` VALUES (81, NULL, NULL, 42);
INSERT INTO `productdetails` VALUES (81, NULL, NULL, 43);
INSERT INTO `productdetails` VALUES (81, NULL, NULL, 44);
INSERT INTO `productdetails` VALUES (81, NULL, NULL, 45);
INSERT INTO `productdetails` VALUES (81, NULL, NULL, 46);
INSERT INTO `productdetails` VALUES (81, NULL, NULL, 47);
INSERT INTO `productdetails` VALUES (81, NULL, NULL, 48);
INSERT INTO `productdetails` VALUES (81, NULL, NULL, 49);
INSERT INTO `productdetails` VALUES (81, NULL, NULL, 50);
INSERT INTO `productdetails` VALUES (81, NULL, NULL, 51);
INSERT INTO `productdetails` VALUES (81, NULL, NULL, 52);
INSERT INTO `productdetails` VALUES (81, NULL, NULL, 53);
INSERT INTO `productdetails` VALUES (81, NULL, NULL, 54);
INSERT INTO `productdetails` VALUES (81, NULL, NULL, 55);
INSERT INTO `productdetails` VALUES (81, NULL, NULL, 56);
INSERT INTO `productdetails` VALUES (81, NULL, NULL, 57);
INSERT INTO `productdetails` VALUES (81, NULL, NULL, 58);
INSERT INTO `productdetails` VALUES (81, NULL, NULL, 59);
INSERT INTO `productdetails` VALUES (81, NULL, NULL, 60);
INSERT INTO `productdetails` VALUES (81, NULL, NULL, 61);
INSERT INTO `productdetails` VALUES (81, NULL, NULL, 62);
INSERT INTO `productdetails` VALUES (81, NULL, NULL, 63);
INSERT INTO `productdetails` VALUES (81, NULL, NULL, 64);
INSERT INTO `productdetails` VALUES (81, NULL, NULL, 65);
INSERT INTO `productdetails` VALUES (81, NULL, NULL, 66);
INSERT INTO `productdetails` VALUES (81, NULL, NULL, 67);
INSERT INTO `productdetails` VALUES (81, NULL, NULL, 68);
INSERT INTO `productdetails` VALUES (81, NULL, NULL, 69);
INSERT INTO `productdetails` VALUES (81, NULL, NULL, 70);
INSERT INTO `productdetails` VALUES (81, NULL, NULL, 71);
INSERT INTO `productdetails` VALUES (81, NULL, NULL, 72);
INSERT INTO `productdetails` VALUES (81, NULL, NULL, 73);
INSERT INTO `productdetails` VALUES (81, NULL, NULL, 74);
INSERT INTO `productdetails` VALUES (81, NULL, NULL, 75);
INSERT INTO `productdetails` VALUES (81, NULL, NULL, 76);
INSERT INTO `productdetails` VALUES (81, NULL, NULL, 77);
INSERT INTO `productdetails` VALUES (81, NULL, NULL, 78);
INSERT INTO `productdetails` VALUES (81, NULL, NULL, 79);
INSERT INTO `productdetails` VALUES (81, NULL, NULL, 80);
INSERT INTO `productdetails` VALUES (81, NULL, NULL, 81);
INSERT INTO `productdetails` VALUES (81, NULL, NULL, 82);
INSERT INTO `productdetails` VALUES (81, NULL, NULL, 83);
INSERT INTO `productdetails` VALUES (81, NULL, NULL, 84);
INSERT INTO `productdetails` VALUES (81, NULL, NULL, 85);
INSERT INTO `productdetails` VALUES (81, NULL, NULL, 86);
INSERT INTO `productdetails` VALUES (81, NULL, NULL, 87);
INSERT INTO `productdetails` VALUES (81, NULL, NULL, 88);
INSERT INTO `productdetails` VALUES (81, NULL, NULL, 89);
INSERT INTO `productdetails` VALUES (81, NULL, NULL, 90);
INSERT INTO `productdetails` VALUES (81, NULL, NULL, 91);
INSERT INTO `productdetails` VALUES (81, NULL, NULL, 92);
INSERT INTO `productdetails` VALUES (81, NULL, NULL, 93);
INSERT INTO `productdetails` VALUES (81, NULL, NULL, 94);
INSERT INTO `productdetails` VALUES (81, NULL, NULL, 95);
INSERT INTO `productdetails` VALUES (81, NULL, NULL, 96);
INSERT INTO `productdetails` VALUES (81, NULL, NULL, 97);
INSERT INTO `productdetails` VALUES (81, NULL, NULL, 98);
INSERT INTO `productdetails` VALUES (81, NULL, NULL, 99);
INSERT INTO `productdetails` VALUES (81, NULL, NULL, 100);
INSERT INTO `productdetails` VALUES (81, NULL, NULL, 101);
INSERT INTO `productdetails` VALUES (81, NULL, NULL, 102);
INSERT INTO `productdetails` VALUES (81, NULL, NULL, 103);
INSERT INTO `productdetails` VALUES (81, NULL, NULL, 104);
INSERT INTO `productdetails` VALUES (81, NULL, NULL, 105);
INSERT INTO `productdetails` VALUES (81, NULL, NULL, 106);
INSERT INTO `productdetails` VALUES (81, NULL, NULL, 107);
INSERT INTO `productdetails` VALUES (81, NULL, NULL, 108);
INSERT INTO `productdetails` VALUES (81, NULL, NULL, 109);
INSERT INTO `productdetails` VALUES (81, NULL, NULL, 110);
INSERT INTO `productdetails` VALUES (81, NULL, NULL, 111);
INSERT INTO `productdetails` VALUES (81, NULL, NULL, 112);
INSERT INTO `productdetails` VALUES (81, NULL, NULL, 113);
INSERT INTO `productdetails` VALUES (81, NULL, NULL, 114);
INSERT INTO `productdetails` VALUES (81, NULL, NULL, 115);
INSERT INTO `productdetails` VALUES (81, NULL, NULL, 116);
INSERT INTO `productdetails` VALUES (81, NULL, NULL, 117);
INSERT INTO `productdetails` VALUES (81, NULL, NULL, 118);
INSERT INTO `productdetails` VALUES (81, NULL, NULL, 119);
INSERT INTO `productdetails` VALUES (81, NULL, NULL, 120);
INSERT INTO `productdetails` VALUES (81, NULL, NULL, 121);
INSERT INTO `productdetails` VALUES (81, NULL, NULL, 122);
INSERT INTO `productdetails` VALUES (81, NULL, NULL, 123);
INSERT INTO `productdetails` VALUES (81, NULL, NULL, 124);
INSERT INTO `productdetails` VALUES (81, NULL, NULL, 125);
INSERT INTO `productdetails` VALUES (81, NULL, NULL, 126);
INSERT INTO `productdetails` VALUES (81, NULL, NULL, 127);
INSERT INTO `productdetails` VALUES (81, NULL, NULL, 128);
INSERT INTO `productdetails` VALUES (81, NULL, NULL, 129);
INSERT INTO `productdetails` VALUES (81, NULL, NULL, 130);
INSERT INTO `productdetails` VALUES (81, NULL, NULL, 131);
INSERT INTO `productdetails` VALUES (81, NULL, NULL, 132);
INSERT INTO `productdetails` VALUES (81, NULL, NULL, 133);
INSERT INTO `productdetails` VALUES (81, NULL, NULL, 134);
INSERT INTO `productdetails` VALUES (81, NULL, NULL, 135);
INSERT INTO `productdetails` VALUES (81, NULL, NULL, 136);
INSERT INTO `productdetails` VALUES (81, NULL, NULL, 137);
INSERT INTO `productdetails` VALUES (81, NULL, NULL, 138);
INSERT INTO `productdetails` VALUES (81, NULL, NULL, 139);
INSERT INTO `productdetails` VALUES (81, NULL, NULL, 140);
INSERT INTO `productdetails` VALUES (81, NULL, NULL, 141);
INSERT INTO `productdetails` VALUES (81, NULL, NULL, 142);
INSERT INTO `productdetails` VALUES (81, NULL, NULL, 143);
INSERT INTO `productdetails` VALUES (81, NULL, NULL, 144);
INSERT INTO `productdetails` VALUES (81, NULL, NULL, 145);
INSERT INTO `productdetails` VALUES (81, NULL, NULL, 146);
INSERT INTO `productdetails` VALUES (81, NULL, NULL, 147);
INSERT INTO `productdetails` VALUES (81, NULL, NULL, 148);
INSERT INTO `productdetails` VALUES (81, NULL, NULL, 149);
INSERT INTO `productdetails` VALUES (81, NULL, NULL, 150);
INSERT INTO `productdetails` VALUES (82, NULL, NULL, 2);
INSERT INTO `productdetails` VALUES (83, NULL, NULL, 3);
INSERT INTO `productdetails` VALUES (84, NULL, NULL, 4);
INSERT INTO `productdetails` VALUES (85, NULL, NULL, 5);
INSERT INTO `productdetails` VALUES (86, NULL, NULL, 1);
INSERT INTO `productdetails` VALUES (86, NULL, NULL, 6);
INSERT INTO `productdetails` VALUES (86, NULL, NULL, 7);
INSERT INTO `productdetails` VALUES (86, NULL, NULL, 8);
INSERT INTO `productdetails` VALUES (86, NULL, NULL, 9);
INSERT INTO `productdetails` VALUES (86, NULL, NULL, 10);
INSERT INTO `productdetails` VALUES (86, NULL, NULL, 11);
INSERT INTO `productdetails` VALUES (86, NULL, NULL, 12);
INSERT INTO `productdetails` VALUES (86, NULL, NULL, 13);
INSERT INTO `productdetails` VALUES (86, NULL, NULL, 14);
INSERT INTO `productdetails` VALUES (86, NULL, NULL, 15);
INSERT INTO `productdetails` VALUES (86, NULL, NULL, 16);
INSERT INTO `productdetails` VALUES (86, NULL, NULL, 17);
INSERT INTO `productdetails` VALUES (86, NULL, NULL, 18);
INSERT INTO `productdetails` VALUES (86, NULL, NULL, 19);
INSERT INTO `productdetails` VALUES (86, NULL, NULL, 20);
INSERT INTO `productdetails` VALUES (86, NULL, NULL, 21);
INSERT INTO `productdetails` VALUES (86, NULL, NULL, 22);
INSERT INTO `productdetails` VALUES (86, NULL, NULL, 23);
INSERT INTO `productdetails` VALUES (86, NULL, NULL, 24);
INSERT INTO `productdetails` VALUES (86, NULL, NULL, 25);
INSERT INTO `productdetails` VALUES (86, NULL, NULL, 26);
INSERT INTO `productdetails` VALUES (86, NULL, NULL, 27);
INSERT INTO `productdetails` VALUES (86, NULL, NULL, 28);
INSERT INTO `productdetails` VALUES (86, NULL, NULL, 29);
INSERT INTO `productdetails` VALUES (86, NULL, NULL, 30);
INSERT INTO `productdetails` VALUES (86, NULL, NULL, 31);
INSERT INTO `productdetails` VALUES (86, NULL, NULL, 32);
INSERT INTO `productdetails` VALUES (86, NULL, NULL, 33);
INSERT INTO `productdetails` VALUES (86, NULL, NULL, 34);
INSERT INTO `productdetails` VALUES (86, NULL, NULL, 35);
INSERT INTO `productdetails` VALUES (86, NULL, NULL, 36);
INSERT INTO `productdetails` VALUES (86, NULL, NULL, 37);
INSERT INTO `productdetails` VALUES (86, NULL, NULL, 38);
INSERT INTO `productdetails` VALUES (86, NULL, NULL, 39);
INSERT INTO `productdetails` VALUES (86, NULL, NULL, 40);
INSERT INTO `productdetails` VALUES (86, NULL, NULL, 41);
INSERT INTO `productdetails` VALUES (86, NULL, NULL, 42);
INSERT INTO `productdetails` VALUES (86, NULL, NULL, 43);
INSERT INTO `productdetails` VALUES (86, NULL, NULL, 44);
INSERT INTO `productdetails` VALUES (86, NULL, NULL, 45);
INSERT INTO `productdetails` VALUES (86, NULL, NULL, 46);
INSERT INTO `productdetails` VALUES (86, NULL, NULL, 47);
INSERT INTO `productdetails` VALUES (86, NULL, NULL, 48);
INSERT INTO `productdetails` VALUES (86, NULL, NULL, 49);
INSERT INTO `productdetails` VALUES (86, NULL, NULL, 50);
INSERT INTO `productdetails` VALUES (86, NULL, NULL, 51);
INSERT INTO `productdetails` VALUES (86, NULL, NULL, 52);
INSERT INTO `productdetails` VALUES (86, NULL, NULL, 53);
INSERT INTO `productdetails` VALUES (86, NULL, NULL, 54);
INSERT INTO `productdetails` VALUES (86, NULL, NULL, 55);
INSERT INTO `productdetails` VALUES (86, NULL, NULL, 56);
INSERT INTO `productdetails` VALUES (86, NULL, NULL, 57);
INSERT INTO `productdetails` VALUES (86, NULL, NULL, 58);
INSERT INTO `productdetails` VALUES (86, NULL, NULL, 59);
INSERT INTO `productdetails` VALUES (86, NULL, NULL, 60);
INSERT INTO `productdetails` VALUES (86, NULL, NULL, 61);
INSERT INTO `productdetails` VALUES (86, NULL, NULL, 62);
INSERT INTO `productdetails` VALUES (86, NULL, NULL, 63);
INSERT INTO `productdetails` VALUES (86, NULL, NULL, 64);
INSERT INTO `productdetails` VALUES (86, NULL, NULL, 65);
INSERT INTO `productdetails` VALUES (86, NULL, NULL, 66);
INSERT INTO `productdetails` VALUES (86, NULL, NULL, 67);
INSERT INTO `productdetails` VALUES (86, NULL, NULL, 68);
INSERT INTO `productdetails` VALUES (86, NULL, NULL, 69);
INSERT INTO `productdetails` VALUES (86, NULL, NULL, 70);
INSERT INTO `productdetails` VALUES (86, NULL, NULL, 71);
INSERT INTO `productdetails` VALUES (86, NULL, NULL, 72);
INSERT INTO `productdetails` VALUES (86, NULL, NULL, 73);
INSERT INTO `productdetails` VALUES (86, NULL, NULL, 74);
INSERT INTO `productdetails` VALUES (86, NULL, NULL, 75);
INSERT INTO `productdetails` VALUES (86, NULL, NULL, 76);
INSERT INTO `productdetails` VALUES (86, NULL, NULL, 77);
INSERT INTO `productdetails` VALUES (86, NULL, NULL, 78);
INSERT INTO `productdetails` VALUES (86, NULL, NULL, 79);
INSERT INTO `productdetails` VALUES (86, NULL, NULL, 80);
INSERT INTO `productdetails` VALUES (86, NULL, NULL, 81);
INSERT INTO `productdetails` VALUES (86, NULL, NULL, 82);
INSERT INTO `productdetails` VALUES (86, NULL, NULL, 83);
INSERT INTO `productdetails` VALUES (86, NULL, NULL, 84);
INSERT INTO `productdetails` VALUES (86, NULL, NULL, 85);
INSERT INTO `productdetails` VALUES (86, NULL, NULL, 86);
INSERT INTO `productdetails` VALUES (86, NULL, NULL, 87);
INSERT INTO `productdetails` VALUES (86, NULL, NULL, 88);
INSERT INTO `productdetails` VALUES (86, NULL, NULL, 89);
INSERT INTO `productdetails` VALUES (86, NULL, NULL, 90);
INSERT INTO `productdetails` VALUES (86, NULL, NULL, 91);
INSERT INTO `productdetails` VALUES (86, NULL, NULL, 92);
INSERT INTO `productdetails` VALUES (86, NULL, NULL, 93);
INSERT INTO `productdetails` VALUES (86, NULL, NULL, 94);
INSERT INTO `productdetails` VALUES (86, NULL, NULL, 95);
INSERT INTO `productdetails` VALUES (86, NULL, NULL, 96);
INSERT INTO `productdetails` VALUES (86, NULL, NULL, 97);
INSERT INTO `productdetails` VALUES (86, NULL, NULL, 98);
INSERT INTO `productdetails` VALUES (86, NULL, NULL, 99);
INSERT INTO `productdetails` VALUES (86, NULL, NULL, 100);
INSERT INTO `productdetails` VALUES (86, NULL, NULL, 101);
INSERT INTO `productdetails` VALUES (86, NULL, NULL, 102);
INSERT INTO `productdetails` VALUES (86, NULL, NULL, 103);
INSERT INTO `productdetails` VALUES (86, NULL, NULL, 104);
INSERT INTO `productdetails` VALUES (86, NULL, NULL, 105);
INSERT INTO `productdetails` VALUES (86, NULL, NULL, 106);
INSERT INTO `productdetails` VALUES (86, NULL, NULL, 107);
INSERT INTO `productdetails` VALUES (86, NULL, NULL, 108);
INSERT INTO `productdetails` VALUES (86, NULL, NULL, 109);
INSERT INTO `productdetails` VALUES (86, NULL, NULL, 110);
INSERT INTO `productdetails` VALUES (86, NULL, NULL, 111);
INSERT INTO `productdetails` VALUES (86, NULL, NULL, 112);
INSERT INTO `productdetails` VALUES (86, NULL, NULL, 113);
INSERT INTO `productdetails` VALUES (86, NULL, NULL, 114);
INSERT INTO `productdetails` VALUES (86, NULL, NULL, 115);
INSERT INTO `productdetails` VALUES (86, NULL, NULL, 116);
INSERT INTO `productdetails` VALUES (86, NULL, NULL, 117);
INSERT INTO `productdetails` VALUES (86, NULL, NULL, 118);
INSERT INTO `productdetails` VALUES (86, NULL, NULL, 119);
INSERT INTO `productdetails` VALUES (86, NULL, NULL, 120);
INSERT INTO `productdetails` VALUES (86, NULL, NULL, 121);
INSERT INTO `productdetails` VALUES (86, NULL, NULL, 122);
INSERT INTO `productdetails` VALUES (86, NULL, NULL, 123);
INSERT INTO `productdetails` VALUES (86, NULL, NULL, 124);
INSERT INTO `productdetails` VALUES (86, NULL, NULL, 125);
INSERT INTO `productdetails` VALUES (86, NULL, NULL, 126);
INSERT INTO `productdetails` VALUES (86, NULL, NULL, 127);
INSERT INTO `productdetails` VALUES (86, NULL, NULL, 128);
INSERT INTO `productdetails` VALUES (86, NULL, NULL, 129);
INSERT INTO `productdetails` VALUES (86, NULL, NULL, 130);
INSERT INTO `productdetails` VALUES (86, NULL, NULL, 131);
INSERT INTO `productdetails` VALUES (86, NULL, NULL, 132);
INSERT INTO `productdetails` VALUES (86, NULL, NULL, 133);
INSERT INTO `productdetails` VALUES (86, NULL, NULL, 134);
INSERT INTO `productdetails` VALUES (86, NULL, NULL, 135);
INSERT INTO `productdetails` VALUES (86, NULL, NULL, 136);
INSERT INTO `productdetails` VALUES (86, NULL, NULL, 137);
INSERT INTO `productdetails` VALUES (86, NULL, NULL, 138);
INSERT INTO `productdetails` VALUES (86, NULL, NULL, 139);
INSERT INTO `productdetails` VALUES (86, NULL, NULL, 140);
INSERT INTO `productdetails` VALUES (86, NULL, NULL, 141);
INSERT INTO `productdetails` VALUES (86, NULL, NULL, 142);
INSERT INTO `productdetails` VALUES (86, NULL, NULL, 143);
INSERT INTO `productdetails` VALUES (86, NULL, NULL, 144);
INSERT INTO `productdetails` VALUES (86, NULL, NULL, 145);
INSERT INTO `productdetails` VALUES (86, NULL, NULL, 146);
INSERT INTO `productdetails` VALUES (86, NULL, NULL, 147);
INSERT INTO `productdetails` VALUES (86, NULL, NULL, 148);
INSERT INTO `productdetails` VALUES (86, NULL, NULL, 149);
INSERT INTO `productdetails` VALUES (86, NULL, NULL, 150);
INSERT INTO `productdetails` VALUES (87, NULL, NULL, 2);
INSERT INTO `productdetails` VALUES (88, NULL, NULL, 3);
INSERT INTO `productdetails` VALUES (89, NULL, NULL, 4);
INSERT INTO `productdetails` VALUES (90, NULL, NULL, 5);
INSERT INTO `productdetails` VALUES (91, NULL, NULL, 1);
INSERT INTO `productdetails` VALUES (91, NULL, NULL, 6);
INSERT INTO `productdetails` VALUES (91, NULL, NULL, 7);
INSERT INTO `productdetails` VALUES (91, NULL, NULL, 8);
INSERT INTO `productdetails` VALUES (91, NULL, NULL, 9);
INSERT INTO `productdetails` VALUES (91, NULL, NULL, 10);
INSERT INTO `productdetails` VALUES (92, NULL, NULL, 2);
INSERT INTO `productdetails` VALUES (93, NULL, NULL, 3);
INSERT INTO `productdetails` VALUES (94, NULL, NULL, 4);
INSERT INTO `productdetails` VALUES (95, NULL, NULL, 5);
INSERT INTO `productdetails` VALUES (96, NULL, NULL, 1);
INSERT INTO `productdetails` VALUES (96, NULL, NULL, 6);
INSERT INTO `productdetails` VALUES (96, NULL, NULL, 7);
INSERT INTO `productdetails` VALUES (96, NULL, NULL, 8);
INSERT INTO `productdetails` VALUES (96, NULL, NULL, 9);
INSERT INTO `productdetails` VALUES (96, NULL, NULL, 10);
INSERT INTO `productdetails` VALUES (96, NULL, NULL, 11);
INSERT INTO `productdetails` VALUES (96, NULL, NULL, 12);
INSERT INTO `productdetails` VALUES (96, NULL, NULL, 13);
INSERT INTO `productdetails` VALUES (96, NULL, NULL, 14);
INSERT INTO `productdetails` VALUES (96, NULL, NULL, 15);
INSERT INTO `productdetails` VALUES (96, NULL, NULL, 16);
INSERT INTO `productdetails` VALUES (96, NULL, NULL, 17);
INSERT INTO `productdetails` VALUES (96, NULL, NULL, 18);
INSERT INTO `productdetails` VALUES (96, NULL, NULL, 19);
INSERT INTO `productdetails` VALUES (96, NULL, NULL, 20);
INSERT INTO `productdetails` VALUES (96, NULL, NULL, 21);
INSERT INTO `productdetails` VALUES (96, NULL, NULL, 22);
INSERT INTO `productdetails` VALUES (96, NULL, NULL, 23);
INSERT INTO `productdetails` VALUES (96, NULL, NULL, 24);
INSERT INTO `productdetails` VALUES (96, NULL, NULL, 25);
INSERT INTO `productdetails` VALUES (96, NULL, NULL, 26);
INSERT INTO `productdetails` VALUES (96, NULL, NULL, 27);
INSERT INTO `productdetails` VALUES (96, NULL, NULL, 28);
INSERT INTO `productdetails` VALUES (96, NULL, NULL, 29);
INSERT INTO `productdetails` VALUES (96, NULL, NULL, 30);
INSERT INTO `productdetails` VALUES (96, NULL, NULL, 31);
INSERT INTO `productdetails` VALUES (96, NULL, NULL, 32);
INSERT INTO `productdetails` VALUES (96, NULL, NULL, 33);
INSERT INTO `productdetails` VALUES (96, NULL, NULL, 34);
INSERT INTO `productdetails` VALUES (96, NULL, NULL, 35);
INSERT INTO `productdetails` VALUES (96, NULL, NULL, 36);
INSERT INTO `productdetails` VALUES (96, NULL, NULL, 37);
INSERT INTO `productdetails` VALUES (96, NULL, NULL, 38);
INSERT INTO `productdetails` VALUES (96, NULL, NULL, 39);
INSERT INTO `productdetails` VALUES (96, NULL, NULL, 40);
INSERT INTO `productdetails` VALUES (96, NULL, NULL, 41);
INSERT INTO `productdetails` VALUES (96, NULL, NULL, 42);
INSERT INTO `productdetails` VALUES (96, NULL, NULL, 43);
INSERT INTO `productdetails` VALUES (96, NULL, NULL, 44);
INSERT INTO `productdetails` VALUES (96, NULL, NULL, 45);
INSERT INTO `productdetails` VALUES (96, NULL, NULL, 46);
INSERT INTO `productdetails` VALUES (96, NULL, NULL, 47);
INSERT INTO `productdetails` VALUES (96, NULL, NULL, 48);
INSERT INTO `productdetails` VALUES (96, NULL, NULL, 49);
INSERT INTO `productdetails` VALUES (96, NULL, NULL, 50);
INSERT INTO `productdetails` VALUES (96, NULL, NULL, 51);
INSERT INTO `productdetails` VALUES (96, NULL, NULL, 52);
INSERT INTO `productdetails` VALUES (96, NULL, NULL, 53);
INSERT INTO `productdetails` VALUES (96, NULL, NULL, 54);
INSERT INTO `productdetails` VALUES (96, NULL, NULL, 55);
INSERT INTO `productdetails` VALUES (96, NULL, NULL, 56);
INSERT INTO `productdetails` VALUES (96, NULL, NULL, 57);
INSERT INTO `productdetails` VALUES (96, NULL, NULL, 58);
INSERT INTO `productdetails` VALUES (96, NULL, NULL, 59);
INSERT INTO `productdetails` VALUES (96, NULL, NULL, 60);
INSERT INTO `productdetails` VALUES (96, NULL, NULL, 61);
INSERT INTO `productdetails` VALUES (96, NULL, NULL, 62);
INSERT INTO `productdetails` VALUES (96, NULL, NULL, 63);
INSERT INTO `productdetails` VALUES (96, NULL, NULL, 64);
INSERT INTO `productdetails` VALUES (96, NULL, NULL, 65);
INSERT INTO `productdetails` VALUES (96, NULL, NULL, 66);
INSERT INTO `productdetails` VALUES (96, NULL, NULL, 67);
INSERT INTO `productdetails` VALUES (96, NULL, NULL, 68);
INSERT INTO `productdetails` VALUES (96, NULL, NULL, 69);
INSERT INTO `productdetails` VALUES (96, NULL, NULL, 70);
INSERT INTO `productdetails` VALUES (96, NULL, NULL, 71);
INSERT INTO `productdetails` VALUES (96, NULL, NULL, 72);
INSERT INTO `productdetails` VALUES (96, NULL, NULL, 73);
INSERT INTO `productdetails` VALUES (96, NULL, NULL, 74);
INSERT INTO `productdetails` VALUES (96, NULL, NULL, 75);
INSERT INTO `productdetails` VALUES (96, NULL, NULL, 76);
INSERT INTO `productdetails` VALUES (96, NULL, NULL, 77);
INSERT INTO `productdetails` VALUES (96, NULL, NULL, 78);
INSERT INTO `productdetails` VALUES (96, NULL, NULL, 79);
INSERT INTO `productdetails` VALUES (96, NULL, NULL, 80);
INSERT INTO `productdetails` VALUES (96, NULL, NULL, 81);
INSERT INTO `productdetails` VALUES (96, NULL, NULL, 82);
INSERT INTO `productdetails` VALUES (96, NULL, NULL, 83);
INSERT INTO `productdetails` VALUES (96, NULL, NULL, 84);
INSERT INTO `productdetails` VALUES (96, NULL, NULL, 85);
INSERT INTO `productdetails` VALUES (96, NULL, NULL, 86);
INSERT INTO `productdetails` VALUES (96, NULL, NULL, 87);
INSERT INTO `productdetails` VALUES (96, NULL, NULL, 88);
INSERT INTO `productdetails` VALUES (96, NULL, NULL, 89);
INSERT INTO `productdetails` VALUES (96, NULL, NULL, 90);
INSERT INTO `productdetails` VALUES (96, NULL, NULL, 91);
INSERT INTO `productdetails` VALUES (96, NULL, NULL, 92);
INSERT INTO `productdetails` VALUES (96, NULL, NULL, 93);
INSERT INTO `productdetails` VALUES (96, NULL, NULL, 94);
INSERT INTO `productdetails` VALUES (96, NULL, NULL, 95);
INSERT INTO `productdetails` VALUES (96, NULL, NULL, 96);
INSERT INTO `productdetails` VALUES (96, NULL, NULL, 97);
INSERT INTO `productdetails` VALUES (96, NULL, NULL, 98);
INSERT INTO `productdetails` VALUES (96, NULL, NULL, 99);
INSERT INTO `productdetails` VALUES (96, NULL, NULL, 100);
INSERT INTO `productdetails` VALUES (96, NULL, NULL, 101);
INSERT INTO `productdetails` VALUES (96, NULL, NULL, 102);
INSERT INTO `productdetails` VALUES (96, NULL, NULL, 103);
INSERT INTO `productdetails` VALUES (96, NULL, NULL, 104);
INSERT INTO `productdetails` VALUES (96, NULL, NULL, 105);
INSERT INTO `productdetails` VALUES (96, NULL, NULL, 106);
INSERT INTO `productdetails` VALUES (96, NULL, NULL, 107);
INSERT INTO `productdetails` VALUES (96, NULL, NULL, 108);
INSERT INTO `productdetails` VALUES (96, NULL, NULL, 109);
INSERT INTO `productdetails` VALUES (96, NULL, NULL, 110);
INSERT INTO `productdetails` VALUES (96, NULL, NULL, 111);
INSERT INTO `productdetails` VALUES (96, NULL, NULL, 112);
INSERT INTO `productdetails` VALUES (96, NULL, NULL, 113);
INSERT INTO `productdetails` VALUES (96, NULL, NULL, 114);
INSERT INTO `productdetails` VALUES (96, NULL, NULL, 115);
INSERT INTO `productdetails` VALUES (96, NULL, NULL, 116);
INSERT INTO `productdetails` VALUES (96, NULL, NULL, 117);
INSERT INTO `productdetails` VALUES (96, NULL, NULL, 118);
INSERT INTO `productdetails` VALUES (96, NULL, NULL, 119);
INSERT INTO `productdetails` VALUES (96, NULL, NULL, 120);
INSERT INTO `productdetails` VALUES (96, NULL, NULL, 121);
INSERT INTO `productdetails` VALUES (96, NULL, NULL, 122);
INSERT INTO `productdetails` VALUES (96, NULL, NULL, 123);
INSERT INTO `productdetails` VALUES (96, NULL, NULL, 124);
INSERT INTO `productdetails` VALUES (96, NULL, NULL, 125);
INSERT INTO `productdetails` VALUES (96, NULL, NULL, 126);
INSERT INTO `productdetails` VALUES (96, NULL, NULL, 127);
INSERT INTO `productdetails` VALUES (96, NULL, NULL, 128);
INSERT INTO `productdetails` VALUES (96, NULL, NULL, 129);
INSERT INTO `productdetails` VALUES (96, NULL, NULL, 130);
INSERT INTO `productdetails` VALUES (96, NULL, NULL, 131);
INSERT INTO `productdetails` VALUES (96, NULL, NULL, 132);
INSERT INTO `productdetails` VALUES (96, NULL, NULL, 133);
INSERT INTO `productdetails` VALUES (96, NULL, NULL, 134);
INSERT INTO `productdetails` VALUES (96, NULL, NULL, 135);
INSERT INTO `productdetails` VALUES (96, NULL, NULL, 136);
INSERT INTO `productdetails` VALUES (96, NULL, NULL, 137);
INSERT INTO `productdetails` VALUES (96, NULL, NULL, 138);
INSERT INTO `productdetails` VALUES (96, NULL, NULL, 139);
INSERT INTO `productdetails` VALUES (96, NULL, NULL, 140);
INSERT INTO `productdetails` VALUES (96, NULL, NULL, 141);
INSERT INTO `productdetails` VALUES (96, NULL, NULL, 142);
INSERT INTO `productdetails` VALUES (96, NULL, NULL, 143);
INSERT INTO `productdetails` VALUES (96, NULL, NULL, 144);
INSERT INTO `productdetails` VALUES (96, NULL, NULL, 145);
INSERT INTO `productdetails` VALUES (96, NULL, NULL, 146);
INSERT INTO `productdetails` VALUES (96, NULL, NULL, 147);
INSERT INTO `productdetails` VALUES (96, NULL, NULL, 148);
INSERT INTO `productdetails` VALUES (96, NULL, NULL, 149);
INSERT INTO `productdetails` VALUES (96, NULL, NULL, 150);
INSERT INTO `productdetails` VALUES (97, NULL, NULL, 2);
INSERT INTO `productdetails` VALUES (98, NULL, NULL, 3);
INSERT INTO `productdetails` VALUES (99, NULL, NULL, 4);
INSERT INTO `productdetails` VALUES (100, NULL, NULL, 5);
INSERT INTO `productdetails` VALUES (101, NULL, NULL, 1);
INSERT INTO `productdetails` VALUES (101, NULL, NULL, 6);
INSERT INTO `productdetails` VALUES (101, NULL, NULL, 7);
INSERT INTO `productdetails` VALUES (101, NULL, NULL, 8);
INSERT INTO `productdetails` VALUES (101, NULL, NULL, 9);
INSERT INTO `productdetails` VALUES (101, NULL, NULL, 10);
INSERT INTO `productdetails` VALUES (102, NULL, NULL, 2);
INSERT INTO `productdetails` VALUES (103, NULL, NULL, 3);
INSERT INTO `productdetails` VALUES (104, NULL, NULL, 4);
INSERT INTO `productdetails` VALUES (105, NULL, NULL, 5);
INSERT INTO `productdetails` VALUES (106, NULL, NULL, 1);
INSERT INTO `productdetails` VALUES (106, NULL, NULL, 6);
INSERT INTO `productdetails` VALUES (106, NULL, NULL, 7);
INSERT INTO `productdetails` VALUES (106, NULL, NULL, 8);
INSERT INTO `productdetails` VALUES (106, NULL, NULL, 9);
INSERT INTO `productdetails` VALUES (106, NULL, NULL, 10);
INSERT INTO `productdetails` VALUES (106, NULL, NULL, 11);
INSERT INTO `productdetails` VALUES (106, NULL, NULL, 12);
INSERT INTO `productdetails` VALUES (106, NULL, NULL, 13);
INSERT INTO `productdetails` VALUES (106, NULL, NULL, 14);
INSERT INTO `productdetails` VALUES (106, NULL, NULL, 15);
INSERT INTO `productdetails` VALUES (106, NULL, NULL, 16);
INSERT INTO `productdetails` VALUES (106, NULL, NULL, 17);
INSERT INTO `productdetails` VALUES (106, NULL, NULL, 18);
INSERT INTO `productdetails` VALUES (106, NULL, NULL, 19);
INSERT INTO `productdetails` VALUES (106, NULL, NULL, 20);
INSERT INTO `productdetails` VALUES (106, NULL, NULL, 21);
INSERT INTO `productdetails` VALUES (106, NULL, NULL, 22);
INSERT INTO `productdetails` VALUES (106, NULL, NULL, 23);
INSERT INTO `productdetails` VALUES (106, NULL, NULL, 24);
INSERT INTO `productdetails` VALUES (106, NULL, NULL, 25);
INSERT INTO `productdetails` VALUES (106, NULL, NULL, 26);
INSERT INTO `productdetails` VALUES (106, NULL, NULL, 27);
INSERT INTO `productdetails` VALUES (106, NULL, NULL, 28);
INSERT INTO `productdetails` VALUES (106, NULL, NULL, 29);
INSERT INTO `productdetails` VALUES (106, NULL, NULL, 30);
INSERT INTO `productdetails` VALUES (106, NULL, NULL, 31);
INSERT INTO `productdetails` VALUES (106, NULL, NULL, 32);
INSERT INTO `productdetails` VALUES (106, NULL, NULL, 33);
INSERT INTO `productdetails` VALUES (106, NULL, NULL, 34);
INSERT INTO `productdetails` VALUES (106, NULL, NULL, 35);
INSERT INTO `productdetails` VALUES (106, NULL, NULL, 36);
INSERT INTO `productdetails` VALUES (106, NULL, NULL, 37);
INSERT INTO `productdetails` VALUES (106, NULL, NULL, 38);
INSERT INTO `productdetails` VALUES (106, NULL, NULL, 39);
INSERT INTO `productdetails` VALUES (106, NULL, NULL, 40);
INSERT INTO `productdetails` VALUES (106, NULL, NULL, 41);
INSERT INTO `productdetails` VALUES (106, NULL, NULL, 42);
INSERT INTO `productdetails` VALUES (106, NULL, NULL, 43);
INSERT INTO `productdetails` VALUES (106, NULL, NULL, 44);
INSERT INTO `productdetails` VALUES (106, NULL, NULL, 45);
INSERT INTO `productdetails` VALUES (106, NULL, NULL, 46);
INSERT INTO `productdetails` VALUES (106, NULL, NULL, 47);
INSERT INTO `productdetails` VALUES (106, NULL, NULL, 48);
INSERT INTO `productdetails` VALUES (106, NULL, NULL, 49);
INSERT INTO `productdetails` VALUES (106, NULL, NULL, 50);
INSERT INTO `productdetails` VALUES (106, NULL, NULL, 51);
INSERT INTO `productdetails` VALUES (106, NULL, NULL, 52);
INSERT INTO `productdetails` VALUES (106, NULL, NULL, 53);
INSERT INTO `productdetails` VALUES (106, NULL, NULL, 54);
INSERT INTO `productdetails` VALUES (106, NULL, NULL, 55);
INSERT INTO `productdetails` VALUES (106, NULL, NULL, 56);
INSERT INTO `productdetails` VALUES (106, NULL, NULL, 57);
INSERT INTO `productdetails` VALUES (106, NULL, NULL, 58);
INSERT INTO `productdetails` VALUES (106, NULL, NULL, 59);
INSERT INTO `productdetails` VALUES (106, NULL, NULL, 60);
INSERT INTO `productdetails` VALUES (106, NULL, NULL, 61);
INSERT INTO `productdetails` VALUES (106, NULL, NULL, 62);
INSERT INTO `productdetails` VALUES (106, NULL, NULL, 63);
INSERT INTO `productdetails` VALUES (106, NULL, NULL, 64);
INSERT INTO `productdetails` VALUES (106, NULL, NULL, 65);
INSERT INTO `productdetails` VALUES (106, NULL, NULL, 66);
INSERT INTO `productdetails` VALUES (106, NULL, NULL, 67);
INSERT INTO `productdetails` VALUES (106, NULL, NULL, 68);
INSERT INTO `productdetails` VALUES (106, NULL, NULL, 69);
INSERT INTO `productdetails` VALUES (106, NULL, NULL, 70);
INSERT INTO `productdetails` VALUES (106, NULL, NULL, 71);
INSERT INTO `productdetails` VALUES (106, NULL, NULL, 72);
INSERT INTO `productdetails` VALUES (106, NULL, NULL, 73);
INSERT INTO `productdetails` VALUES (106, NULL, NULL, 74);
INSERT INTO `productdetails` VALUES (106, NULL, NULL, 75);
INSERT INTO `productdetails` VALUES (106, NULL, NULL, 76);
INSERT INTO `productdetails` VALUES (106, NULL, NULL, 77);
INSERT INTO `productdetails` VALUES (106, NULL, NULL, 78);
INSERT INTO `productdetails` VALUES (106, NULL, NULL, 79);
INSERT INTO `productdetails` VALUES (106, NULL, NULL, 80);
INSERT INTO `productdetails` VALUES (106, NULL, NULL, 81);
INSERT INTO `productdetails` VALUES (106, NULL, NULL, 82);
INSERT INTO `productdetails` VALUES (106, NULL, NULL, 83);
INSERT INTO `productdetails` VALUES (106, NULL, NULL, 84);
INSERT INTO `productdetails` VALUES (106, NULL, NULL, 85);
INSERT INTO `productdetails` VALUES (106, NULL, NULL, 86);
INSERT INTO `productdetails` VALUES (106, NULL, NULL, 87);
INSERT INTO `productdetails` VALUES (106, NULL, NULL, 88);
INSERT INTO `productdetails` VALUES (106, NULL, NULL, 89);
INSERT INTO `productdetails` VALUES (106, NULL, NULL, 90);
INSERT INTO `productdetails` VALUES (106, NULL, NULL, 91);
INSERT INTO `productdetails` VALUES (106, NULL, NULL, 92);
INSERT INTO `productdetails` VALUES (106, NULL, NULL, 93);
INSERT INTO `productdetails` VALUES (106, NULL, NULL, 94);
INSERT INTO `productdetails` VALUES (106, NULL, NULL, 95);
INSERT INTO `productdetails` VALUES (106, NULL, NULL, 96);
INSERT INTO `productdetails` VALUES (106, NULL, NULL, 97);
INSERT INTO `productdetails` VALUES (106, NULL, NULL, 98);
INSERT INTO `productdetails` VALUES (106, NULL, NULL, 99);
INSERT INTO `productdetails` VALUES (106, NULL, NULL, 100);
INSERT INTO `productdetails` VALUES (106, NULL, NULL, 101);
INSERT INTO `productdetails` VALUES (106, NULL, NULL, 102);
INSERT INTO `productdetails` VALUES (106, NULL, NULL, 103);
INSERT INTO `productdetails` VALUES (106, NULL, NULL, 104);
INSERT INTO `productdetails` VALUES (106, NULL, NULL, 105);
INSERT INTO `productdetails` VALUES (106, NULL, NULL, 106);
INSERT INTO `productdetails` VALUES (106, NULL, NULL, 107);
INSERT INTO `productdetails` VALUES (106, NULL, NULL, 108);
INSERT INTO `productdetails` VALUES (106, NULL, NULL, 109);
INSERT INTO `productdetails` VALUES (106, NULL, NULL, 110);
INSERT INTO `productdetails` VALUES (106, NULL, NULL, 111);
INSERT INTO `productdetails` VALUES (106, NULL, NULL, 112);
INSERT INTO `productdetails` VALUES (106, NULL, NULL, 113);
INSERT INTO `productdetails` VALUES (106, NULL, NULL, 114);
INSERT INTO `productdetails` VALUES (106, NULL, NULL, 115);
INSERT INTO `productdetails` VALUES (106, NULL, NULL, 116);
INSERT INTO `productdetails` VALUES (106, NULL, NULL, 117);
INSERT INTO `productdetails` VALUES (106, NULL, NULL, 118);
INSERT INTO `productdetails` VALUES (106, NULL, NULL, 119);
INSERT INTO `productdetails` VALUES (106, NULL, NULL, 120);
INSERT INTO `productdetails` VALUES (106, NULL, NULL, 121);
INSERT INTO `productdetails` VALUES (106, NULL, NULL, 122);
INSERT INTO `productdetails` VALUES (106, NULL, NULL, 123);
INSERT INTO `productdetails` VALUES (106, NULL, NULL, 124);
INSERT INTO `productdetails` VALUES (106, NULL, NULL, 125);
INSERT INTO `productdetails` VALUES (106, NULL, NULL, 126);
INSERT INTO `productdetails` VALUES (106, NULL, NULL, 127);
INSERT INTO `productdetails` VALUES (106, NULL, NULL, 128);
INSERT INTO `productdetails` VALUES (106, NULL, NULL, 129);
INSERT INTO `productdetails` VALUES (106, NULL, NULL, 130);
INSERT INTO `productdetails` VALUES (106, NULL, NULL, 131);
INSERT INTO `productdetails` VALUES (106, NULL, NULL, 132);
INSERT INTO `productdetails` VALUES (106, NULL, NULL, 133);
INSERT INTO `productdetails` VALUES (106, NULL, NULL, 134);
INSERT INTO `productdetails` VALUES (106, NULL, NULL, 135);
INSERT INTO `productdetails` VALUES (106, NULL, NULL, 136);
INSERT INTO `productdetails` VALUES (106, NULL, NULL, 137);
INSERT INTO `productdetails` VALUES (106, NULL, NULL, 138);
INSERT INTO `productdetails` VALUES (106, NULL, NULL, 139);
INSERT INTO `productdetails` VALUES (106, NULL, NULL, 140);
INSERT INTO `productdetails` VALUES (106, NULL, NULL, 141);
INSERT INTO `productdetails` VALUES (106, NULL, NULL, 142);
INSERT INTO `productdetails` VALUES (106, NULL, NULL, 143);
INSERT INTO `productdetails` VALUES (106, NULL, NULL, 144);
INSERT INTO `productdetails` VALUES (106, NULL, NULL, 145);
INSERT INTO `productdetails` VALUES (106, NULL, NULL, 146);
INSERT INTO `productdetails` VALUES (106, NULL, NULL, 147);
INSERT INTO `productdetails` VALUES (106, NULL, NULL, 148);
INSERT INTO `productdetails` VALUES (106, NULL, NULL, 149);
INSERT INTO `productdetails` VALUES (106, NULL, NULL, 150);
INSERT INTO `productdetails` VALUES (107, NULL, NULL, 2);
INSERT INTO `productdetails` VALUES (108, NULL, NULL, 3);
INSERT INTO `productdetails` VALUES (109, NULL, NULL, 4);
INSERT INTO `productdetails` VALUES (110, NULL, NULL, 5);
INSERT INTO `productdetails` VALUES (111, NULL, NULL, 1);
INSERT INTO `productdetails` VALUES (111, NULL, NULL, 6);
INSERT INTO `productdetails` VALUES (111, NULL, NULL, 7);
INSERT INTO `productdetails` VALUES (111, NULL, NULL, 8);
INSERT INTO `productdetails` VALUES (111, NULL, NULL, 9);
INSERT INTO `productdetails` VALUES (111, NULL, NULL, 10);
INSERT INTO `productdetails` VALUES (111, NULL, NULL, 11);
INSERT INTO `productdetails` VALUES (111, NULL, NULL, 12);
INSERT INTO `productdetails` VALUES (111, NULL, NULL, 13);
INSERT INTO `productdetails` VALUES (111, NULL, NULL, 14);
INSERT INTO `productdetails` VALUES (111, NULL, NULL, 15);
INSERT INTO `productdetails` VALUES (111, NULL, NULL, 16);
INSERT INTO `productdetails` VALUES (111, NULL, NULL, 17);
INSERT INTO `productdetails` VALUES (111, NULL, NULL, 18);
INSERT INTO `productdetails` VALUES (111, NULL, NULL, 19);
INSERT INTO `productdetails` VALUES (111, NULL, NULL, 20);
INSERT INTO `productdetails` VALUES (111, NULL, NULL, 21);
INSERT INTO `productdetails` VALUES (111, NULL, NULL, 22);
INSERT INTO `productdetails` VALUES (111, NULL, NULL, 23);
INSERT INTO `productdetails` VALUES (111, NULL, NULL, 24);
INSERT INTO `productdetails` VALUES (111, NULL, NULL, 25);
INSERT INTO `productdetails` VALUES (111, NULL, NULL, 26);
INSERT INTO `productdetails` VALUES (111, NULL, NULL, 27);
INSERT INTO `productdetails` VALUES (111, NULL, NULL, 28);
INSERT INTO `productdetails` VALUES (111, NULL, NULL, 29);
INSERT INTO `productdetails` VALUES (111, NULL, NULL, 30);
INSERT INTO `productdetails` VALUES (111, NULL, NULL, 31);
INSERT INTO `productdetails` VALUES (111, NULL, NULL, 32);
INSERT INTO `productdetails` VALUES (111, NULL, NULL, 33);
INSERT INTO `productdetails` VALUES (111, NULL, NULL, 34);
INSERT INTO `productdetails` VALUES (111, NULL, NULL, 35);
INSERT INTO `productdetails` VALUES (111, NULL, NULL, 36);
INSERT INTO `productdetails` VALUES (111, NULL, NULL, 37);
INSERT INTO `productdetails` VALUES (111, NULL, NULL, 38);
INSERT INTO `productdetails` VALUES (111, NULL, NULL, 39);
INSERT INTO `productdetails` VALUES (111, NULL, NULL, 40);
INSERT INTO `productdetails` VALUES (111, NULL, NULL, 41);
INSERT INTO `productdetails` VALUES (111, NULL, NULL, 42);
INSERT INTO `productdetails` VALUES (111, NULL, NULL, 43);
INSERT INTO `productdetails` VALUES (111, NULL, NULL, 44);
INSERT INTO `productdetails` VALUES (111, NULL, NULL, 45);
INSERT INTO `productdetails` VALUES (111, NULL, NULL, 46);
INSERT INTO `productdetails` VALUES (111, NULL, NULL, 47);
INSERT INTO `productdetails` VALUES (111, NULL, NULL, 48);
INSERT INTO `productdetails` VALUES (111, NULL, NULL, 49);
INSERT INTO `productdetails` VALUES (111, NULL, NULL, 50);
INSERT INTO `productdetails` VALUES (111, NULL, NULL, 51);
INSERT INTO `productdetails` VALUES (111, NULL, NULL, 52);
INSERT INTO `productdetails` VALUES (111, NULL, NULL, 53);
INSERT INTO `productdetails` VALUES (111, NULL, NULL, 54);
INSERT INTO `productdetails` VALUES (111, NULL, NULL, 55);
INSERT INTO `productdetails` VALUES (111, NULL, NULL, 56);
INSERT INTO `productdetails` VALUES (111, NULL, NULL, 57);
INSERT INTO `productdetails` VALUES (111, NULL, NULL, 58);
INSERT INTO `productdetails` VALUES (111, NULL, NULL, 59);
INSERT INTO `productdetails` VALUES (111, NULL, NULL, 60);
INSERT INTO `productdetails` VALUES (111, NULL, NULL, 61);
INSERT INTO `productdetails` VALUES (111, NULL, NULL, 62);
INSERT INTO `productdetails` VALUES (111, NULL, NULL, 63);
INSERT INTO `productdetails` VALUES (111, NULL, NULL, 64);
INSERT INTO `productdetails` VALUES (111, NULL, NULL, 65);
INSERT INTO `productdetails` VALUES (111, NULL, NULL, 66);
INSERT INTO `productdetails` VALUES (111, NULL, NULL, 67);
INSERT INTO `productdetails` VALUES (111, NULL, NULL, 68);
INSERT INTO `productdetails` VALUES (111, NULL, NULL, 69);
INSERT INTO `productdetails` VALUES (111, NULL, NULL, 70);
INSERT INTO `productdetails` VALUES (111, NULL, NULL, 71);
INSERT INTO `productdetails` VALUES (111, NULL, NULL, 72);
INSERT INTO `productdetails` VALUES (111, NULL, NULL, 73);
INSERT INTO `productdetails` VALUES (111, NULL, NULL, 74);
INSERT INTO `productdetails` VALUES (111, NULL, NULL, 75);
INSERT INTO `productdetails` VALUES (111, NULL, NULL, 76);
INSERT INTO `productdetails` VALUES (111, NULL, NULL, 77);
INSERT INTO `productdetails` VALUES (111, NULL, NULL, 78);
INSERT INTO `productdetails` VALUES (111, NULL, NULL, 79);
INSERT INTO `productdetails` VALUES (111, NULL, NULL, 80);
INSERT INTO `productdetails` VALUES (111, NULL, NULL, 81);
INSERT INTO `productdetails` VALUES (111, NULL, NULL, 82);
INSERT INTO `productdetails` VALUES (111, NULL, NULL, 83);
INSERT INTO `productdetails` VALUES (111, NULL, NULL, 84);
INSERT INTO `productdetails` VALUES (111, NULL, NULL, 85);
INSERT INTO `productdetails` VALUES (111, NULL, NULL, 86);
INSERT INTO `productdetails` VALUES (111, NULL, NULL, 87);
INSERT INTO `productdetails` VALUES (111, NULL, NULL, 88);
INSERT INTO `productdetails` VALUES (111, NULL, NULL, 89);
INSERT INTO `productdetails` VALUES (111, NULL, NULL, 90);
INSERT INTO `productdetails` VALUES (111, NULL, NULL, 91);
INSERT INTO `productdetails` VALUES (111, NULL, NULL, 92);
INSERT INTO `productdetails` VALUES (111, NULL, NULL, 93);
INSERT INTO `productdetails` VALUES (111, NULL, NULL, 94);
INSERT INTO `productdetails` VALUES (111, NULL, NULL, 95);
INSERT INTO `productdetails` VALUES (111, NULL, NULL, 96);
INSERT INTO `productdetails` VALUES (111, NULL, NULL, 97);
INSERT INTO `productdetails` VALUES (111, NULL, NULL, 98);
INSERT INTO `productdetails` VALUES (111, NULL, NULL, 99);
INSERT INTO `productdetails` VALUES (111, NULL, NULL, 100);
INSERT INTO `productdetails` VALUES (111, NULL, NULL, 101);
INSERT INTO `productdetails` VALUES (111, NULL, NULL, 102);
INSERT INTO `productdetails` VALUES (111, NULL, NULL, 103);
INSERT INTO `productdetails` VALUES (111, NULL, NULL, 104);
INSERT INTO `productdetails` VALUES (111, NULL, NULL, 105);
INSERT INTO `productdetails` VALUES (111, NULL, NULL, 106);
INSERT INTO `productdetails` VALUES (111, NULL, NULL, 107);
INSERT INTO `productdetails` VALUES (111, NULL, NULL, 108);
INSERT INTO `productdetails` VALUES (111, NULL, NULL, 109);
INSERT INTO `productdetails` VALUES (111, NULL, NULL, 110);
INSERT INTO `productdetails` VALUES (111, NULL, NULL, 111);
INSERT INTO `productdetails` VALUES (111, NULL, NULL, 112);
INSERT INTO `productdetails` VALUES (111, NULL, NULL, 113);
INSERT INTO `productdetails` VALUES (111, NULL, NULL, 114);
INSERT INTO `productdetails` VALUES (111, NULL, NULL, 115);
INSERT INTO `productdetails` VALUES (111, NULL, NULL, 116);
INSERT INTO `productdetails` VALUES (111, NULL, NULL, 117);
INSERT INTO `productdetails` VALUES (111, NULL, NULL, 118);
INSERT INTO `productdetails` VALUES (111, NULL, NULL, 119);
INSERT INTO `productdetails` VALUES (111, NULL, NULL, 120);
INSERT INTO `productdetails` VALUES (111, NULL, NULL, 121);
INSERT INTO `productdetails` VALUES (111, NULL, NULL, 122);
INSERT INTO `productdetails` VALUES (111, NULL, NULL, 123);
INSERT INTO `productdetails` VALUES (111, NULL, NULL, 124);
INSERT INTO `productdetails` VALUES (111, NULL, NULL, 125);
INSERT INTO `productdetails` VALUES (111, NULL, NULL, 126);
INSERT INTO `productdetails` VALUES (111, NULL, NULL, 127);
INSERT INTO `productdetails` VALUES (111, NULL, NULL, 128);
INSERT INTO `productdetails` VALUES (111, NULL, NULL, 129);
INSERT INTO `productdetails` VALUES (111, NULL, NULL, 130);
INSERT INTO `productdetails` VALUES (111, NULL, NULL, 131);
INSERT INTO `productdetails` VALUES (111, NULL, NULL, 132);
INSERT INTO `productdetails` VALUES (111, NULL, NULL, 133);
INSERT INTO `productdetails` VALUES (111, NULL, NULL, 134);
INSERT INTO `productdetails` VALUES (111, NULL, NULL, 135);
INSERT INTO `productdetails` VALUES (111, NULL, NULL, 136);
INSERT INTO `productdetails` VALUES (111, NULL, NULL, 137);
INSERT INTO `productdetails` VALUES (111, NULL, NULL, 138);
INSERT INTO `productdetails` VALUES (111, NULL, NULL, 139);
INSERT INTO `productdetails` VALUES (111, NULL, NULL, 140);
INSERT INTO `productdetails` VALUES (111, NULL, NULL, 141);
INSERT INTO `productdetails` VALUES (111, NULL, NULL, 142);
INSERT INTO `productdetails` VALUES (111, NULL, NULL, 143);
INSERT INTO `productdetails` VALUES (111, NULL, NULL, 144);
INSERT INTO `productdetails` VALUES (111, NULL, NULL, 145);
INSERT INTO `productdetails` VALUES (111, NULL, NULL, 146);
INSERT INTO `productdetails` VALUES (111, NULL, NULL, 147);
INSERT INTO `productdetails` VALUES (111, NULL, NULL, 148);
INSERT INTO `productdetails` VALUES (111, NULL, NULL, 149);
INSERT INTO `productdetails` VALUES (111, NULL, NULL, 150);
INSERT INTO `productdetails` VALUES (112, NULL, NULL, 2);
INSERT INTO `productdetails` VALUES (113, NULL, NULL, 3);
INSERT INTO `productdetails` VALUES (114, NULL, NULL, 4);
INSERT INTO `productdetails` VALUES (115, NULL, NULL, 5);
INSERT INTO `productdetails` VALUES (116, NULL, NULL, 1);
INSERT INTO `productdetails` VALUES (116, NULL, NULL, 6);
INSERT INTO `productdetails` VALUES (116, NULL, NULL, 7);
INSERT INTO `productdetails` VALUES (116, NULL, NULL, 8);
INSERT INTO `productdetails` VALUES (116, NULL, NULL, 9);
INSERT INTO `productdetails` VALUES (116, NULL, NULL, 10);
INSERT INTO `productdetails` VALUES (116, NULL, NULL, 11);
INSERT INTO `productdetails` VALUES (116, NULL, NULL, 12);
INSERT INTO `productdetails` VALUES (116, NULL, NULL, 13);
INSERT INTO `productdetails` VALUES (116, NULL, NULL, 14);
INSERT INTO `productdetails` VALUES (116, NULL, NULL, 15);
INSERT INTO `productdetails` VALUES (116, NULL, NULL, 16);
INSERT INTO `productdetails` VALUES (116, NULL, NULL, 17);
INSERT INTO `productdetails` VALUES (116, NULL, NULL, 18);
INSERT INTO `productdetails` VALUES (116, NULL, NULL, 19);
INSERT INTO `productdetails` VALUES (116, NULL, NULL, 20);
INSERT INTO `productdetails` VALUES (116, NULL, NULL, 21);
INSERT INTO `productdetails` VALUES (116, NULL, NULL, 22);
INSERT INTO `productdetails` VALUES (116, NULL, NULL, 23);
INSERT INTO `productdetails` VALUES (116, NULL, NULL, 24);
INSERT INTO `productdetails` VALUES (116, NULL, NULL, 25);
INSERT INTO `productdetails` VALUES (116, NULL, NULL, 26);
INSERT INTO `productdetails` VALUES (116, NULL, NULL, 27);
INSERT INTO `productdetails` VALUES (116, NULL, NULL, 28);
INSERT INTO `productdetails` VALUES (116, NULL, NULL, 29);
INSERT INTO `productdetails` VALUES (116, NULL, NULL, 30);
INSERT INTO `productdetails` VALUES (116, NULL, NULL, 31);
INSERT INTO `productdetails` VALUES (116, NULL, NULL, 32);
INSERT INTO `productdetails` VALUES (116, NULL, NULL, 33);
INSERT INTO `productdetails` VALUES (116, NULL, NULL, 34);
INSERT INTO `productdetails` VALUES (116, NULL, NULL, 35);
INSERT INTO `productdetails` VALUES (116, NULL, NULL, 36);
INSERT INTO `productdetails` VALUES (116, NULL, NULL, 37);
INSERT INTO `productdetails` VALUES (116, NULL, NULL, 38);
INSERT INTO `productdetails` VALUES (116, NULL, NULL, 39);
INSERT INTO `productdetails` VALUES (116, NULL, NULL, 40);
INSERT INTO `productdetails` VALUES (116, NULL, NULL, 41);
INSERT INTO `productdetails` VALUES (116, NULL, NULL, 42);
INSERT INTO `productdetails` VALUES (116, NULL, NULL, 43);
INSERT INTO `productdetails` VALUES (116, NULL, NULL, 44);
INSERT INTO `productdetails` VALUES (116, NULL, NULL, 45);
INSERT INTO `productdetails` VALUES (116, NULL, NULL, 46);
INSERT INTO `productdetails` VALUES (116, NULL, NULL, 47);
INSERT INTO `productdetails` VALUES (116, NULL, NULL, 48);
INSERT INTO `productdetails` VALUES (116, NULL, NULL, 49);
INSERT INTO `productdetails` VALUES (116, NULL, NULL, 50);
INSERT INTO `productdetails` VALUES (116, NULL, NULL, 51);
INSERT INTO `productdetails` VALUES (116, NULL, NULL, 52);
INSERT INTO `productdetails` VALUES (116, NULL, NULL, 53);
INSERT INTO `productdetails` VALUES (116, NULL, NULL, 54);
INSERT INTO `productdetails` VALUES (116, NULL, NULL, 55);
INSERT INTO `productdetails` VALUES (116, NULL, NULL, 56);
INSERT INTO `productdetails` VALUES (116, NULL, NULL, 57);
INSERT INTO `productdetails` VALUES (116, NULL, NULL, 58);
INSERT INTO `productdetails` VALUES (116, NULL, NULL, 59);
INSERT INTO `productdetails` VALUES (116, NULL, NULL, 60);
INSERT INTO `productdetails` VALUES (116, NULL, NULL, 61);
INSERT INTO `productdetails` VALUES (116, NULL, NULL, 62);
INSERT INTO `productdetails` VALUES (116, NULL, NULL, 63);
INSERT INTO `productdetails` VALUES (116, NULL, NULL, 64);
INSERT INTO `productdetails` VALUES (116, NULL, NULL, 65);
INSERT INTO `productdetails` VALUES (116, NULL, NULL, 66);
INSERT INTO `productdetails` VALUES (116, NULL, NULL, 67);
INSERT INTO `productdetails` VALUES (116, NULL, NULL, 68);
INSERT INTO `productdetails` VALUES (116, NULL, NULL, 69);
INSERT INTO `productdetails` VALUES (116, NULL, NULL, 70);
INSERT INTO `productdetails` VALUES (116, NULL, NULL, 71);
INSERT INTO `productdetails` VALUES (116, NULL, NULL, 72);
INSERT INTO `productdetails` VALUES (116, NULL, NULL, 73);
INSERT INTO `productdetails` VALUES (116, NULL, NULL, 74);
INSERT INTO `productdetails` VALUES (116, NULL, NULL, 75);
INSERT INTO `productdetails` VALUES (116, NULL, NULL, 76);
INSERT INTO `productdetails` VALUES (116, NULL, NULL, 77);
INSERT INTO `productdetails` VALUES (116, NULL, NULL, 78);
INSERT INTO `productdetails` VALUES (116, NULL, NULL, 79);
INSERT INTO `productdetails` VALUES (116, NULL, NULL, 80);
INSERT INTO `productdetails` VALUES (116, NULL, NULL, 81);
INSERT INTO `productdetails` VALUES (116, NULL, NULL, 82);
INSERT INTO `productdetails` VALUES (116, NULL, NULL, 83);
INSERT INTO `productdetails` VALUES (116, NULL, NULL, 84);
INSERT INTO `productdetails` VALUES (116, NULL, NULL, 85);
INSERT INTO `productdetails` VALUES (116, NULL, NULL, 86);
INSERT INTO `productdetails` VALUES (116, NULL, NULL, 87);
INSERT INTO `productdetails` VALUES (116, NULL, NULL, 88);
INSERT INTO `productdetails` VALUES (116, NULL, NULL, 89);
INSERT INTO `productdetails` VALUES (116, NULL, NULL, 90);
INSERT INTO `productdetails` VALUES (116, NULL, NULL, 91);
INSERT INTO `productdetails` VALUES (116, NULL, NULL, 92);
INSERT INTO `productdetails` VALUES (116, NULL, NULL, 93);
INSERT INTO `productdetails` VALUES (116, NULL, NULL, 94);
INSERT INTO `productdetails` VALUES (116, NULL, NULL, 95);
INSERT INTO `productdetails` VALUES (116, NULL, NULL, 96);
INSERT INTO `productdetails` VALUES (116, NULL, NULL, 97);
INSERT INTO `productdetails` VALUES (116, NULL, NULL, 98);
INSERT INTO `productdetails` VALUES (116, NULL, NULL, 99);
INSERT INTO `productdetails` VALUES (116, NULL, NULL, 100);
INSERT INTO `productdetails` VALUES (116, NULL, NULL, 101);
INSERT INTO `productdetails` VALUES (116, NULL, NULL, 102);
INSERT INTO `productdetails` VALUES (116, NULL, NULL, 103);
INSERT INTO `productdetails` VALUES (116, NULL, NULL, 104);
INSERT INTO `productdetails` VALUES (116, NULL, NULL, 105);
INSERT INTO `productdetails` VALUES (116, NULL, NULL, 106);
INSERT INTO `productdetails` VALUES (116, NULL, NULL, 107);
INSERT INTO `productdetails` VALUES (116, NULL, NULL, 108);
INSERT INTO `productdetails` VALUES (116, NULL, NULL, 109);
INSERT INTO `productdetails` VALUES (116, NULL, NULL, 110);
INSERT INTO `productdetails` VALUES (116, NULL, NULL, 111);
INSERT INTO `productdetails` VALUES (116, NULL, NULL, 112);
INSERT INTO `productdetails` VALUES (116, NULL, NULL, 113);
INSERT INTO `productdetails` VALUES (116, NULL, NULL, 114);
INSERT INTO `productdetails` VALUES (116, NULL, NULL, 115);
INSERT INTO `productdetails` VALUES (116, NULL, NULL, 116);
INSERT INTO `productdetails` VALUES (116, NULL, NULL, 117);
INSERT INTO `productdetails` VALUES (116, NULL, NULL, 118);
INSERT INTO `productdetails` VALUES (116, NULL, NULL, 119);
INSERT INTO `productdetails` VALUES (116, NULL, NULL, 120);
INSERT INTO `productdetails` VALUES (116, NULL, NULL, 121);
INSERT INTO `productdetails` VALUES (116, NULL, NULL, 122);
INSERT INTO `productdetails` VALUES (116, NULL, NULL, 123);
INSERT INTO `productdetails` VALUES (116, NULL, NULL, 124);
INSERT INTO `productdetails` VALUES (116, NULL, NULL, 125);
INSERT INTO `productdetails` VALUES (116, NULL, NULL, 126);
INSERT INTO `productdetails` VALUES (116, NULL, NULL, 127);
INSERT INTO `productdetails` VALUES (116, NULL, NULL, 128);
INSERT INTO `productdetails` VALUES (116, NULL, NULL, 129);
INSERT INTO `productdetails` VALUES (116, NULL, NULL, 130);
INSERT INTO `productdetails` VALUES (116, NULL, NULL, 131);
INSERT INTO `productdetails` VALUES (116, NULL, NULL, 132);
INSERT INTO `productdetails` VALUES (116, NULL, NULL, 133);
INSERT INTO `productdetails` VALUES (116, NULL, NULL, 134);
INSERT INTO `productdetails` VALUES (116, NULL, NULL, 135);
INSERT INTO `productdetails` VALUES (116, NULL, NULL, 136);
INSERT INTO `productdetails` VALUES (116, NULL, NULL, 137);
INSERT INTO `productdetails` VALUES (116, NULL, NULL, 138);
INSERT INTO `productdetails` VALUES (116, NULL, NULL, 139);
INSERT INTO `productdetails` VALUES (116, NULL, NULL, 140);
INSERT INTO `productdetails` VALUES (116, NULL, NULL, 141);
INSERT INTO `productdetails` VALUES (116, NULL, NULL, 142);
INSERT INTO `productdetails` VALUES (116, NULL, NULL, 143);
INSERT INTO `productdetails` VALUES (116, NULL, NULL, 144);
INSERT INTO `productdetails` VALUES (116, NULL, NULL, 145);
INSERT INTO `productdetails` VALUES (116, NULL, NULL, 146);
INSERT INTO `productdetails` VALUES (116, NULL, NULL, 147);
INSERT INTO `productdetails` VALUES (116, NULL, NULL, 148);
INSERT INTO `productdetails` VALUES (116, NULL, NULL, 149);
INSERT INTO `productdetails` VALUES (116, NULL, NULL, 150);
INSERT INTO `productdetails` VALUES (117, NULL, NULL, 2);
INSERT INTO `productdetails` VALUES (118, NULL, NULL, 3);
INSERT INTO `productdetails` VALUES (119, NULL, NULL, 4);
INSERT INTO `productdetails` VALUES (120, NULL, NULL, 5);
INSERT INTO `productdetails` VALUES (121, NULL, NULL, 1);
INSERT INTO `productdetails` VALUES (121, NULL, NULL, 6);
INSERT INTO `productdetails` VALUES (121, NULL, NULL, 7);
INSERT INTO `productdetails` VALUES (121, NULL, NULL, 8);
INSERT INTO `productdetails` VALUES (121, NULL, NULL, 9);
INSERT INTO `productdetails` VALUES (121, NULL, NULL, 10);
INSERT INTO `productdetails` VALUES (121, NULL, NULL, 11);
INSERT INTO `productdetails` VALUES (121, NULL, NULL, 12);
INSERT INTO `productdetails` VALUES (121, NULL, NULL, 13);
INSERT INTO `productdetails` VALUES (121, NULL, NULL, 14);
INSERT INTO `productdetails` VALUES (121, NULL, NULL, 15);
INSERT INTO `productdetails` VALUES (121, NULL, NULL, 16);
INSERT INTO `productdetails` VALUES (121, NULL, NULL, 17);
INSERT INTO `productdetails` VALUES (121, NULL, NULL, 18);
INSERT INTO `productdetails` VALUES (121, NULL, NULL, 19);
INSERT INTO `productdetails` VALUES (121, NULL, NULL, 20);
INSERT INTO `productdetails` VALUES (121, NULL, NULL, 21);
INSERT INTO `productdetails` VALUES (121, NULL, NULL, 22);
INSERT INTO `productdetails` VALUES (121, NULL, NULL, 23);
INSERT INTO `productdetails` VALUES (121, NULL, NULL, 24);
INSERT INTO `productdetails` VALUES (121, NULL, NULL, 25);
INSERT INTO `productdetails` VALUES (121, NULL, NULL, 26);
INSERT INTO `productdetails` VALUES (121, NULL, NULL, 27);
INSERT INTO `productdetails` VALUES (121, NULL, NULL, 28);
INSERT INTO `productdetails` VALUES (121, NULL, NULL, 29);
INSERT INTO `productdetails` VALUES (121, NULL, NULL, 30);
INSERT INTO `productdetails` VALUES (121, NULL, NULL, 31);
INSERT INTO `productdetails` VALUES (121, NULL, NULL, 32);
INSERT INTO `productdetails` VALUES (121, NULL, NULL, 33);
INSERT INTO `productdetails` VALUES (121, NULL, NULL, 34);
INSERT INTO `productdetails` VALUES (121, NULL, NULL, 35);
INSERT INTO `productdetails` VALUES (121, NULL, NULL, 36);
INSERT INTO `productdetails` VALUES (121, NULL, NULL, 37);
INSERT INTO `productdetails` VALUES (121, NULL, NULL, 38);
INSERT INTO `productdetails` VALUES (121, NULL, NULL, 39);
INSERT INTO `productdetails` VALUES (121, NULL, NULL, 40);
INSERT INTO `productdetails` VALUES (121, NULL, NULL, 41);
INSERT INTO `productdetails` VALUES (121, NULL, NULL, 42);
INSERT INTO `productdetails` VALUES (121, NULL, NULL, 43);
INSERT INTO `productdetails` VALUES (121, NULL, NULL, 44);
INSERT INTO `productdetails` VALUES (121, NULL, NULL, 45);
INSERT INTO `productdetails` VALUES (121, NULL, NULL, 46);
INSERT INTO `productdetails` VALUES (121, NULL, NULL, 47);
INSERT INTO `productdetails` VALUES (121, NULL, NULL, 48);
INSERT INTO `productdetails` VALUES (121, NULL, NULL, 49);
INSERT INTO `productdetails` VALUES (121, NULL, NULL, 50);
INSERT INTO `productdetails` VALUES (121, NULL, NULL, 51);
INSERT INTO `productdetails` VALUES (121, NULL, NULL, 52);
INSERT INTO `productdetails` VALUES (121, NULL, NULL, 53);
INSERT INTO `productdetails` VALUES (121, NULL, NULL, 54);
INSERT INTO `productdetails` VALUES (121, NULL, NULL, 55);
INSERT INTO `productdetails` VALUES (121, NULL, NULL, 56);
INSERT INTO `productdetails` VALUES (121, NULL, NULL, 57);
INSERT INTO `productdetails` VALUES (121, NULL, NULL, 58);
INSERT INTO `productdetails` VALUES (121, NULL, NULL, 59);
INSERT INTO `productdetails` VALUES (121, NULL, NULL, 60);
INSERT INTO `productdetails` VALUES (121, NULL, NULL, 61);
INSERT INTO `productdetails` VALUES (121, NULL, NULL, 62);
INSERT INTO `productdetails` VALUES (121, NULL, NULL, 63);
INSERT INTO `productdetails` VALUES (121, NULL, NULL, 64);
INSERT INTO `productdetails` VALUES (121, NULL, NULL, 65);
INSERT INTO `productdetails` VALUES (121, NULL, NULL, 66);
INSERT INTO `productdetails` VALUES (121, NULL, NULL, 67);
INSERT INTO `productdetails` VALUES (121, NULL, NULL, 68);
INSERT INTO `productdetails` VALUES (121, NULL, NULL, 69);
INSERT INTO `productdetails` VALUES (121, NULL, NULL, 70);
INSERT INTO `productdetails` VALUES (121, NULL, NULL, 71);
INSERT INTO `productdetails` VALUES (121, NULL, NULL, 72);
INSERT INTO `productdetails` VALUES (121, NULL, NULL, 73);
INSERT INTO `productdetails` VALUES (121, NULL, NULL, 74);
INSERT INTO `productdetails` VALUES (121, NULL, NULL, 75);
INSERT INTO `productdetails` VALUES (121, NULL, NULL, 76);
INSERT INTO `productdetails` VALUES (121, NULL, NULL, 77);
INSERT INTO `productdetails` VALUES (121, NULL, NULL, 78);
INSERT INTO `productdetails` VALUES (121, NULL, NULL, 79);
INSERT INTO `productdetails` VALUES (121, NULL, NULL, 80);
INSERT INTO `productdetails` VALUES (121, NULL, NULL, 81);
INSERT INTO `productdetails` VALUES (121, NULL, NULL, 82);
INSERT INTO `productdetails` VALUES (121, NULL, NULL, 83);
INSERT INTO `productdetails` VALUES (121, NULL, NULL, 84);
INSERT INTO `productdetails` VALUES (121, NULL, NULL, 85);
INSERT INTO `productdetails` VALUES (121, NULL, NULL, 86);
INSERT INTO `productdetails` VALUES (121, NULL, NULL, 87);
INSERT INTO `productdetails` VALUES (121, NULL, NULL, 88);
INSERT INTO `productdetails` VALUES (121, NULL, NULL, 89);
INSERT INTO `productdetails` VALUES (121, NULL, NULL, 90);
INSERT INTO `productdetails` VALUES (121, NULL, NULL, 91);
INSERT INTO `productdetails` VALUES (121, NULL, NULL, 92);
INSERT INTO `productdetails` VALUES (121, NULL, NULL, 93);
INSERT INTO `productdetails` VALUES (121, NULL, NULL, 94);
INSERT INTO `productdetails` VALUES (121, NULL, NULL, 95);
INSERT INTO `productdetails` VALUES (121, NULL, NULL, 96);
INSERT INTO `productdetails` VALUES (121, NULL, NULL, 97);
INSERT INTO `productdetails` VALUES (121, NULL, NULL, 98);
INSERT INTO `productdetails` VALUES (121, NULL, NULL, 99);
INSERT INTO `productdetails` VALUES (121, NULL, NULL, 100);
INSERT INTO `productdetails` VALUES (121, NULL, NULL, 101);
INSERT INTO `productdetails` VALUES (121, NULL, NULL, 102);
INSERT INTO `productdetails` VALUES (121, NULL, NULL, 103);
INSERT INTO `productdetails` VALUES (121, NULL, NULL, 104);
INSERT INTO `productdetails` VALUES (121, NULL, NULL, 105);
INSERT INTO `productdetails` VALUES (121, NULL, NULL, 106);
INSERT INTO `productdetails` VALUES (121, NULL, NULL, 107);
INSERT INTO `productdetails` VALUES (121, NULL, NULL, 108);
INSERT INTO `productdetails` VALUES (121, NULL, NULL, 109);
INSERT INTO `productdetails` VALUES (121, NULL, NULL, 110);
INSERT INTO `productdetails` VALUES (121, NULL, NULL, 111);
INSERT INTO `productdetails` VALUES (121, NULL, NULL, 112);
INSERT INTO `productdetails` VALUES (121, NULL, NULL, 113);
INSERT INTO `productdetails` VALUES (121, NULL, NULL, 114);
INSERT INTO `productdetails` VALUES (121, NULL, NULL, 115);
INSERT INTO `productdetails` VALUES (121, NULL, NULL, 116);
INSERT INTO `productdetails` VALUES (121, NULL, NULL, 117);
INSERT INTO `productdetails` VALUES (121, NULL, NULL, 118);
INSERT INTO `productdetails` VALUES (121, NULL, NULL, 119);
INSERT INTO `productdetails` VALUES (121, NULL, NULL, 120);
INSERT INTO `productdetails` VALUES (121, NULL, NULL, 121);
INSERT INTO `productdetails` VALUES (121, NULL, NULL, 122);
INSERT INTO `productdetails` VALUES (121, NULL, NULL, 123);
INSERT INTO `productdetails` VALUES (121, NULL, NULL, 124);
INSERT INTO `productdetails` VALUES (121, NULL, NULL, 125);
INSERT INTO `productdetails` VALUES (121, NULL, NULL, 126);
INSERT INTO `productdetails` VALUES (121, NULL, NULL, 127);
INSERT INTO `productdetails` VALUES (121, NULL, NULL, 128);
INSERT INTO `productdetails` VALUES (121, NULL, NULL, 129);
INSERT INTO `productdetails` VALUES (121, NULL, NULL, 130);
INSERT INTO `productdetails` VALUES (121, NULL, NULL, 131);
INSERT INTO `productdetails` VALUES (121, NULL, NULL, 132);
INSERT INTO `productdetails` VALUES (121, NULL, NULL, 133);
INSERT INTO `productdetails` VALUES (121, NULL, NULL, 134);
INSERT INTO `productdetails` VALUES (121, NULL, NULL, 135);
INSERT INTO `productdetails` VALUES (121, NULL, NULL, 136);
INSERT INTO `productdetails` VALUES (121, NULL, NULL, 137);
INSERT INTO `productdetails` VALUES (121, NULL, NULL, 138);
INSERT INTO `productdetails` VALUES (121, NULL, NULL, 139);
INSERT INTO `productdetails` VALUES (121, NULL, NULL, 140);
INSERT INTO `productdetails` VALUES (121, NULL, NULL, 141);
INSERT INTO `productdetails` VALUES (121, NULL, NULL, 142);
INSERT INTO `productdetails` VALUES (121, NULL, NULL, 143);
INSERT INTO `productdetails` VALUES (121, NULL, NULL, 144);
INSERT INTO `productdetails` VALUES (121, NULL, NULL, 145);
INSERT INTO `productdetails` VALUES (121, NULL, NULL, 146);
INSERT INTO `productdetails` VALUES (121, NULL, NULL, 147);
INSERT INTO `productdetails` VALUES (121, NULL, NULL, 148);
INSERT INTO `productdetails` VALUES (121, NULL, NULL, 149);
INSERT INTO `productdetails` VALUES (121, NULL, NULL, 150);
INSERT INTO `productdetails` VALUES (122, NULL, NULL, 2);
INSERT INTO `productdetails` VALUES (123, NULL, NULL, 3);
INSERT INTO `productdetails` VALUES (124, NULL, NULL, 4);
INSERT INTO `productdetails` VALUES (125, NULL, NULL, 5);
INSERT INTO `productdetails` VALUES (126, NULL, NULL, 1);
INSERT INTO `productdetails` VALUES (126, NULL, NULL, 6);
INSERT INTO `productdetails` VALUES (126, NULL, NULL, 7);
INSERT INTO `productdetails` VALUES (126, NULL, NULL, 8);
INSERT INTO `productdetails` VALUES (126, NULL, NULL, 9);
INSERT INTO `productdetails` VALUES (126, NULL, NULL, 10);
INSERT INTO `productdetails` VALUES (126, NULL, NULL, 11);
INSERT INTO `productdetails` VALUES (126, NULL, NULL, 12);
INSERT INTO `productdetails` VALUES (126, NULL, NULL, 13);
INSERT INTO `productdetails` VALUES (126, NULL, NULL, 14);
INSERT INTO `productdetails` VALUES (126, NULL, NULL, 15);
INSERT INTO `productdetails` VALUES (126, NULL, NULL, 16);
INSERT INTO `productdetails` VALUES (126, NULL, NULL, 17);
INSERT INTO `productdetails` VALUES (126, NULL, NULL, 18);
INSERT INTO `productdetails` VALUES (126, NULL, NULL, 19);
INSERT INTO `productdetails` VALUES (126, NULL, NULL, 20);
INSERT INTO `productdetails` VALUES (126, NULL, NULL, 21);
INSERT INTO `productdetails` VALUES (126, NULL, NULL, 22);
INSERT INTO `productdetails` VALUES (126, NULL, NULL, 23);
INSERT INTO `productdetails` VALUES (126, NULL, NULL, 24);
INSERT INTO `productdetails` VALUES (126, NULL, NULL, 25);
INSERT INTO `productdetails` VALUES (126, NULL, NULL, 26);
INSERT INTO `productdetails` VALUES (126, NULL, NULL, 27);
INSERT INTO `productdetails` VALUES (126, NULL, NULL, 28);
INSERT INTO `productdetails` VALUES (126, NULL, NULL, 29);
INSERT INTO `productdetails` VALUES (126, NULL, NULL, 30);
INSERT INTO `productdetails` VALUES (126, NULL, NULL, 31);
INSERT INTO `productdetails` VALUES (126, NULL, NULL, 32);
INSERT INTO `productdetails` VALUES (126, NULL, NULL, 33);
INSERT INTO `productdetails` VALUES (126, NULL, NULL, 34);
INSERT INTO `productdetails` VALUES (126, NULL, NULL, 35);
INSERT INTO `productdetails` VALUES (126, NULL, NULL, 36);
INSERT INTO `productdetails` VALUES (126, NULL, NULL, 37);
INSERT INTO `productdetails` VALUES (126, NULL, NULL, 38);
INSERT INTO `productdetails` VALUES (126, NULL, NULL, 39);
INSERT INTO `productdetails` VALUES (126, NULL, NULL, 40);
INSERT INTO `productdetails` VALUES (126, NULL, NULL, 41);
INSERT INTO `productdetails` VALUES (126, NULL, NULL, 42);
INSERT INTO `productdetails` VALUES (126, NULL, NULL, 43);
INSERT INTO `productdetails` VALUES (126, NULL, NULL, 44);
INSERT INTO `productdetails` VALUES (126, NULL, NULL, 45);
INSERT INTO `productdetails` VALUES (126, NULL, NULL, 46);
INSERT INTO `productdetails` VALUES (126, NULL, NULL, 47);
INSERT INTO `productdetails` VALUES (126, NULL, NULL, 48);
INSERT INTO `productdetails` VALUES (126, NULL, NULL, 49);
INSERT INTO `productdetails` VALUES (126, NULL, NULL, 50);
INSERT INTO `productdetails` VALUES (126, NULL, NULL, 51);
INSERT INTO `productdetails` VALUES (126, NULL, NULL, 52);
INSERT INTO `productdetails` VALUES (126, NULL, NULL, 53);
INSERT INTO `productdetails` VALUES (126, NULL, NULL, 54);
INSERT INTO `productdetails` VALUES (126, NULL, NULL, 55);
INSERT INTO `productdetails` VALUES (126, NULL, NULL, 56);
INSERT INTO `productdetails` VALUES (126, NULL, NULL, 57);
INSERT INTO `productdetails` VALUES (126, NULL, NULL, 58);
INSERT INTO `productdetails` VALUES (126, NULL, NULL, 59);
INSERT INTO `productdetails` VALUES (126, NULL, NULL, 60);
INSERT INTO `productdetails` VALUES (126, NULL, NULL, 61);
INSERT INTO `productdetails` VALUES (126, NULL, NULL, 62);
INSERT INTO `productdetails` VALUES (126, NULL, NULL, 63);
INSERT INTO `productdetails` VALUES (126, NULL, NULL, 64);
INSERT INTO `productdetails` VALUES (126, NULL, NULL, 65);
INSERT INTO `productdetails` VALUES (126, NULL, NULL, 66);
INSERT INTO `productdetails` VALUES (126, NULL, NULL, 67);
INSERT INTO `productdetails` VALUES (126, NULL, NULL, 68);
INSERT INTO `productdetails` VALUES (126, NULL, NULL, 69);
INSERT INTO `productdetails` VALUES (126, NULL, NULL, 70);
INSERT INTO `productdetails` VALUES (126, NULL, NULL, 71);
INSERT INTO `productdetails` VALUES (126, NULL, NULL, 72);
INSERT INTO `productdetails` VALUES (126, NULL, NULL, 73);
INSERT INTO `productdetails` VALUES (126, NULL, NULL, 74);
INSERT INTO `productdetails` VALUES (126, NULL, NULL, 75);
INSERT INTO `productdetails` VALUES (126, NULL, NULL, 76);
INSERT INTO `productdetails` VALUES (126, NULL, NULL, 77);
INSERT INTO `productdetails` VALUES (126, NULL, NULL, 78);
INSERT INTO `productdetails` VALUES (126, NULL, NULL, 79);
INSERT INTO `productdetails` VALUES (126, NULL, NULL, 80);
INSERT INTO `productdetails` VALUES (126, NULL, NULL, 81);
INSERT INTO `productdetails` VALUES (126, NULL, NULL, 82);
INSERT INTO `productdetails` VALUES (126, NULL, NULL, 83);
INSERT INTO `productdetails` VALUES (126, NULL, NULL, 84);
INSERT INTO `productdetails` VALUES (126, NULL, NULL, 85);
INSERT INTO `productdetails` VALUES (126, NULL, NULL, 86);
INSERT INTO `productdetails` VALUES (126, NULL, NULL, 87);
INSERT INTO `productdetails` VALUES (126, NULL, NULL, 88);
INSERT INTO `productdetails` VALUES (126, NULL, NULL, 89);
INSERT INTO `productdetails` VALUES (126, NULL, NULL, 90);
INSERT INTO `productdetails` VALUES (126, NULL, NULL, 91);
INSERT INTO `productdetails` VALUES (126, NULL, NULL, 92);
INSERT INTO `productdetails` VALUES (126, NULL, NULL, 93);
INSERT INTO `productdetails` VALUES (126, NULL, NULL, 94);
INSERT INTO `productdetails` VALUES (126, NULL, NULL, 95);
INSERT INTO `productdetails` VALUES (126, NULL, NULL, 96);
INSERT INTO `productdetails` VALUES (126, NULL, NULL, 97);
INSERT INTO `productdetails` VALUES (126, NULL, NULL, 98);
INSERT INTO `productdetails` VALUES (126, NULL, NULL, 99);
INSERT INTO `productdetails` VALUES (126, NULL, NULL, 100);
INSERT INTO `productdetails` VALUES (126, NULL, NULL, 101);
INSERT INTO `productdetails` VALUES (126, NULL, NULL, 102);
INSERT INTO `productdetails` VALUES (126, NULL, NULL, 103);
INSERT INTO `productdetails` VALUES (126, NULL, NULL, 104);
INSERT INTO `productdetails` VALUES (126, NULL, NULL, 105);
INSERT INTO `productdetails` VALUES (126, NULL, NULL, 106);
INSERT INTO `productdetails` VALUES (126, NULL, NULL, 107);
INSERT INTO `productdetails` VALUES (126, NULL, NULL, 108);
INSERT INTO `productdetails` VALUES (126, NULL, NULL, 109);
INSERT INTO `productdetails` VALUES (126, NULL, NULL, 110);
INSERT INTO `productdetails` VALUES (126, NULL, NULL, 111);
INSERT INTO `productdetails` VALUES (126, NULL, NULL, 112);
INSERT INTO `productdetails` VALUES (126, NULL, NULL, 113);
INSERT INTO `productdetails` VALUES (126, NULL, NULL, 114);
INSERT INTO `productdetails` VALUES (126, NULL, NULL, 115);
INSERT INTO `productdetails` VALUES (126, NULL, NULL, 116);
INSERT INTO `productdetails` VALUES (126, NULL, NULL, 117);
INSERT INTO `productdetails` VALUES (126, NULL, NULL, 118);
INSERT INTO `productdetails` VALUES (126, NULL, NULL, 119);
INSERT INTO `productdetails` VALUES (126, NULL, NULL, 120);
INSERT INTO `productdetails` VALUES (126, NULL, NULL, 121);
INSERT INTO `productdetails` VALUES (126, NULL, NULL, 122);
INSERT INTO `productdetails` VALUES (126, NULL, NULL, 123);
INSERT INTO `productdetails` VALUES (126, NULL, NULL, 124);
INSERT INTO `productdetails` VALUES (126, NULL, NULL, 125);
INSERT INTO `productdetails` VALUES (126, NULL, NULL, 126);
INSERT INTO `productdetails` VALUES (126, NULL, NULL, 127);
INSERT INTO `productdetails` VALUES (126, NULL, NULL, 128);
INSERT INTO `productdetails` VALUES (126, NULL, NULL, 129);
INSERT INTO `productdetails` VALUES (126, NULL, NULL, 130);
INSERT INTO `productdetails` VALUES (126, NULL, NULL, 131);
INSERT INTO `productdetails` VALUES (126, NULL, NULL, 132);
INSERT INTO `productdetails` VALUES (126, NULL, NULL, 133);
INSERT INTO `productdetails` VALUES (126, NULL, NULL, 134);
INSERT INTO `productdetails` VALUES (126, NULL, NULL, 135);
INSERT INTO `productdetails` VALUES (126, NULL, NULL, 136);
INSERT INTO `productdetails` VALUES (126, NULL, NULL, 137);
INSERT INTO `productdetails` VALUES (126, NULL, NULL, 138);
INSERT INTO `productdetails` VALUES (126, NULL, NULL, 139);
INSERT INTO `productdetails` VALUES (126, NULL, NULL, 140);
INSERT INTO `productdetails` VALUES (126, NULL, NULL, 141);
INSERT INTO `productdetails` VALUES (126, NULL, NULL, 142);
INSERT INTO `productdetails` VALUES (126, NULL, NULL, 143);
INSERT INTO `productdetails` VALUES (126, NULL, NULL, 144);
INSERT INTO `productdetails` VALUES (126, NULL, NULL, 145);
INSERT INTO `productdetails` VALUES (126, NULL, NULL, 146);
INSERT INTO `productdetails` VALUES (126, NULL, NULL, 147);
INSERT INTO `productdetails` VALUES (126, NULL, NULL, 148);
INSERT INTO `productdetails` VALUES (126, NULL, NULL, 149);
INSERT INTO `productdetails` VALUES (126, NULL, NULL, 150);
INSERT INTO `productdetails` VALUES (127, NULL, NULL, 2);
INSERT INTO `productdetails` VALUES (128, NULL, NULL, 3);
INSERT INTO `productdetails` VALUES (129, NULL, NULL, 4);
INSERT INTO `productdetails` VALUES (130, NULL, NULL, 5);
INSERT INTO `productdetails` VALUES (131, NULL, NULL, 1);
INSERT INTO `productdetails` VALUES (131, NULL, NULL, 6);
INSERT INTO `productdetails` VALUES (131, NULL, NULL, 7);
INSERT INTO `productdetails` VALUES (131, NULL, NULL, 8);
INSERT INTO `productdetails` VALUES (131, NULL, NULL, 9);
INSERT INTO `productdetails` VALUES (131, NULL, NULL, 10);
INSERT INTO `productdetails` VALUES (131, NULL, NULL, 11);
INSERT INTO `productdetails` VALUES (131, NULL, NULL, 12);
INSERT INTO `productdetails` VALUES (131, NULL, NULL, 13);
INSERT INTO `productdetails` VALUES (131, NULL, NULL, 14);
INSERT INTO `productdetails` VALUES (131, NULL, NULL, 15);
INSERT INTO `productdetails` VALUES (131, NULL, NULL, 16);
INSERT INTO `productdetails` VALUES (131, NULL, NULL, 17);
INSERT INTO `productdetails` VALUES (131, NULL, NULL, 18);
INSERT INTO `productdetails` VALUES (131, NULL, NULL, 19);
INSERT INTO `productdetails` VALUES (131, NULL, NULL, 20);
INSERT INTO `productdetails` VALUES (131, NULL, NULL, 21);
INSERT INTO `productdetails` VALUES (131, NULL, NULL, 22);
INSERT INTO `productdetails` VALUES (131, NULL, NULL, 23);
INSERT INTO `productdetails` VALUES (131, NULL, NULL, 24);
INSERT INTO `productdetails` VALUES (131, NULL, NULL, 25);
INSERT INTO `productdetails` VALUES (131, NULL, NULL, 26);
INSERT INTO `productdetails` VALUES (131, NULL, NULL, 27);
INSERT INTO `productdetails` VALUES (131, NULL, NULL, 28);
INSERT INTO `productdetails` VALUES (131, NULL, NULL, 29);
INSERT INTO `productdetails` VALUES (131, NULL, NULL, 30);
INSERT INTO `productdetails` VALUES (131, NULL, NULL, 31);
INSERT INTO `productdetails` VALUES (131, NULL, NULL, 32);
INSERT INTO `productdetails` VALUES (131, NULL, NULL, 33);
INSERT INTO `productdetails` VALUES (131, NULL, NULL, 34);
INSERT INTO `productdetails` VALUES (131, NULL, NULL, 35);
INSERT INTO `productdetails` VALUES (131, NULL, NULL, 36);
INSERT INTO `productdetails` VALUES (131, NULL, NULL, 37);
INSERT INTO `productdetails` VALUES (131, NULL, NULL, 38);
INSERT INTO `productdetails` VALUES (131, NULL, NULL, 39);
INSERT INTO `productdetails` VALUES (131, NULL, NULL, 40);
INSERT INTO `productdetails` VALUES (131, NULL, NULL, 41);
INSERT INTO `productdetails` VALUES (131, NULL, NULL, 42);
INSERT INTO `productdetails` VALUES (131, NULL, NULL, 43);
INSERT INTO `productdetails` VALUES (131, NULL, NULL, 44);
INSERT INTO `productdetails` VALUES (131, NULL, NULL, 45);
INSERT INTO `productdetails` VALUES (131, NULL, NULL, 46);
INSERT INTO `productdetails` VALUES (131, NULL, NULL, 47);
INSERT INTO `productdetails` VALUES (131, NULL, NULL, 48);
INSERT INTO `productdetails` VALUES (131, NULL, NULL, 49);
INSERT INTO `productdetails` VALUES (131, NULL, NULL, 50);
INSERT INTO `productdetails` VALUES (131, NULL, NULL, 51);
INSERT INTO `productdetails` VALUES (131, NULL, NULL, 52);
INSERT INTO `productdetails` VALUES (131, NULL, NULL, 53);
INSERT INTO `productdetails` VALUES (131, NULL, NULL, 54);
INSERT INTO `productdetails` VALUES (131, NULL, NULL, 55);
INSERT INTO `productdetails` VALUES (131, NULL, NULL, 56);
INSERT INTO `productdetails` VALUES (131, NULL, NULL, 57);
INSERT INTO `productdetails` VALUES (131, NULL, NULL, 58);
INSERT INTO `productdetails` VALUES (131, NULL, NULL, 59);
INSERT INTO `productdetails` VALUES (131, NULL, NULL, 60);
INSERT INTO `productdetails` VALUES (131, NULL, NULL, 61);
INSERT INTO `productdetails` VALUES (131, NULL, NULL, 62);
INSERT INTO `productdetails` VALUES (131, NULL, NULL, 63);
INSERT INTO `productdetails` VALUES (131, NULL, NULL, 64);
INSERT INTO `productdetails` VALUES (131, NULL, NULL, 65);
INSERT INTO `productdetails` VALUES (131, NULL, NULL, 66);
INSERT INTO `productdetails` VALUES (131, NULL, NULL, 67);
INSERT INTO `productdetails` VALUES (131, NULL, NULL, 68);
INSERT INTO `productdetails` VALUES (131, NULL, NULL, 69);
INSERT INTO `productdetails` VALUES (131, NULL, NULL, 70);
INSERT INTO `productdetails` VALUES (131, NULL, NULL, 71);
INSERT INTO `productdetails` VALUES (131, NULL, NULL, 72);
INSERT INTO `productdetails` VALUES (131, NULL, NULL, 73);
INSERT INTO `productdetails` VALUES (131, NULL, NULL, 74);
INSERT INTO `productdetails` VALUES (131, NULL, NULL, 75);
INSERT INTO `productdetails` VALUES (131, NULL, NULL, 76);
INSERT INTO `productdetails` VALUES (131, NULL, NULL, 77);
INSERT INTO `productdetails` VALUES (131, NULL, NULL, 78);
INSERT INTO `productdetails` VALUES (131, NULL, NULL, 79);
INSERT INTO `productdetails` VALUES (131, NULL, NULL, 80);
INSERT INTO `productdetails` VALUES (131, NULL, NULL, 81);
INSERT INTO `productdetails` VALUES (131, NULL, NULL, 82);
INSERT INTO `productdetails` VALUES (131, NULL, NULL, 83);
INSERT INTO `productdetails` VALUES (131, NULL, NULL, 84);
INSERT INTO `productdetails` VALUES (131, NULL, NULL, 85);
INSERT INTO `productdetails` VALUES (131, NULL, NULL, 86);
INSERT INTO `productdetails` VALUES (131, NULL, NULL, 87);
INSERT INTO `productdetails` VALUES (131, NULL, NULL, 88);
INSERT INTO `productdetails` VALUES (131, NULL, NULL, 89);
INSERT INTO `productdetails` VALUES (131, NULL, NULL, 90);
INSERT INTO `productdetails` VALUES (131, NULL, NULL, 91);
INSERT INTO `productdetails` VALUES (131, NULL, NULL, 92);
INSERT INTO `productdetails` VALUES (131, NULL, NULL, 93);
INSERT INTO `productdetails` VALUES (131, NULL, NULL, 94);
INSERT INTO `productdetails` VALUES (131, NULL, NULL, 95);
INSERT INTO `productdetails` VALUES (131, NULL, NULL, 96);
INSERT INTO `productdetails` VALUES (131, NULL, NULL, 97);
INSERT INTO `productdetails` VALUES (131, NULL, NULL, 98);
INSERT INTO `productdetails` VALUES (131, NULL, NULL, 99);
INSERT INTO `productdetails` VALUES (131, NULL, NULL, 100);
INSERT INTO `productdetails` VALUES (131, NULL, NULL, 101);
INSERT INTO `productdetails` VALUES (131, NULL, NULL, 102);
INSERT INTO `productdetails` VALUES (131, NULL, NULL, 103);
INSERT INTO `productdetails` VALUES (131, NULL, NULL, 104);
INSERT INTO `productdetails` VALUES (131, NULL, NULL, 105);
INSERT INTO `productdetails` VALUES (131, NULL, NULL, 106);
INSERT INTO `productdetails` VALUES (131, NULL, NULL, 107);
INSERT INTO `productdetails` VALUES (131, NULL, NULL, 108);
INSERT INTO `productdetails` VALUES (131, NULL, NULL, 109);
INSERT INTO `productdetails` VALUES (131, NULL, NULL, 110);
INSERT INTO `productdetails` VALUES (131, NULL, NULL, 111);
INSERT INTO `productdetails` VALUES (131, NULL, NULL, 112);
INSERT INTO `productdetails` VALUES (131, NULL, NULL, 113);
INSERT INTO `productdetails` VALUES (131, NULL, NULL, 114);
INSERT INTO `productdetails` VALUES (131, NULL, NULL, 115);
INSERT INTO `productdetails` VALUES (131, NULL, NULL, 116);
INSERT INTO `productdetails` VALUES (131, NULL, NULL, 117);
INSERT INTO `productdetails` VALUES (131, NULL, NULL, 118);
INSERT INTO `productdetails` VALUES (131, NULL, NULL, 119);
INSERT INTO `productdetails` VALUES (131, NULL, NULL, 120);
INSERT INTO `productdetails` VALUES (131, NULL, NULL, 121);
INSERT INTO `productdetails` VALUES (131, NULL, NULL, 122);
INSERT INTO `productdetails` VALUES (131, NULL, NULL, 123);
INSERT INTO `productdetails` VALUES (131, NULL, NULL, 124);
INSERT INTO `productdetails` VALUES (131, NULL, NULL, 125);
INSERT INTO `productdetails` VALUES (131, NULL, NULL, 126);
INSERT INTO `productdetails` VALUES (131, NULL, NULL, 127);
INSERT INTO `productdetails` VALUES (131, NULL, NULL, 128);
INSERT INTO `productdetails` VALUES (131, NULL, NULL, 129);
INSERT INTO `productdetails` VALUES (131, NULL, NULL, 130);
INSERT INTO `productdetails` VALUES (131, NULL, NULL, 131);
INSERT INTO `productdetails` VALUES (131, NULL, NULL, 132);
INSERT INTO `productdetails` VALUES (131, NULL, NULL, 133);
INSERT INTO `productdetails` VALUES (131, NULL, NULL, 134);
INSERT INTO `productdetails` VALUES (131, NULL, NULL, 135);
INSERT INTO `productdetails` VALUES (131, NULL, NULL, 136);
INSERT INTO `productdetails` VALUES (131, NULL, NULL, 137);
INSERT INTO `productdetails` VALUES (131, NULL, NULL, 138);
INSERT INTO `productdetails` VALUES (131, NULL, NULL, 139);
INSERT INTO `productdetails` VALUES (131, NULL, NULL, 140);
INSERT INTO `productdetails` VALUES (131, NULL, NULL, 141);
INSERT INTO `productdetails` VALUES (131, NULL, NULL, 142);
INSERT INTO `productdetails` VALUES (131, NULL, NULL, 143);
INSERT INTO `productdetails` VALUES (131, NULL, NULL, 144);
INSERT INTO `productdetails` VALUES (131, NULL, NULL, 145);
INSERT INTO `productdetails` VALUES (131, NULL, NULL, 146);
INSERT INTO `productdetails` VALUES (131, NULL, NULL, 147);
INSERT INTO `productdetails` VALUES (131, NULL, NULL, 148);
INSERT INTO `productdetails` VALUES (131, NULL, NULL, 149);
INSERT INTO `productdetails` VALUES (131, NULL, NULL, 150);
INSERT INTO `productdetails` VALUES (132, NULL, NULL, 2);
INSERT INTO `productdetails` VALUES (133, NULL, NULL, 3);
INSERT INTO `productdetails` VALUES (134, NULL, NULL, 4);
INSERT INTO `productdetails` VALUES (135, NULL, NULL, 5);

-- ----------------------------
-- Table structure for products
-- ----------------------------
DROP TABLE IF EXISTS `products`;
CREATE TABLE `products`  (
  `id` int(11) NOT NULL AUTO_INCREMENT,
  `name` varchar(50) CHARACTER SET utf8mb4 COLLATE utf8mb4_unicode_ci NULL DEFAULT NULL,
  `des` varchar(500) CHARACTER SET utf8mb4 COLLATE utf8mb4_unicode_ci NULL DEFAULT NULL,
  `price` decimal(13, 3) NULL DEFAULT NULL,
  `quantity` int(11) NULL DEFAULT NULL,
  `version` varchar(30) CHARACTER SET utf8mb4 COLLATE utf8mb4_unicode_ci NULL DEFAULT NULL,
  `launch` date NULL DEFAULT NULL,
  `status` varchar(20) CHARACTER SET utf8mb4 COLLATE utf8mb4_unicode_ci NULL DEFAULT NULL,
  `brandID` int(11) NULL DEFAULT NULL,
  `typeID` int(11) NULL DEFAULT NULL,
  PRIMARY KEY (`id`) USING BTREE,
  INDEX `brandID`(`brandID`) USING BTREE,
  INDEX `typeID`(`typeID`) USING BTREE,
  CONSTRAINT `products_ibfk_1` FOREIGN KEY (`brandID`) REFERENCES `brands` (`id`) ON DELETE RESTRICT ON UPDATE RESTRICT,
  CONSTRAINT `products_ibfk_2` FOREIGN KEY (`typeID`) REFERENCES `biketypes` (`id`) ON DELETE RESTRICT ON UPDATE RESTRICT
) ENGINE = InnoDB AUTO_INCREMENT = 151 CHARACTER SET = utf8mb4 COLLATE = utf8mb4_unicode_ci ROW_FORMAT = Dynamic;

-- ----------------------------
-- Records of products
-- ----------------------------
INSERT INTO `products` VALUES (1, 'Honda Wave 110', 'Honda Wave 110 là dòng xe máy phổ thông với thiết kế gọn nhẹ và động cơ bền bỉ. Xe tiết kiệm nhiên liệu, phù hợp với các nhu cầu đi lại hàng ngày tại các khu vực đô thị và nông thôn.', 18000000.000, 50, 'Tiêu chuẩn', '2020-05-01', 'Còn hàng', 1, 1);
INSERT INTO `products` VALUES (2, 'Yamaha Sirius 110', 'Yamaha Sirius 110 mang phong cách đơn giản nhưng mạnh mẽ, tiết kiệm nhiên liệu, dễ dàng di chuyển trong các đô thị và đường nông thôn.', 16000000.000, 70, 'Tiêu chuẩn', '2019-06-15', 'Còn hàng', 2, 1);
INSERT INTO `products` VALUES (3, 'Suzuki Viva 115', 'Suzuki Viva 115 là một dòng xe máy phổ thông nhỏ gọn, tiết kiệm nhiên liệu, rất phù hợp với việc di chuyển trong khu vực thành phố.', 17000000.000, 65, 'Tiêu chuẩn', '2018-07-20', 'Còn hàng', 3, 1);
INSERT INTO `products` VALUES (4, 'Honda Dream 110', 'Honda Dream 110 là xe máy phổ thông với thiết kế đơn giản, bền bỉ và được trang bị động cơ mạnh mẽ, tiết kiệm xăng.', 18500000.000, 60, 'Tiêu chuẩn', '2021-03-10', 'Còn hàng', 1, 1);
INSERT INTO `products` VALUES (5, 'Yamaha Jupiter 110', 'Yamaha Jupiter 110 là một chiếc xe máy phù hợp cho người dùng yêu cầu sự ổn định và tiết kiệm nhiên liệu với thiết kế nhỏ gọn.', 19000000.000, 80, 'Tiêu chuẩn', '2020-12-01', 'Còn hàng', 2, 1);
INSERT INTO `products` VALUES (6, 'Suzuki Axelo 125', 'Suzuki Axelo 125 mang đến cho người dùng trải nghiệm lái mượt mà với động cơ 125cc, thiết kế hiện đại và tiết kiệm nhiên liệu.', 20000000.000, 40, 'Tiêu chuẩn', '2019-08-05', 'Còn hàng', 3, 1);
INSERT INTO `products` VALUES (7, 'Honda Blade 110', 'Honda Blade 110 là chiếc xe máy với thiết kế thể thao và động cơ mạnh mẽ, dễ dàng di chuyển trên mọi cung đường.', 22000000.000, 50, 'Tiêu chuẩn', '2022-04-25', 'Còn hàng', 1, 1);
INSERT INTO `products` VALUES (8, 'Yamaha Super Cub 110', 'Yamaha Super Cub 110 có thiết kế cổ điển nhưng hiện đại, mang lại sự kết hợp hoàn hảo giữa phong cách và tiện dụng.', 25000000.000, 30, 'Tiêu chuẩn', '2021-11-15', 'Còn hàng', 2, 1);
INSERT INTO `products` VALUES (9, 'Suzuki Hayate 110', 'Suzuki Hayate 110 là xe máy với kiểu dáng nhỏ gọn, mạnh mẽ, phù hợp cho cả nam và nữ, tiết kiệm nhiên liệu.', 23000000.000, 90, 'Tiêu chuẩn', '2020-02-10', 'Còn hàng', 3, 1);
INSERT INTO `products` VALUES (10, 'Honda Wave Alpha 110', 'Honda Wave Alpha 110 là một trong những mẫu xe phổ thông phổ biến nhất tại Việt Nam, với thiết kế đơn giản, dễ dàng sử dụng và vận hành.', 15000000.000, 0, 'Tiêu chuẩn', '2022-01-10', 'Hết hàng', 1, 1);
INSERT INTO `products` VALUES (11, 'Yamaha R15 V4', 'Yamaha R15 V4 là mẫu xe thể thao cao cấp với thiết kế khí động học và công nghệ tiên tiến. Động cơ mạnh mẽ, khả năng vận hành linh hoạt, phù hợp với các tay lái trẻ đam mê tốc độ.', 90000000.000, 50, 'Tiêu chuẩn', '2022-07-10', 'Còn hàng', 2, 2);
INSERT INTO `products` VALUES (12, 'Honda CBR150R', 'Honda CBR150R mang đến trải nghiệm lái mạnh mẽ với động cơ 150cc, thiết kế thể thao. Xe được trang bị các công nghệ hiện đại, phù hợp cho những người yêu thích sự tốc độ và phong cách.', 85000000.000, 60, 'Tiêu chuẩn', '2021-09-15', 'Còn hàng', 1, 2);
INSERT INTO `products` VALUES (13, 'Kawasaki Ninja 400', 'Kawasaki Ninja 400 là siêu mô tô với động cơ mạnh mẽ, thiết kế thể thao và các tính năng hiện đại. Xe mang đến cảm giác lái đầy phấn khích cho những ai đam mê tốc độ.', 160000000.000, 45, 'Tiêu chuẩn', '2021-04-20', 'Còn hàng', 4, 2);
INSERT INTO `products` VALUES (14, 'Suzuki GSX-R750', 'Suzuki GSX-R750 là mẫu xe thể thao cao cấp, với động cơ mạnh mẽ và thiết kế khí động học. Xe được trang bị các công nghệ tiên tiến, giúp người lái có trải nghiệm mượt mà trên mọi con đường.', 220000000.000, 30, 'Tiêu chuẩn', '2020-11-05', 'Còn hàng', 3, 2);
INSERT INTO `products` VALUES (15, 'Yamaha MT-07', 'Yamaha MT-07 là mẫu naked bike với động cơ mạnh mẽ, thiết kế hiện đại và khả năng vận hành linh hoạt. Xe mang đến trải nghiệm lái thoải mái và đầy hứng khởi.', 140000000.000, 40, 'Tiêu chuẩn', '2021-05-10', 'Còn hàng', 2, 2);
INSERT INTO `products` VALUES (16, 'BMW S1000RR', 'BMW S1000RR là mẫu xe thể thao đỉnh cao với động cơ mạnh mẽ 999cc và công nghệ tiên tiến, mang lại hiệu suất vượt trội và trải nghiệm lái tuyệt vời.', 500000000.000, 20, 'Tiêu chuẩn', '2020-09-25', 'Còn hàng', 8, 2);
INSERT INTO `products` VALUES (17, 'KTM RC 390', 'KTM RC 390 là mẫu xe thể thao mạnh mẽ, với thiết kế khí động học và động cơ 373cc. Xe mang lại cảm giác lái phấn khích và khả năng vận hành tuyệt vời.', 160000000.000, 35, 'Tiêu chuẩn', '2022-06-10', 'Còn hàng', 7, 2);
INSERT INTO `products` VALUES (18, 'Ducati Panigale V4', 'Ducati Panigale V4 là siêu mô tô hiệu suất cao với động cơ V4 1.103cc mạnh mẽ. Thiết kế đẹp mắt và công nghệ tiên tiến, xe mang đến trải nghiệm lái đầy phấn khích và linh hoạt.', 450000000.000, 15, 'Tiêu chuẩn', '2021-08-12', 'Còn hàng', 5, 2);
INSERT INTO `products` VALUES (19, 'Triumph Daytona 675', 'Triumph Daytona 675 là mẫu xe thể thao với động cơ 675cc mạnh mẽ. Xe mang lại cảm giác lái thể thao, phù hợp cho những tay đua đam mê tốc độ và muốn trải nghiệm sức mạnh tối đa.', 350000000.000, 25, 'Tiêu chuẩn', '2020-02-15', 'Còn hàng', 9, 2);
INSERT INTO `products` VALUES (20, 'Kawasaki Z900', 'Kawasaki Z900 là mẫu naked bike với thiết kế hiện đại, động cơ mạnh mẽ và khả năng vận hành ấn tượng. Xe mang đến trải nghiệm lái thoải mái và đầy cảm xúc.', 220000000.000, 55, 'Tiêu chuẩn', '2021-12-10', 'Còn hàng', 4, 2);
INSERT INTO `products` VALUES (21, 'Kawasaki Ninja H2', 'Kawasaki Ninja H2 là mẫu siêu mô tô với động cơ 998cc tăng áp, mang đến hiệu suất vượt trội. Xe được thiết kế cho những tay đua chuyên nghiệp và những người yêu thích tốc độ cực cao.', 550000000.000, 25, 'Tiêu chuẩn', '2021-03-18', 'Còn hàng', 4, 3);
INSERT INTO `products` VALUES (22, 'BMW S1000RR', 'BMW S1000RR là mẫu xe thể thao đỉnh cao với động cơ mạnh mẽ 999cc và công nghệ tiên tiến, mang lại hiệu suất vượt trội và trải nghiệm lái tuyệt vời.', 600000000.000, 20, 'Tiêu chuẩn', '2022-05-20', 'Còn hàng', 8, 3);
INSERT INTO `products` VALUES (23, 'Ducati Panigale V4', 'Ducati Panigale V4 là siêu mô tô hiệu suất cao với động cơ V4 1.103cc mạnh mẽ. Thiết kế đẹp mắt và công nghệ tiên tiến, xe mang đến trải nghiệm lái đầy phấn khích và linh hoạt.', 700000000.000, 15, 'Tiêu chuẩn', '2022-06-15', 'Còn hàng', 5, 3);
INSERT INTO `products` VALUES (24, 'Yamaha YZF-R1', 'Yamaha YZF-R1 là mẫu xe thể thao đẳng cấp với động cơ 998cc, mang đến sức mạnh vượt trội và khả năng lái mượt mà. Xe sở hữu thiết kế khí động học tối ưu cho những tay lái đam mê tốc độ.', 450000000.000, 30, 'Tiêu chuẩn', '2021-09-08', 'Còn hàng', 2, 3);
INSERT INTO `products` VALUES (25, 'Suzuki GSX-R1000R', 'Suzuki GSX-R1000R là mẫu xe thể thao cao cấp với động cơ 999cc và công nghệ hiện đại. Xe mang lại hiệu suất cao, độ ổn định và cảm giác lái tuyệt vời trên mọi cung đường.', 500000000.000, 28, 'Tiêu chuẩn', '2021-11-12', 'Còn hàng', 3, 3);
INSERT INTO `products` VALUES (26, 'Honda CBR1000RR-R Fireblade', 'Honda CBR1000RR-R Fireblade là siêu mô tô với động cơ 999cc mạnh mẽ, thiết kế tinh tế và công nghệ tiên tiến. Xe mang lại tốc độ và khả năng vận hành tuyệt vời trên mọi cung đường.', 800000000.000, 18, 'Tiêu chuẩn', '2022-07-10', 'Còn hàng', 1, 3);
INSERT INTO `products` VALUES (27, 'KTM 1290 Super Duke R', 'KTM 1290 Super Duke R là mẫu naked bike với động cơ 1301cc, mang đến hiệu suất mạnh mẽ và khả năng vận hành tuyệt vời. Xe sở hữu thiết kế thể thao và hiện đại, rất phù hợp với những tay đua.', 350000000.000, 22, 'Tiêu chuẩn', '2021-04-25', 'Còn hàng', 7, 3);
INSERT INTO `products` VALUES (28, 'Harley-Davidson CVO Limited', 'Harley-Davidson CVO Limited là mẫu xe touring cao cấp, trang bị động cơ mạnh mẽ 117cc và các công nghệ hiện đại. Xe mang đến sự thoải mái tối đa cho các chuyến đi dài.', 1000000000.000, 12, 'Tiêu chuẩn', '2022-08-30', 'Còn hàng', 6, 3);
INSERT INTO `products` VALUES (29, 'Triumph Rocket 3', 'Triumph Rocket 3 là mẫu mô tô siêu cao cấp với động cơ 2500cc, mang đến sức mạnh vô song và khả năng vận hành ấn tượng. Xe được thiết kế cho những người đam mê tốc độ và sự mạnh mẽ.', 900000000.000, 10, 'Tiêu chuẩn', '2021-10-15', 'Còn hàng', 9, 3);
INSERT INTO `products` VALUES (30, 'MV Agusta F4 RC', 'MV Agusta F4 RC là mẫu siêu mô tô thể thao với động cơ 998cc và thiết kế khí động học tối ưu. Xe mang đến cảm giác lái tuyệt vời, hiệu suất mạnh mẽ và phong cách riêng biệt.', 750000000.000, 14, 'Tiêu chuẩn', '2022-04-12', 'Còn hàng', 10, 3);
INSERT INTO `products` VALUES (31, 'Honda Vision', 'Honda Vision là mẫu xe tay ga nhỏ gọn, thời trang, trang bị động cơ eSP hiện đại. Với thiết kế tiện dụng và tiết kiệm nhiên liệu, Vision phù hợp với các nhu cầu di chuyển hàng ngày tại đô thị.', 350000000.000, 40, 'Tiêu chuẩn', '2022-06-10', 'Còn hàng', 1, 4);
INSERT INTO `products` VALUES (32, 'Yamaha Janus', 'Yamaha Janus là xe tay ga với thiết kế thời trang, động cơ tiết kiệm nhiên liệu và dễ dàng vận hành. Đây là lựa chọn lý tưởng cho phụ nữ và các bạn trẻ yêu thích sự tiện lợi và phong cách.', 300000000.000, 35, 'Tiêu chuẩn', '2022-07-22', 'Còn hàng', 2, 4);
INSERT INTO `products` VALUES (33, 'Honda Lead', 'Honda Lead là mẫu xe tay ga với thiết kế rộng rãi, động cơ bền bỉ và khả năng tiết kiệm nhiên liệu tối ưu. Lead được trang bị nhiều tính năng tiện ích, thích hợp cho các chuyến đi trong thành phố.', 420000000.000, 30, 'Tiêu chuẩn', '2022-08-05', 'Còn hàng', 1, 4);
INSERT INTO `products` VALUES (34, 'Yamaha FreeGo', 'Yamaha FreeGo là xe tay ga cỡ nhỏ với thiết kế thanh lịch và động cơ 125cc mạnh mẽ. Xe thích hợp cho các bạn trẻ và phụ nữ, với khả năng tiết kiệm nhiên liệu vượt trội.', 350000000.000, 25, 'Tiêu chuẩn', '2021-09-18', 'Còn hàng', 2, 4);
INSERT INTO `products` VALUES (35, 'Suzuki Address 110', 'Suzuki Address 110 là xe tay ga tiện lợi, thích hợp cho việc di chuyển trong thành phố. Với thiết kế gọn nhẹ và động cơ tiết kiệm nhiên liệu, đây là lựa chọn đáng tin cậy cho người dùng.', 280000000.000, 50, 'Tiêu chuẩn', '2022-05-13', 'Còn hàng', 3, 4);
INSERT INTO `products` VALUES (36, 'Honda SH Mode', 'Honda SH Mode là xe tay ga cao cấp, thiết kế sang trọng và động cơ eSP mạnh mẽ. Xe mang đến trải nghiệm lái nhẹ nhàng, dễ dàng điều khiển và tiết kiệm nhiên liệu.', 650000000.000, 20, 'Tiêu chuẩn', '2021-06-25', 'Còn hàng', 1, 4);
INSERT INTO `products` VALUES (37, 'Piaggio Liberty 125', 'Piaggio Liberty 125 là mẫu xe tay ga với phong cách Ý sang trọng, động cơ mạnh mẽ và hiệu suất cao. Xe mang đến sự linh hoạt trong vận hành và rất phù hợp cho việc di chuyển trong đô thị.', 500000000.000, 18, 'Tiêu chuẩn', '2022-04-15', 'Còn hàng', 11, 4);
INSERT INTO `products` VALUES (38, 'Yamaha NMAX 155', 'Yamaha NMAX 155 là xe tay ga thể thao với động cơ mạnh mẽ 155cc và thiết kế hiện đại. Xe được trang bị nhiều tính năng cao cấp, mang đến sự thoải mái tối đa khi di chuyển.', 800000000.000, 15, 'Tiêu chuẩn', '2021-12-20', 'Còn hàng', 2, 4);
INSERT INTO `products` VALUES (39, 'Honda Air Blade', 'Honda Air Blade là dòng xe tay ga thể thao với động cơ mạnh mẽ 125cc, thiết kế thể thao và tính năng tiện ích. Xe thích hợp cho những ai yêu thích sự năng động và tốc độ.', 450000000.000, 30, 'Tiêu chuẩn', '2021-10-10', 'Còn hàng', 1, 4);
INSERT INTO `products` VALUES (40, 'Suzuki Burgman 200', 'Suzuki Burgman 200 là xe tay ga cao cấp với thiết kế lớn, động cơ 200cc mạnh mẽ, thích hợp cho những chuyến đi dài hoặc đi lại trên các tuyến đường đông đúc.', 600000000.000, 12, 'Tiêu chuẩn', '2022-03-28', 'Còn hàng', 3, 4);
INSERT INTO `products` VALUES (41, 'Triumph Bonneville', 'Triumph Bonneville là dòng xe mô tô cổ điển với phong cách lịch lãm. Xe trang bị động cơ hiện đại và khả năng vận hành mượt mà, đáp ứng mọi nhu cầu của người dùng.', 700000000.000, 18, 'Tiêu chuẩn', '2021-08-15', 'Còn hàng', 9, 5);
INSERT INTO `products` VALUES (42, 'Harley-Davidson Iron 883', 'Harley-Davidson Iron 883 là dòng xe cruiser cổ điển với động cơ 883cc, thiết kế đơn giản và mạnh mẽ. Xe mang đậm chất Mỹ và phù hợp với những người yêu thích phong cách retro.', 850000000.000, 15, 'Tiêu chuẩn', '2021-11-10', 'Còn hàng', 6, 5);
INSERT INTO `products` VALUES (43, 'Moto Guzzi V7 III', 'Moto Guzzi V7 III là xe mô tô cổ điển mang đậm phong cách Ý. Xe sở hữu động cơ 750cc và thiết kế đẹp mắt, mang đến cảm giác lái nhẹ nhàng, dễ dàng vận hành.', 750000000.000, 22, 'Tiêu chuẩn', '2021-07-30', 'Còn hàng', 10, 5);
INSERT INTO `products` VALUES (44, 'Royal Enfield Classic 350', 'Royal Enfield Classic 350 là mẫu xe mô tô cổ điển nổi bật với thiết kế mạnh mẽ và động cơ 350cc. Đây là lựa chọn lý tưởng cho những người yêu thích sự đơn giản và phong cách cổ điển.', 400000000.000, 25, 'Tiêu chuẩn', '2022-01-05', 'Còn hàng', 12, 5);
INSERT INTO `products` VALUES (45, 'Indian Scout Sixty', 'Indian Scout Sixty là một chiếc cruiser cổ điển với động cơ 999cc và thiết kế mang đậm phong cách Mỹ. Xe mang lại cảm giác lái mạnh mẽ và đầy phong cách.', 950000000.000, 20, 'Tiêu chuẩn', '2022-03-22', 'Còn hàng', 13, 5);
INSERT INTO `products` VALUES (46, 'Ducati Scrambler Icon', 'Ducati Scrambler Icon là mẫu xe mô tô cổ điển với thiết kế retro và động cơ mạnh mẽ 803cc. Xe thích hợp cho những người yêu thích sự pha trộn giữa cổ điển và hiện đại.', 850000000.000, 30, 'Tiêu chuẩn', '2021-09-10', 'Còn hàng', 5, 5);
INSERT INTO `products` VALUES (47, 'BMW R NineT', 'BMW R NineT là mẫu xe cổ điển với thiết kế đặc biệt và động cơ 1170cc mạnh mẽ. Xe phù hợp cho những ai yêu thích sự kết hợp giữa phong cách retro và công nghệ hiện đại.', 1050000000.000, 12, 'Tiêu chuẩn', '2021-10-14', 'Còn hàng', 8, 5);
INSERT INTO `products` VALUES (48, 'Buell 1190RX', 'Buell 1190RX là một mẫu xe mô tô cổ điển, mang đến trải nghiệm lái thể thao với động cơ mạnh mẽ và thiết kế đặc trưng của dòng xe Mỹ.', 950000000.000, 10, 'Tiêu chuẩn', '2021-12-08', 'Còn hàng', 14, 5);
INSERT INTO `products` VALUES (49, 'Kawasaki W800', 'Kawasaki W800 là xe mô tô cổ điển với thiết kế thanh lịch, động cơ 773cc mạnh mẽ và phong cách retro. Đây là lựa chọn lý tưởng cho những ai yêu thích phong cách cổ điển kết hợp với hiệu suất cao.', 700000000.000, 20, 'Tiêu chuẩn', '2022-04-10', 'Còn hàng', 4, 5);
INSERT INTO `products` VALUES (50, 'Honda CB1100', 'Honda CB1100 là dòng xe mô tô cổ điển với thiết kế thanh thoát, động cơ 1140cc mạnh mẽ và khả năng vận hành êm ái. Xe là sự kết hợp tuyệt vời giữa phong cách cổ điển và công nghệ hiện đại.', 1050000000.000, 8, 'Tiêu chuẩn', '2022-02-18', 'Còn hàng', 1, 5);
INSERT INTO `products` VALUES (51, 'Honda Wave 110', 'Honda Wave 110 là dòng xe máy phổ thông với thiết kế gọn nhẹ và động cơ bền bỉ. Xe tiết kiệm nhiên liệu, phù hợp với các nhu cầu đi lại hàng ngày tại các khu vực đô thị và nông thôn.', 18000000.000, 50, 'Tiêu chuẩn', '2020-05-01', 'Còn hàng', 1, 1);
INSERT INTO `products` VALUES (52, 'Yamaha Sirius 110', 'Yamaha Sirius 110 mang phong cách đơn giản nhưng mạnh mẽ, tiết kiệm nhiên liệu, dễ dàng di chuyển trong các đô thị và đường nông thôn.', 16000000.000, 70, 'Tiêu chuẩn', '2019-06-15', 'Còn hàng', 2, 1);
INSERT INTO `products` VALUES (53, 'Suzuki Viva 115', 'Suzuki Viva 115 là một dòng xe máy phổ thông nhỏ gọn, tiết kiệm nhiên liệu, rất phù hợp với việc di chuyển trong khu vực thành phố.', 17000000.000, 65, 'Tiêu chuẩn', '2018-07-20', 'Còn hàng', 3, 1);
INSERT INTO `products` VALUES (54, 'Honda Dream 110', 'Honda Dream 110 là xe máy phổ thông với thiết kế đơn giản, bền bỉ và được trang bị động cơ mạnh mẽ, tiết kiệm xăng.', 18500000.000, 60, 'Tiêu chuẩn', '2021-03-10', 'Còn hàng', 1, 1);
INSERT INTO `products` VALUES (55, 'Yamaha Jupiter 110', 'Yamaha Jupiter 110 là một chiếc xe máy phù hợp cho người dùng yêu cầu sự ổn định và tiết kiệm nhiên liệu với thiết kế nhỏ gọn.', 19000000.000, 80, 'Tiêu chuẩn', '2020-12-01', 'Còn hàng', 2, 1);
INSERT INTO `products` VALUES (56, 'Suzuki Axelo 125', 'Suzuki Axelo 125 mang đến cho người dùng trải nghiệm lái mượt mà với động cơ 125cc, thiết kế hiện đại và tiết kiệm nhiên liệu.', 20000000.000, 40, 'Tiêu chuẩn', '2019-08-05', 'Còn hàng', 3, 1);
INSERT INTO `products` VALUES (57, 'Honda Blade 110', 'Honda Blade 110 là chiếc xe máy với thiết kế thể thao và động cơ mạnh mẽ, dễ dàng di chuyển trên mọi cung đường.', 22000000.000, 50, 'Tiêu chuẩn', '2022-04-25', 'Còn hàng', 1, 1);
INSERT INTO `products` VALUES (58, 'Yamaha Super Cub 110', 'Yamaha Super Cub 110 có thiết kế cổ điển nhưng hiện đại, mang lại sự kết hợp hoàn hảo giữa phong cách và tiện dụng.', 25000000.000, 30, 'Tiêu chuẩn', '2021-11-15', 'Còn hàng', 2, 1);
INSERT INTO `products` VALUES (59, 'Suzuki Hayate 110', 'Suzuki Hayate 110 là xe máy với kiểu dáng nhỏ gọn, mạnh mẽ, phù hợp cho cả nam và nữ, tiết kiệm nhiên liệu.', 23000000.000, 90, 'Tiêu chuẩn', '2020-02-10', 'Còn hàng', 3, 1);
INSERT INTO `products` VALUES (60, 'Honda Wave Alpha 110', 'Honda Wave Alpha 110 là một trong những mẫu xe phổ thông phổ biến nhất tại Việt Nam, với thiết kế đơn giản, dễ dàng sử dụng và vận hành.', 15000000.000, 0, 'Tiêu chuẩn', '2022-01-10', 'Hết hàng', 1, 1);
INSERT INTO `products` VALUES (61, 'Yamaha R15 V4', 'Yamaha R15 V4 là mẫu xe thể thao cao cấp với thiết kế khí động học và công nghệ tiên tiến. Động cơ mạnh mẽ, khả năng vận hành linh hoạt, phù hợp với các tay lái trẻ đam mê tốc độ.', 90000000.000, 50, 'Tiêu chuẩn', '2022-07-10', 'Còn hàng', 2, 2);
INSERT INTO `products` VALUES (62, 'Honda CBR150R', 'Honda CBR150R mang đến trải nghiệm lái mạnh mẽ với động cơ 150cc, thiết kế thể thao. Xe được trang bị các công nghệ hiện đại, phù hợp cho những người yêu thích sự tốc độ và phong cách.', 85000000.000, 60, 'Tiêu chuẩn', '2021-09-15', 'Còn hàng', 1, 2);
INSERT INTO `products` VALUES (63, 'Kawasaki Ninja 400', 'Kawasaki Ninja 400 là siêu mô tô với động cơ mạnh mẽ, thiết kế thể thao và các tính năng hiện đại. Xe mang đến cảm giác lái đầy phấn khích cho những ai đam mê tốc độ.', 160000000.000, 45, 'Tiêu chuẩn', '2021-04-20', 'Còn hàng', 4, 2);
INSERT INTO `products` VALUES (64, 'Suzuki GSX-R750', 'Suzuki GSX-R750 là mẫu xe thể thao cao cấp, với động cơ mạnh mẽ và thiết kế khí động học. Xe được trang bị các công nghệ tiên tiến, giúp người lái có trải nghiệm mượt mà trên mọi con đường.', 220000000.000, 30, 'Tiêu chuẩn', '2020-11-05', 'Còn hàng', 3, 2);
INSERT INTO `products` VALUES (65, 'Yamaha MT-07', 'Yamaha MT-07 là mẫu naked bike với động cơ mạnh mẽ, thiết kế hiện đại và khả năng vận hành linh hoạt. Xe mang đến trải nghiệm lái thoải mái và đầy hứng khởi.', 140000000.000, 40, 'Tiêu chuẩn', '2021-05-10', 'Còn hàng', 2, 2);
INSERT INTO `products` VALUES (66, 'BMW S1000RR', 'BMW S1000RR là mẫu xe thể thao đỉnh cao với động cơ mạnh mẽ 999cc và công nghệ tiên tiến, mang lại hiệu suất vượt trội và trải nghiệm lái tuyệt vời.', 500000000.000, 20, 'Tiêu chuẩn', '2020-09-25', 'Còn hàng', 8, 2);
INSERT INTO `products` VALUES (67, 'KTM RC 390', 'KTM RC 390 là mẫu xe thể thao mạnh mẽ, với thiết kế khí động học và động cơ 373cc. Xe mang lại cảm giác lái phấn khích và khả năng vận hành tuyệt vời.', 160000000.000, 35, 'Tiêu chuẩn', '2022-06-10', 'Còn hàng', 7, 2);
INSERT INTO `products` VALUES (68, 'Ducati Panigale V4', 'Ducati Panigale V4 là siêu mô tô hiệu suất cao với động cơ V4 1.103cc mạnh mẽ. Thiết kế đẹp mắt và công nghệ tiên tiến, xe mang đến trải nghiệm lái đầy phấn khích và linh hoạt.', 450000000.000, 15, 'Tiêu chuẩn', '2021-08-12', 'Còn hàng', 5, 2);
INSERT INTO `products` VALUES (69, 'Triumph Daytona 675', 'Triumph Daytona 675 là mẫu xe thể thao với động cơ 675cc mạnh mẽ. Xe mang lại cảm giác lái thể thao, phù hợp cho những tay đua đam mê tốc độ và muốn trải nghiệm sức mạnh tối đa.', 350000000.000, 25, 'Tiêu chuẩn', '2020-02-15', 'Còn hàng', 9, 2);
INSERT INTO `products` VALUES (70, 'Kawasaki Z900', 'Kawasaki Z900 là mẫu naked bike với thiết kế hiện đại, động cơ mạnh mẽ và khả năng vận hành ấn tượng. Xe mang đến trải nghiệm lái thoải mái và đầy cảm xúc.', 220000000.000, 55, 'Tiêu chuẩn', '2021-12-10', 'Còn hàng', 4, 2);
INSERT INTO `products` VALUES (71, 'Kawasaki Ninja H2', 'Kawasaki Ninja H2 là mẫu siêu mô tô với động cơ 998cc tăng áp, mang đến hiệu suất vượt trội. Xe được thiết kế cho những tay đua chuyên nghiệp và những người yêu thích tốc độ cực cao.', 550000000.000, 25, 'Tiêu chuẩn', '2021-03-18', 'Còn hàng', 4, 3);
INSERT INTO `products` VALUES (72, 'BMW S1000RR', 'BMW S1000RR là mẫu xe thể thao đỉnh cao với động cơ mạnh mẽ 999cc và công nghệ tiên tiến, mang lại hiệu suất vượt trội và trải nghiệm lái tuyệt vời.', 600000000.000, 20, 'Tiêu chuẩn', '2022-05-20', 'Còn hàng', 8, 3);
INSERT INTO `products` VALUES (73, 'Ducati Panigale V4', 'Ducati Panigale V4 là siêu mô tô hiệu suất cao với động cơ V4 1.103cc mạnh mẽ. Thiết kế đẹp mắt và công nghệ tiên tiến, xe mang đến trải nghiệm lái đầy phấn khích và linh hoạt.', 700000000.000, 15, 'Tiêu chuẩn', '2022-06-15', 'Còn hàng', 5, 3);
INSERT INTO `products` VALUES (74, 'Yamaha YZF-R1', 'Yamaha YZF-R1 là mẫu xe thể thao đẳng cấp với động cơ 998cc, mang đến sức mạnh vượt trội và khả năng lái mượt mà. Xe sở hữu thiết kế khí động học tối ưu cho những tay lái đam mê tốc độ.', 450000000.000, 30, 'Tiêu chuẩn', '2021-09-08', 'Còn hàng', 2, 3);
INSERT INTO `products` VALUES (75, 'Suzuki GSX-R1000R', 'Suzuki GSX-R1000R là mẫu xe thể thao cao cấp với động cơ 999cc và công nghệ hiện đại. Xe mang lại hiệu suất cao, độ ổn định và cảm giác lái tuyệt vời trên mọi cung đường.', 500000000.000, 28, 'Tiêu chuẩn', '2021-11-12', 'Còn hàng', 3, 3);
INSERT INTO `products` VALUES (76, 'Honda CBR1000RR-R Fireblade', 'Honda CBR1000RR-R Fireblade là siêu mô tô với động cơ 999cc mạnh mẽ, thiết kế tinh tế và công nghệ tiên tiến. Xe mang lại tốc độ và khả năng vận hành tuyệt vời trên mọi cung đường.', 800000000.000, 18, 'Tiêu chuẩn', '2022-07-10', 'Còn hàng', 1, 3);
INSERT INTO `products` VALUES (77, 'KTM 1290 Super Duke R', 'KTM 1290 Super Duke R là mẫu naked bike với động cơ 1301cc, mang đến hiệu suất mạnh mẽ và khả năng vận hành tuyệt vời. Xe sở hữu thiết kế thể thao và hiện đại, rất phù hợp với những tay đua.', 350000000.000, 22, 'Tiêu chuẩn', '2021-04-25', 'Còn hàng', 7, 3);
INSERT INTO `products` VALUES (78, 'Harley-Davidson CVO Limited', 'Harley-Davidson CVO Limited là mẫu xe touring cao cấp, trang bị động cơ mạnh mẽ 117cc và các công nghệ hiện đại. Xe mang đến sự thoải mái tối đa cho các chuyến đi dài.', 1000000000.000, 12, 'Tiêu chuẩn', '2022-08-30', 'Còn hàng', 6, 3);
INSERT INTO `products` VALUES (79, 'Triumph Rocket 3', 'Triumph Rocket 3 là mẫu mô tô siêu cao cấp với động cơ 2500cc, mang đến sức mạnh vô song và khả năng vận hành ấn tượng. Xe được thiết kế cho những người đam mê tốc độ và sự mạnh mẽ.', 900000000.000, 10, 'Tiêu chuẩn', '2021-10-15', 'Còn hàng', 9, 3);
INSERT INTO `products` VALUES (80, 'MV Agusta F4 RC', 'MV Agusta F4 RC là mẫu siêu mô tô thể thao với động cơ 998cc và thiết kế khí động học tối ưu. Xe mang đến cảm giác lái tuyệt vời, hiệu suất mạnh mẽ và phong cách riêng biệt.', 750000000.000, 14, 'Tiêu chuẩn', '2022-04-12', 'Còn hàng', 10, 3);
INSERT INTO `products` VALUES (81, 'Honda Vision', 'Honda Vision là mẫu xe tay ga nhỏ gọn, thời trang, trang bị động cơ eSP hiện đại. Với thiết kế tiện dụng và tiết kiệm nhiên liệu, Vision phù hợp với các nhu cầu di chuyển hàng ngày tại đô thị.', 350000000.000, 40, 'Tiêu chuẩn', '2022-06-10', 'Còn hàng', 1, 4);
INSERT INTO `products` VALUES (82, 'Yamaha Janus', 'Yamaha Janus là xe tay ga với thiết kế thời trang, động cơ tiết kiệm nhiên liệu và dễ dàng vận hành. Đây là lựa chọn lý tưởng cho phụ nữ và các bạn trẻ yêu thích sự tiện lợi và phong cách.', 300000000.000, 35, 'Tiêu chuẩn', '2022-07-22', 'Còn hàng', 2, 4);
INSERT INTO `products` VALUES (83, 'Honda Lead', 'Honda Lead là mẫu xe tay ga với thiết kế rộng rãi, động cơ bền bỉ và khả năng tiết kiệm nhiên liệu tối ưu. Lead được trang bị nhiều tính năng tiện ích, thích hợp cho các chuyến đi trong thành phố.', 420000000.000, 30, 'Tiêu chuẩn', '2022-08-05', 'Còn hàng', 1, 4);
INSERT INTO `products` VALUES (84, 'Yamaha FreeGo', 'Yamaha FreeGo là xe tay ga cỡ nhỏ với thiết kế thanh lịch và động cơ 125cc mạnh mẽ. Xe thích hợp cho các bạn trẻ và phụ nữ, với khả năng tiết kiệm nhiên liệu vượt trội.', 350000000.000, 25, 'Tiêu chuẩn', '2021-09-18', 'Còn hàng', 2, 4);
INSERT INTO `products` VALUES (85, 'Suzuki Address 110', 'Suzuki Address 110 là xe tay ga tiện lợi, thích hợp cho việc di chuyển trong thành phố. Với thiết kế gọn nhẹ và động cơ tiết kiệm nhiên liệu, đây là lựa chọn đáng tin cậy cho người dùng.', 280000000.000, 50, 'Tiêu chuẩn', '2022-05-13', 'Còn hàng', 3, 4);
INSERT INTO `products` VALUES (86, 'Honda SH Mode', 'Honda SH Mode là xe tay ga cao cấp, thiết kế sang trọng và động cơ eSP mạnh mẽ. Xe mang đến trải nghiệm lái nhẹ nhàng, dễ dàng điều khiển và tiết kiệm nhiên liệu.', 650000000.000, 20, 'Tiêu chuẩn', '2021-06-25', 'Còn hàng', 1, 4);
INSERT INTO `products` VALUES (87, 'Piaggio Liberty 125', 'Piaggio Liberty 125 là mẫu xe tay ga với phong cách Ý sang trọng, động cơ mạnh mẽ và hiệu suất cao. Xe mang đến sự linh hoạt trong vận hành và rất phù hợp cho việc di chuyển trong đô thị.', 500000000.000, 18, 'Tiêu chuẩn', '2022-04-15', 'Còn hàng', 11, 4);
INSERT INTO `products` VALUES (88, 'Yamaha NMAX 155', 'Yamaha NMAX 155 là xe tay ga thể thao với động cơ mạnh mẽ 155cc và thiết kế hiện đại. Xe được trang bị nhiều tính năng cao cấp, mang đến sự thoải mái tối đa khi di chuyển.', 800000000.000, 15, 'Tiêu chuẩn', '2021-12-20', 'Còn hàng', 2, 4);
INSERT INTO `products` VALUES (89, 'Honda Air Blade', 'Honda Air Blade là dòng xe tay ga thể thao với động cơ mạnh mẽ 125cc, thiết kế thể thao và tính năng tiện ích. Xe thích hợp cho những ai yêu thích sự năng động và tốc độ.', 450000000.000, 30, 'Tiêu chuẩn', '2021-10-10', 'Còn hàng', 1, 4);
INSERT INTO `products` VALUES (90, 'Suzuki Burgman 200', 'Suzuki Burgman 200 là xe tay ga cao cấp với thiết kế lớn, động cơ 200cc mạnh mẽ, thích hợp cho những chuyến đi dài hoặc đi lại trên các tuyến đường đông đúc.', 600000000.000, 12, 'Tiêu chuẩn', '2022-03-28', 'Còn hàng', 3, 4);
INSERT INTO `products` VALUES (91, 'Triumph Bonneville', 'Triumph Bonneville là dòng xe mô tô cổ điển với phong cách lịch lãm. Xe trang bị động cơ hiện đại và khả năng vận hành mượt mà, đáp ứng mọi nhu cầu của người dùng.', 700000000.000, 18, 'Tiêu chuẩn', '2021-08-15', 'Còn hàng', 9, 5);
INSERT INTO `products` VALUES (92, 'Harley-Davidson Iron 883', 'Harley-Davidson Iron 883 là dòng xe cruiser cổ điển với động cơ 883cc, thiết kế đơn giản và mạnh mẽ. Xe mang đậm chất Mỹ và phù hợp với những người yêu thích phong cách retro.', 850000000.000, 15, 'Tiêu chuẩn', '2021-11-10', 'Còn hàng', 6, 5);
INSERT INTO `products` VALUES (93, 'Moto Guzzi V7 III', 'Moto Guzzi V7 III là xe mô tô cổ điển mang đậm phong cách Ý. Xe sở hữu động cơ 750cc và thiết kế đẹp mắt, mang đến cảm giác lái nhẹ nhàng, dễ dàng vận hành.', 750000000.000, 22, 'Tiêu chuẩn', '2021-07-30', 'Còn hàng', 10, 5);
INSERT INTO `products` VALUES (94, 'Royal Enfield Classic 350', 'Royal Enfield Classic 350 là mẫu xe mô tô cổ điển nổi bật với thiết kế mạnh mẽ và động cơ 350cc. Đây là lựa chọn lý tưởng cho những người yêu thích sự đơn giản và phong cách cổ điển.', 400000000.000, 25, 'Tiêu chuẩn', '2022-01-05', 'Còn hàng', 12, 5);
INSERT INTO `products` VALUES (95, 'Indian Scout Sixty', 'Indian Scout Sixty là một chiếc cruiser cổ điển với động cơ 999cc và thiết kế mang đậm phong cách Mỹ. Xe mang lại cảm giác lái mạnh mẽ và đầy phong cách.', 950000000.000, 20, 'Tiêu chuẩn', '2022-03-22', 'Còn hàng', 13, 5);
INSERT INTO `products` VALUES (96, 'Ducati Scrambler Icon', 'Ducati Scrambler Icon là mẫu xe mô tô cổ điển với thiết kế retro và động cơ mạnh mẽ 803cc. Xe thích hợp cho những người yêu thích sự pha trộn giữa cổ điển và hiện đại.', 850000000.000, 30, 'Tiêu chuẩn', '2021-09-10', 'Còn hàng', 5, 5);
INSERT INTO `products` VALUES (97, 'BMW R NineT', 'BMW R NineT là mẫu xe cổ điển với thiết kế đặc biệt và động cơ 1170cc mạnh mẽ. Xe phù hợp cho những ai yêu thích sự kết hợp giữa phong cách retro và công nghệ hiện đại.', 1050000000.000, 12, 'Tiêu chuẩn', '2021-10-14', 'Còn hàng', 8, 5);
INSERT INTO `products` VALUES (98, 'Buell 1190RX', 'Buell 1190RX là một mẫu xe mô tô cổ điển, mang đến trải nghiệm lái thể thao với động cơ mạnh mẽ và thiết kế đặc trưng của dòng xe Mỹ.', 950000000.000, 10, 'Tiêu chuẩn', '2021-12-08', 'Còn hàng', 14, 5);
INSERT INTO `products` VALUES (99, 'Kawasaki W800', 'Kawasaki W800 là xe mô tô cổ điển với thiết kế thanh lịch, động cơ 773cc mạnh mẽ và phong cách retro. Đây là lựa chọn lý tưởng cho những ai yêu thích phong cách cổ điển kết hợp với hiệu suất cao.', 700000000.000, 20, 'Tiêu chuẩn', '2022-04-10', 'Còn hàng', 4, 5);
INSERT INTO `products` VALUES (100, 'Honda CB1100', 'Honda CB1100 là dòng xe mô tô cổ điển với thiết kế thanh thoát, động cơ 1140cc mạnh mẽ và khả năng vận hành êm ái. Xe là sự kết hợp tuyệt vời giữa phong cách cổ điển và công nghệ hiện đại.', 1050000000.000, 8, 'Tiêu chuẩn', '2022-02-18', 'Còn hàng', 1, 5);
INSERT INTO `products` VALUES (101, 'Honda Wave 110', 'Honda Wave 110 là dòng xe máy phổ thông với thiết kế gọn nhẹ và động cơ bền bỉ. Xe tiết kiệm nhiên liệu, phù hợp với các nhu cầu đi lại hàng ngày tại các khu vực đô thị và nông thôn.', 18000000.000, 50, 'Tiêu chuẩn', '2020-05-01', 'Còn hàng', 1, 1);
INSERT INTO `products` VALUES (102, 'Yamaha Sirius 110', 'Yamaha Sirius 110 mang phong cách đơn giản nhưng mạnh mẽ, tiết kiệm nhiên liệu, dễ dàng di chuyển trong các đô thị và đường nông thôn.', 16000000.000, 70, 'Tiêu chuẩn', '2019-06-15', 'Còn hàng', 2, 1);
INSERT INTO `products` VALUES (103, 'Suzuki Viva 115', 'Suzuki Viva 115 là một dòng xe máy phổ thông nhỏ gọn, tiết kiệm nhiên liệu, rất phù hợp với việc di chuyển trong khu vực thành phố.', 17000000.000, 65, 'Tiêu chuẩn', '2018-07-20', 'Còn hàng', 3, 1);
INSERT INTO `products` VALUES (104, 'Honda Dream 110', 'Honda Dream 110 là xe máy phổ thông với thiết kế đơn giản, bền bỉ và được trang bị động cơ mạnh mẽ, tiết kiệm xăng.', 18500000.000, 60, 'Tiêu chuẩn', '2021-03-10', 'Còn hàng', 1, 1);
INSERT INTO `products` VALUES (105, 'Yamaha Jupiter 110', 'Yamaha Jupiter 110 là một chiếc xe máy phù hợp cho người dùng yêu cầu sự ổn định và tiết kiệm nhiên liệu với thiết kế nhỏ gọn.', 19000000.000, 80, 'Tiêu chuẩn', '2020-12-01', 'Còn hàng', 2, 1);
INSERT INTO `products` VALUES (106, 'Suzuki Axelo 125', 'Suzuki Axelo 125 mang đến cho người dùng trải nghiệm lái mượt mà với động cơ 125cc, thiết kế hiện đại và tiết kiệm nhiên liệu.', 20000000.000, 40, 'Tiêu chuẩn', '2019-08-05', 'Còn hàng', 3, 1);
INSERT INTO `products` VALUES (107, 'Honda Blade 110', 'Honda Blade 110 là chiếc xe máy với thiết kế thể thao và động cơ mạnh mẽ, dễ dàng di chuyển trên mọi cung đường.', 22000000.000, 50, 'Tiêu chuẩn', '2022-04-25', 'Còn hàng', 1, 1);
INSERT INTO `products` VALUES (108, 'Yamaha Super Cub 110', 'Yamaha Super Cub 110 có thiết kế cổ điển nhưng hiện đại, mang lại sự kết hợp hoàn hảo giữa phong cách và tiện dụng.', 25000000.000, 30, 'Tiêu chuẩn', '2021-11-15', 'Còn hàng', 2, 1);
INSERT INTO `products` VALUES (109, 'Suzuki Hayate 110', 'Suzuki Hayate 110 là xe máy với kiểu dáng nhỏ gọn, mạnh mẽ, phù hợp cho cả nam và nữ, tiết kiệm nhiên liệu.', 23000000.000, 90, 'Tiêu chuẩn', '2020-02-10', 'Còn hàng', 3, 1);
INSERT INTO `products` VALUES (110, 'Honda Wave Alpha 110', 'Honda Wave Alpha 110 là một trong những mẫu xe phổ thông phổ biến nhất tại Việt Nam, với thiết kế đơn giản, dễ dàng sử dụng và vận hành.', 15000000.000, 0, 'Tiêu chuẩn', '2022-01-10', 'Hết hàng', 1, 1);
INSERT INTO `products` VALUES (111, 'Yamaha R15 V4', 'Yamaha R15 V4 là mẫu xe thể thao cao cấp với thiết kế khí động học và công nghệ tiên tiến. Động cơ mạnh mẽ, khả năng vận hành linh hoạt, phù hợp với các tay lái trẻ đam mê tốc độ.', 90000000.000, 50, 'Tiêu chuẩn', '2022-07-10', 'Còn hàng', 2, 2);
INSERT INTO `products` VALUES (112, 'Honda CBR150R', 'Honda CBR150R mang đến trải nghiệm lái mạnh mẽ với động cơ 150cc, thiết kế thể thao. Xe được trang bị các công nghệ hiện đại, phù hợp cho những người yêu thích sự tốc độ và phong cách.', 85000000.000, 60, 'Tiêu chuẩn', '2021-09-15', 'Còn hàng', 1, 2);
INSERT INTO `products` VALUES (113, 'Kawasaki Ninja 400', 'Kawasaki Ninja 400 là siêu mô tô với động cơ mạnh mẽ, thiết kế thể thao và các tính năng hiện đại. Xe mang đến cảm giác lái đầy phấn khích cho những ai đam mê tốc độ.', 160000000.000, 45, 'Tiêu chuẩn', '2021-04-20', 'Còn hàng', 4, 2);
INSERT INTO `products` VALUES (114, 'Suzuki GSX-R750', 'Suzuki GSX-R750 là mẫu xe thể thao cao cấp, với động cơ mạnh mẽ và thiết kế khí động học. Xe được trang bị các công nghệ tiên tiến, giúp người lái có trải nghiệm mượt mà trên mọi con đường.', 220000000.000, 30, 'Tiêu chuẩn', '2020-11-05', 'Còn hàng', 3, 2);
INSERT INTO `products` VALUES (115, 'Yamaha MT-07', 'Yamaha MT-07 là mẫu naked bike với động cơ mạnh mẽ, thiết kế hiện đại và khả năng vận hành linh hoạt. Xe mang đến trải nghiệm lái thoải mái và đầy hứng khởi.', 140000000.000, 40, 'Tiêu chuẩn', '2021-05-10', 'Còn hàng', 2, 2);
INSERT INTO `products` VALUES (116, 'BMW S1000RR', 'BMW S1000RR là mẫu xe thể thao đỉnh cao với động cơ mạnh mẽ 999cc và công nghệ tiên tiến, mang lại hiệu suất vượt trội và trải nghiệm lái tuyệt vời.', 500000000.000, 20, 'Tiêu chuẩn', '2020-09-25', 'Còn hàng', 8, 2);
INSERT INTO `products` VALUES (117, 'KTM RC 390', 'KTM RC 390 là mẫu xe thể thao mạnh mẽ, với thiết kế khí động học và động cơ 373cc. Xe mang lại cảm giác lái phấn khích và khả năng vận hành tuyệt vời.', 160000000.000, 35, 'Tiêu chuẩn', '2022-06-10', 'Còn hàng', 7, 2);
INSERT INTO `products` VALUES (118, 'Ducati Panigale V4', 'Ducati Panigale V4 là siêu mô tô hiệu suất cao với động cơ V4 1.103cc mạnh mẽ. Thiết kế đẹp mắt và công nghệ tiên tiến, xe mang đến trải nghiệm lái đầy phấn khích và linh hoạt.', 450000000.000, 15, 'Tiêu chuẩn', '2021-08-12', 'Còn hàng', 5, 2);
INSERT INTO `products` VALUES (119, 'Triumph Daytona 675', 'Triumph Daytona 675 là mẫu xe thể thao với động cơ 675cc mạnh mẽ. Xe mang lại cảm giác lái thể thao, phù hợp cho những tay đua đam mê tốc độ và muốn trải nghiệm sức mạnh tối đa.', 350000000.000, 25, 'Tiêu chuẩn', '2020-02-15', 'Còn hàng', 9, 2);
INSERT INTO `products` VALUES (120, 'Kawasaki Z900', 'Kawasaki Z900 là mẫu naked bike với thiết kế hiện đại, động cơ mạnh mẽ và khả năng vận hành ấn tượng. Xe mang đến trải nghiệm lái thoải mái và đầy cảm xúc.', 220000000.000, 55, 'Tiêu chuẩn', '2021-12-10', 'Còn hàng', 4, 2);
INSERT INTO `products` VALUES (121, 'Kawasaki Ninja H2', 'Kawasaki Ninja H2 là mẫu siêu mô tô với động cơ 998cc tăng áp, mang đến hiệu suất vượt trội. Xe được thiết kế cho những tay đua chuyên nghiệp và những người yêu thích tốc độ cực cao.', 550000000.000, 25, 'Tiêu chuẩn', '2021-03-18', 'Còn hàng', 4, 3);
INSERT INTO `products` VALUES (122, 'BMW S1000RR', 'BMW S1000RR là mẫu xe thể thao đỉnh cao với động cơ mạnh mẽ 999cc và công nghệ tiên tiến, mang lại hiệu suất vượt trội và trải nghiệm lái tuyệt vời.', 600000000.000, 20, 'Tiêu chuẩn', '2022-05-20', 'Còn hàng', 8, 3);
INSERT INTO `products` VALUES (123, 'Ducati Panigale V4', 'Ducati Panigale V4 là siêu mô tô hiệu suất cao với động cơ V4 1.103cc mạnh mẽ. Thiết kế đẹp mắt và công nghệ tiên tiến, xe mang đến trải nghiệm lái đầy phấn khích và linh hoạt.', 700000000.000, 15, 'Tiêu chuẩn', '2022-06-15', 'Còn hàng', 5, 3);
INSERT INTO `products` VALUES (124, 'Yamaha YZF-R1', 'Yamaha YZF-R1 là mẫu xe thể thao đẳng cấp với động cơ 998cc, mang đến sức mạnh vượt trội và khả năng lái mượt mà. Xe sở hữu thiết kế khí động học tối ưu cho những tay lái đam mê tốc độ.', 450000000.000, 30, 'Tiêu chuẩn', '2021-09-08', 'Còn hàng', 2, 3);
INSERT INTO `products` VALUES (125, 'Suzuki GSX-R1000R', 'Suzuki GSX-R1000R là mẫu xe thể thao cao cấp với động cơ 999cc và công nghệ hiện đại. Xe mang lại hiệu suất cao, độ ổn định và cảm giác lái tuyệt vời trên mọi cung đường.', 500000000.000, 28, 'Tiêu chuẩn', '2021-11-12', 'Còn hàng', 3, 3);
INSERT INTO `products` VALUES (126, 'Honda CBR1000RR-R Fireblade', 'Honda CBR1000RR-R Fireblade là siêu mô tô với động cơ 999cc mạnh mẽ, thiết kế tinh tế và công nghệ tiên tiến. Xe mang lại tốc độ và khả năng vận hành tuyệt vời trên mọi cung đường.', 800000000.000, 18, 'Tiêu chuẩn', '2022-07-10', 'Còn hàng', 1, 3);
INSERT INTO `products` VALUES (127, 'KTM 1290 Super Duke R', 'KTM 1290 Super Duke R là mẫu naked bike với động cơ 1301cc, mang đến hiệu suất mạnh mẽ và khả năng vận hành tuyệt vời. Xe sở hữu thiết kế thể thao và hiện đại, rất phù hợp với những tay đua.', 350000000.000, 22, 'Tiêu chuẩn', '2021-04-25', 'Còn hàng', 7, 3);
INSERT INTO `products` VALUES (128, 'Harley-Davidson CVO Limited', 'Harley-Davidson CVO Limited là mẫu xe touring cao cấp, trang bị động cơ mạnh mẽ 117cc và các công nghệ hiện đại. Xe mang đến sự thoải mái tối đa cho các chuyến đi dài.', 1000000000.000, 12, 'Tiêu chuẩn', '2022-08-30', 'Còn hàng', 6, 3);
INSERT INTO `products` VALUES (129, 'Triumph Rocket 3', 'Triumph Rocket 3 là mẫu mô tô siêu cao cấp với động cơ 2500cc, mang đến sức mạnh vô song và khả năng vận hành ấn tượng. Xe được thiết kế cho những người đam mê tốc độ và sự mạnh mẽ.', 900000000.000, 10, 'Tiêu chuẩn', '2021-10-15', 'Còn hàng', 9, 3);
INSERT INTO `products` VALUES (130, 'MV Agusta F4 RC', 'MV Agusta F4 RC là mẫu siêu mô tô thể thao với động cơ 998cc và thiết kế khí động học tối ưu. Xe mang đến cảm giác lái tuyệt vời, hiệu suất mạnh mẽ và phong cách riêng biệt.', 750000000.000, 14, 'Tiêu chuẩn', '2022-04-12', 'Còn hàng', 10, 3);
INSERT INTO `products` VALUES (131, 'Honda Vision', 'Honda Vision là mẫu xe tay ga nhỏ gọn, thời trang, trang bị động cơ eSP hiện đại. Với thiết kế tiện dụng và tiết kiệm nhiên liệu, Vision phù hợp với các nhu cầu di chuyển hàng ngày tại đô thị.', 350000000.000, 40, 'Tiêu chuẩn', '2022-06-10', 'Còn hàng', 1, 4);
INSERT INTO `products` VALUES (132, 'Yamaha Janus', 'Yamaha Janus là xe tay ga với thiết kế thời trang, động cơ tiết kiệm nhiên liệu và dễ dàng vận hành. Đây là lựa chọn lý tưởng cho phụ nữ và các bạn trẻ yêu thích sự tiện lợi và phong cách.', 300000000.000, 35, 'Tiêu chuẩn', '2022-07-22', 'Còn hàng', 2, 4);
INSERT INTO `products` VALUES (133, 'Honda Lead', 'Honda Lead là mẫu xe tay ga với thiết kế rộng rãi, động cơ bền bỉ và khả năng tiết kiệm nhiên liệu tối ưu. Lead được trang bị nhiều tính năng tiện ích, thích hợp cho các chuyến đi trong thành phố.', 420000000.000, 30, 'Tiêu chuẩn', '2022-08-05', 'Còn hàng', 1, 4);
INSERT INTO `products` VALUES (134, 'Yamaha FreeGo', 'Yamaha FreeGo là xe tay ga cỡ nhỏ với thiết kế thanh lịch và động cơ 125cc mạnh mẽ. Xe thích hợp cho các bạn trẻ và phụ nữ, với khả năng tiết kiệm nhiên liệu vượt trội.', 350000000.000, 25, 'Tiêu chuẩn', '2021-09-18', 'Còn hàng', 2, 4);
INSERT INTO `products` VALUES (135, 'Suzuki Address 110', 'Suzuki Address 110 là xe tay ga tiện lợi, thích hợp cho việc di chuyển trong thành phố. Với thiết kế gọn nhẹ và động cơ tiết kiệm nhiên liệu, đây là lựa chọn đáng tin cậy cho người dùng.', 280000000.000, 50, 'Tiêu chuẩn', '2022-05-13', 'Còn hàng', 3, 4);
INSERT INTO `products` VALUES (136, 'Honda SH Mode', 'Honda SH Mode là xe tay ga cao cấp, thiết kế sang trọng và động cơ eSP mạnh mẽ. Xe mang đến trải nghiệm lái nhẹ nhàng, dễ dàng điều khiển và tiết kiệm nhiên liệu.', 650000000.000, 20, 'Tiêu chuẩn', '2021-06-25', 'Còn hàng', 1, 4);
INSERT INTO `products` VALUES (137, 'Piaggio Liberty 125', 'Piaggio Liberty 125 là mẫu xe tay ga với phong cách Ý sang trọng, động cơ mạnh mẽ và hiệu suất cao. Xe mang đến sự linh hoạt trong vận hành và rất phù hợp cho việc di chuyển trong đô thị.', 500000000.000, 18, 'Tiêu chuẩn', '2022-04-15', 'Còn hàng', 11, 4);
INSERT INTO `products` VALUES (138, 'Yamaha NMAX 155', 'Yamaha NMAX 155 là xe tay ga thể thao với động cơ mạnh mẽ 155cc và thiết kế hiện đại. Xe được trang bị nhiều tính năng cao cấp, mang đến sự thoải mái tối đa khi di chuyển.', 800000000.000, 15, 'Tiêu chuẩn', '2021-12-20', 'Còn hàng', 2, 4);
INSERT INTO `products` VALUES (139, 'Honda Air Blade', 'Honda Air Blade là dòng xe tay ga thể thao với động cơ mạnh mẽ 125cc, thiết kế thể thao và tính năng tiện ích. Xe thích hợp cho những ai yêu thích sự năng động và tốc độ.', 450000000.000, 30, 'Tiêu chuẩn', '2021-10-10', 'Còn hàng', 1, 4);
INSERT INTO `products` VALUES (140, 'Suzuki Burgman 200', 'Suzuki Burgman 200 là xe tay ga cao cấp với thiết kế lớn, động cơ 200cc mạnh mẽ, thích hợp cho những chuyến đi dài hoặc đi lại trên các tuyến đường đông đúc.', 600000000.000, 12, 'Tiêu chuẩn', '2022-03-28', 'Còn hàng', 3, 4);
INSERT INTO `products` VALUES (141, 'Triumph Bonneville', 'Triumph Bonneville là dòng xe mô tô cổ điển với phong cách lịch lãm. Xe trang bị động cơ hiện đại và khả năng vận hành mượt mà, đáp ứng mọi nhu cầu của người dùng.', 700000000.000, 18, 'Tiêu chuẩn', '2021-08-15', 'Còn hàng', 9, 5);
INSERT INTO `products` VALUES (142, 'Harley-Davidson Iron 883', 'Harley-Davidson Iron 883 là dòng xe cruiser cổ điển với động cơ 883cc, thiết kế đơn giản và mạnh mẽ. Xe mang đậm chất Mỹ và phù hợp với những người yêu thích phong cách retro.', 850000000.000, 15, 'Tiêu chuẩn', '2021-11-10', 'Còn hàng', 6, 5);
INSERT INTO `products` VALUES (143, 'Moto Guzzi V7 III', 'Moto Guzzi V7 III là xe mô tô cổ điển mang đậm phong cách Ý. Xe sở hữu động cơ 750cc và thiết kế đẹp mắt, mang đến cảm giác lái nhẹ nhàng, dễ dàng vận hành.', 750000000.000, 22, 'Tiêu chuẩn', '2021-07-30', 'Còn hàng', 10, 5);
INSERT INTO `products` VALUES (144, 'Royal Enfield Classic 350', 'Royal Enfield Classic 350 là mẫu xe mô tô cổ điển nổi bật với thiết kế mạnh mẽ và động cơ 350cc. Đây là lựa chọn lý tưởng cho những người yêu thích sự đơn giản và phong cách cổ điển.', 400000000.000, 25, 'Tiêu chuẩn', '2022-01-05', 'Còn hàng', 12, 5);
INSERT INTO `products` VALUES (145, 'Indian Scout Sixty', 'Indian Scout Sixty là một chiếc cruiser cổ điển với động cơ 999cc và thiết kế mang đậm phong cách Mỹ. Xe mang lại cảm giác lái mạnh mẽ và đầy phong cách.', 950000000.000, 20, 'Tiêu chuẩn', '2022-03-22', 'Còn hàng', 13, 5);
INSERT INTO `products` VALUES (146, 'Ducati Scrambler Icon', 'Ducati Scrambler Icon là mẫu xe mô tô cổ điển với thiết kế retro và động cơ mạnh mẽ 803cc. Xe thích hợp cho những người yêu thích sự pha trộn giữa cổ điển và hiện đại.', 850000000.000, 30, 'Tiêu chuẩn', '2021-09-10', 'Còn hàng', 5, 5);
INSERT INTO `products` VALUES (147, 'BMW R NineT', 'BMW R NineT là mẫu xe cổ điển với thiết kế đặc biệt và động cơ 1170cc mạnh mẽ. Xe phù hợp cho những ai yêu thích sự kết hợp giữa phong cách retro và công nghệ hiện đại.', 1050000000.000, 12, 'Tiêu chuẩn', '2021-10-14', 'Còn hàng', 8, 5);
INSERT INTO `products` VALUES (148, 'Buell 1190RX', 'Buell 1190RX là một mẫu xe mô tô cổ điển, mang đến trải nghiệm lái thể thao với động cơ mạnh mẽ và thiết kế đặc trưng của dòng xe Mỹ.', 950000000.000, 10, 'Tiêu chuẩn', '2021-12-08', 'Còn hàng', 14, 5);
INSERT INTO `products` VALUES (149, 'Kawasaki W800', 'Kawasaki W800 là xe mô tô cổ điển với thiết kế thanh lịch, động cơ 773cc mạnh mẽ và phong cách retro. Đây là lựa chọn lý tưởng cho những ai yêu thích phong cách cổ điển kết hợp với hiệu suất cao.', 700000000.000, 20, 'Tiêu chuẩn', '2022-04-10', 'Còn hàng', 4, 5);
INSERT INTO `products` VALUES (150, 'Honda CB1100', 'Honda CB1100 là dòng xe mô tô cổ điển với thiết kế thanh thoát, động cơ 1140cc mạnh mẽ và khả năng vận hành êm ái. Xe là sự kết hợp tuyệt vời giữa phong cách cổ điển và công nghệ hiện đại.', 1050000000.000, 8, 'Tiêu chuẩn', '2022-02-18', 'Còn hàng', 1, 5);

-- ----------------------------
-- Table structure for shoprecords
-- ----------------------------
DROP TABLE IF EXISTS `shoprecords`;
CREATE TABLE `shoprecords`  (
  `quantity` int(11) NULL DEFAULT NULL,
  `productID` int(11) NULL DEFAULT NULL,
  `shopID` int(11) NULL DEFAULT NULL,
  INDEX `productID`(`productID`) USING BTREE,
  INDEX `shopID`(`shopID`) USING BTREE,
  CONSTRAINT `shoprecords_ibfk_1` FOREIGN KEY (`productID`) REFERENCES `products` (`id`) ON DELETE RESTRICT ON UPDATE RESTRICT,
  CONSTRAINT `shoprecords_ibfk_2` FOREIGN KEY (`shopID`) REFERENCES `shops` (`id`) ON DELETE RESTRICT ON UPDATE RESTRICT
) ENGINE = InnoDB CHARACTER SET = utf8mb4 COLLATE = utf8mb4_unicode_ci ROW_FORMAT = Dynamic;

-- ----------------------------
-- Records of shoprecords
-- ----------------------------
INSERT INTO `shoprecords` VALUES (12, 1, 1);
INSERT INTO `shoprecords` VALUES (8, 2, 1);
INSERT INTO `shoprecords` VALUES (3, 3, 1);
INSERT INTO `shoprecords` VALUES (2, 4, 1);
INSERT INTO `shoprecords` VALUES (12, 23, 2);
INSERT INTO `shoprecords` VALUES (6, 12, 2);
INSERT INTO `shoprecords` VALUES (13, 15, 2);
INSERT INTO `shoprecords` VALUES (5, 65, 2);
INSERT INTO `shoprecords` VALUES (12, 12, 3);
INSERT INTO `shoprecords` VALUES (8, 13, 3);
INSERT INTO `shoprecords` VALUES (3, 14, 3);
INSERT INTO `shoprecords` VALUES (2, 15, 3);
INSERT INTO `shoprecords` VALUES (12, 22, 4);
INSERT INTO `shoprecords` VALUES (8, 23, 4);
INSERT INTO `shoprecords` VALUES (3, 24, 4);
INSERT INTO `shoprecords` VALUES (2, 25, 4);
INSERT INTO `shoprecords` VALUES (12, 30, 5);
INSERT INTO `shoprecords` VALUES (8, 31, 5);
INSERT INTO `shoprecords` VALUES (3, 32, 5);
INSERT INTO `shoprecords` VALUES (2, 33, 5);

-- ----------------------------
-- Table structure for shops
-- ----------------------------
DROP TABLE IF EXISTS `shops`;
CREATE TABLE `shops`  (
  `id` int(11) NOT NULL AUTO_INCREMENT,
  `name` varchar(50) CHARACTER SET utf8mb4 COLLATE utf8mb4_unicode_ci NULL DEFAULT NULL,
  `address` varchar(100) CHARACTER SET utf8mb4 COLLATE utf8mb4_unicode_ci NULL DEFAULT NULL,
  PRIMARY KEY (`id`) USING BTREE
) ENGINE = InnoDB AUTO_INCREMENT = 11 CHARACTER SET = utf8mb4 COLLATE = utf8mb4_unicode_ci ROW_FORMAT = Dynamic;

-- ----------------------------
-- Records of shops
-- ----------------------------
INSERT INTO `shops` VALUES (1, 'Webike Hồ Chí Minh', '123 Đường Lê Lợi, Quận 1, TP.HCM');
INSERT INTO `shops` VALUES (2, 'Webike Hà Nội', '456 Đường Hoàng Quốc Việt, Cầu Giấy, Hà Nội');
INSERT INTO `shops` VALUES (3, 'Webike Đà Nẵng', '789 Đường Nguyễn Văn Linh, Quận Hải Châu, Đà Nẵng');
INSERT INTO `shops` VALUES (4, 'Webike Nha Trang', '321 Đường Trần Hưng Đạo, Nha Trang, Khánh Hòa');
INSERT INTO `shops` VALUES (5, 'Webike Vũng Tàu', '654 Đường Phan Chu Trinh, TP. Vũng Tàu');
INSERT INTO `shops` VALUES (6, 'Webike Hồ Chí Minh', '123 Đường Lê Lợi, Quận 1, TP.HCM');
INSERT INTO `shops` VALUES (7, 'Webike Hà Nội', '456 Đường Hoàng Quốc Việt, Cầu Giấy, Hà Nội');
INSERT INTO `shops` VALUES (8, 'Webike Đà Nẵng', '789 Đường Nguyễn Văn Linh, Quận Hải Châu, Đà Nẵng');
INSERT INTO `shops` VALUES (9, 'Webike Nha Trang', '321 Đường Trần Hưng Đạo, Nha Trang, Khánh Hòa');
INSERT INTO `shops` VALUES (10, 'Webike Vũng Tàu', '654 Đường Phan Chu Trinh, TP. Vũng Tàu');

-- ----------------------------
-- Table structure for specs
-- ----------------------------
DROP TABLE IF EXISTS `specs`;
CREATE TABLE `specs`  (
  `id` int(11) NOT NULL AUTO_INCREMENT,
  `tag` varchar(20) CHARACTER SET utf8mb4 COLLATE utf8mb4_unicode_ci NOT NULL,
  `des` varchar(50) CHARACTER SET utf8mb4 COLLATE utf8mb4_unicode_ci NOT NULL,
  `type` varchar(20) CHARACTER SET utf8mb4 COLLATE utf8mb4_unicode_ci NOT NULL,
  PRIMARY KEY (`id`) USING BTREE
) ENGINE = InnoDB AUTO_INCREMENT = 136 CHARACTER SET = utf8mb4 COLLATE = utf8mb4_unicode_ci ROW_FORMAT = Dynamic;

-- ----------------------------
-- Records of specs
-- ----------------------------
INSERT INTO `specs` VALUES (1, 'Loại', 'Động cơ 2 xi-lanh', 'động cơ');
INSERT INTO `specs` VALUES (2, 'Loại', 'Động cơ V4', 'động cơ');
INSERT INTO `specs` VALUES (3, 'Loại', 'Động cơ Parallel-Twin', 'động cơ');
INSERT INTO `specs` VALUES (4, 'Loại', 'Động cơ Inline-Twin', 'động cơ');
INSERT INTO `specs` VALUES (5, 'Loại', 'Động cơ 2 chu kỳ', 'động cơ');
INSERT INTO `specs` VALUES (6, 'Bố trí xi lanh', 'Xi lanh đơn', 'động cơ');
INSERT INTO `specs` VALUES (7, 'Bố trí xi lanh', 'Xi lanh đôi', 'động cơ');
INSERT INTO `specs` VALUES (8, 'Bố trí xi lanh', 'V-Twin', 'động cơ');
INSERT INTO `specs` VALUES (9, 'Bố trí xi lanh', 'Inline-4', 'động cơ');
INSERT INTO `specs` VALUES (10, 'Bố trí xi lanh', 'Inline-6', 'động cơ');
INSERT INTO `specs` VALUES (11, 'Dung tích xi lanh (C', '50cc', 'động cơ');
INSERT INTO `specs` VALUES (12, 'Dung tích xi lanh (C', '100cc', 'động cơ');
INSERT INTO `specs` VALUES (13, 'Dung tích xi lanh (C', '150cc', 'động cơ');
INSERT INTO `specs` VALUES (14, 'Dung tích xi lanh (C', '250cc', 'động cơ');
INSERT INTO `specs` VALUES (15, 'Dung tích xi lanh (C', '500cc', 'động cơ');
INSERT INTO `specs` VALUES (16, 'Tỷ số nén', '9:1', 'động cơ');
INSERT INTO `specs` VALUES (17, 'Tỷ số nén', '10:1', 'động cơ');
INSERT INTO `specs` VALUES (18, 'Tỷ số nén', '11:1', 'động cơ');
INSERT INTO `specs` VALUES (19, 'Tỷ số nén', '12:1', 'động cơ');
INSERT INTO `specs` VALUES (20, 'Tỷ số nén', '18:6', 'động cơ');
INSERT INTO `specs` VALUES (21, 'Công suất tối đa', '40 mã lực', 'động cơ');
INSERT INTO `specs` VALUES (22, 'Công suất tối đa', '50 mã lực', 'động cơ');
INSERT INTO `specs` VALUES (23, 'Công suất tối đa', '60 mã lực', 'động cơ');
INSERT INTO `specs` VALUES (24, 'Công suất tối đa', '100 mã lực', 'động cơ');
INSERT INTO `specs` VALUES (25, 'Công suất tối đa', '150 mã lực', 'động cơ');
INSERT INTO `specs` VALUES (26, 'Mô men xoắn cực đại', '5 Nm', 'động cơ');
INSERT INTO `specs` VALUES (27, 'Mô men xoắn cực đại', '10 Nm', 'động cơ');
INSERT INTO `specs` VALUES (28, 'Mô men xoắn cực đại', '20 Nm', 'động cơ');
INSERT INTO `specs` VALUES (29, 'Mô men xoắn cực đại', '30 Nm', 'động cơ');
INSERT INTO `specs` VALUES (30, 'Mô men xoắn cực đại', '50 Nm', 'động cơ');
INSERT INTO `specs` VALUES (31, 'Hệ thống khởi động', 'Điện', 'động cơ');
INSERT INTO `specs` VALUES (32, 'Hệ thống khởi động', 'Cần kéo', 'động cơ');
INSERT INTO `specs` VALUES (33, 'Hệ thống khởi động', 'Đánh lửa', 'động cơ');
INSERT INTO `specs` VALUES (34, 'Hệ thống khởi động', 'Áp suất', 'động cơ');
INSERT INTO `specs` VALUES (35, 'Hệ thống khởi động', 'Buồng nổ', 'động cơ');
INSERT INTO `specs` VALUES (36, 'Hệ thống bôi trơn', 'Cưỡng bức', 'động cơ');
INSERT INTO `specs` VALUES (37, 'Hệ thống bôi trơn', 'Nhớt ướt', 'động cơ');
INSERT INTO `specs` VALUES (38, 'Hệ thống bôi trơn', 'Khô', 'động cơ');
INSERT INTO `specs` VALUES (39, 'Hệ thống bôi trơn', 'Dầu tự nhiên', 'động cơ');
INSERT INTO `specs` VALUES (40, 'Hệ thống bôi trơn', 'Áp suất thấp', 'động cơ');
INSERT INTO `specs` VALUES (41, 'Dung tích bình xăng', '5 lít', 'động cơ');
INSERT INTO `specs` VALUES (42, 'Dung tích bình xăng', '10 lít', 'động cơ');
INSERT INTO `specs` VALUES (43, 'Dung tích bình xăng', '12 lít', 'động cơ');
INSERT INTO `specs` VALUES (44, 'Dung tích bình xăng', '15 lít', 'động cơ');
INSERT INTO `specs` VALUES (45, 'Dung tích bình xăng', '20 lít', 'động cơ');
INSERT INTO `specs` VALUES (46, 'Mức tiêu thụ nhiên l', '2.5 L/100km', 'động cơ');
INSERT INTO `specs` VALUES (47, 'Mức tiêu thụ nhiên l', '3.0 L/100km', 'động cơ');
INSERT INTO `specs` VALUES (48, 'Mức tiêu thụ nhiên l', '3.5 L/100km', 'động cơ');
INSERT INTO `specs` VALUES (49, 'Mức tiêu thụ nhiên l', '4.0 L/100km', 'động cơ');
INSERT INTO `specs` VALUES (50, 'Mức tiêu thụ nhiên l', '5.0 L/100km', 'động cơ');
INSERT INTO `specs` VALUES (51, 'Hệ thống đánh lửa', 'Magneto', 'động cơ');
INSERT INTO `specs` VALUES (52, 'Hệ thống đánh lửa', 'CDI (Capacitor Discharge Ignition)', 'động cơ');
INSERT INTO `specs` VALUES (53, 'Hệ thống đánh lửa', 'TCI (Transistorized Coil Ignition)', 'động cơ');
INSERT INTO `specs` VALUES (54, 'Hệ thống đánh lửa', 'Pin Coil', 'động cơ');
INSERT INTO `specs` VALUES (55, 'Hệ thống đánh lửa', 'Smart Coil', 'động cơ');
INSERT INTO `specs` VALUES (56, 'Tỷ số truyền động', '2.5:1', 'động cơ');
INSERT INTO `specs` VALUES (57, 'Tỷ số truyền động', '3.0:1', 'động cơ');
INSERT INTO `specs` VALUES (58, 'Tỷ số truyền động', '3.5:1', 'động cơ');
INSERT INTO `specs` VALUES (59, 'Tỷ số truyền động', '4.0:1', 'động cơ');
INSERT INTO `specs` VALUES (60, 'Tỷ số truyền động', '7.0:1', 'động cơ');
INSERT INTO `specs` VALUES (61, 'Loại khung', 'thép ống đôi', 'khung xe');
INSERT INTO `specs` VALUES (62, 'Loại khung', 'nhôm đúc nguyên khối', 'khung xe');
INSERT INTO `specs` VALUES (63, 'Loại khung', 'thép mắt cáo', 'khung xe');
INSERT INTO `specs` VALUES (64, 'Loại khung', 'nhôm hợp kim', 'khung xe');
INSERT INTO `specs` VALUES (65, 'Loại khung', 'composite nhẹ', 'khung xe');
INSERT INTO `specs` VALUES (66, 'Loại khung', 'dạng trellis', 'khung xe');
INSERT INTO `specs` VALUES (67, 'Loại khung', 'thép cứng cáp', 'khung xe');
INSERT INTO `specs` VALUES (68, 'Loại khung', 'carbon siêu nhẹ', 'khung xe');
INSERT INTO `specs` VALUES (69, 'Loại khung', 'nhôm không mối hàn', 'khung xe');
INSERT INTO `specs` VALUES (70, 'Loại khung', 'liền khối monocoque', 'khung xe');
INSERT INTO `specs` VALUES (71, 'Hệ thống giảm xóc tr', 'phuộc lồng telescopic', 'khung xe');
INSERT INTO `specs` VALUES (72, 'Hệ thống giảm xóc tr', 'phuộc ngược upside-down', 'khung xe');
INSERT INTO `specs` VALUES (73, 'Hệ thống giảm xóc tr', 'phuộc thủy lực', 'khung xe');
INSERT INTO `specs` VALUES (74, 'Hệ thống giảm xóc tr', 'phuộc khí nén', 'khung xe');
INSERT INTO `specs` VALUES (75, 'Hệ thống giảm xóc tr', 'phuộc điện tử', 'khung xe');
INSERT INTO `specs` VALUES (76, 'Độ lệch phương trục ', '24.5 độ', 'khung xe');
INSERT INTO `specs` VALUES (77, 'Độ lệch phương trục ', '25.0 độ', 'khung xe');
INSERT INTO `specs` VALUES (78, 'Độ lệch phương trục ', '26.0 độ', 'khung xe');
INSERT INTO `specs` VALUES (79, 'Độ lệch phương trục ', '23.8 độ', 'khung xe');
INSERT INTO `specs` VALUES (80, 'Độ lệch phương trục ', '26.8 độ', 'khung xe');
INSERT INTO `specs` VALUES (81, 'Hệ thống giảm xóc sa', 'Giảm xóc monoshock', 'khung xe');
INSERT INTO `specs` VALUES (82, 'Hệ thống giảm xóc sa', 'Giảm xóc đôi với lò xo dầu', 'khung xe');
INSERT INTO `specs` VALUES (83, 'Hệ thống giảm xóc sa', 'Giảm xóc với ống giảm chấn khí nén', 'khung xe');
INSERT INTO `specs` VALUES (84, 'Hệ thống giảm xóc sa', 'Giảm xóc đôi lò xo nhíp', 'khung xe');
INSERT INTO `specs` VALUES (85, 'Hệ thống giảm xóc sa', 'Giảm xóc thép, điều chỉnh độ cứng', 'khung xe');
INSERT INTO `specs` VALUES (86, 'Phanh trước', 'Phanh đĩa đơn, hệ thống thủy lực', 'khung xe');
INSERT INTO `specs` VALUES (87, 'Phanh trước', 'Phanh đĩa đôi, tích hợp ABS', 'khung xe');
INSERT INTO `specs` VALUES (88, 'Phanh trước', 'Phanh đĩa đơn, làm mát bằng gió', 'khung xe');
INSERT INTO `specs` VALUES (89, 'Phanh trước', 'Phanh đĩa đơn, hiệu suất cao với đĩa thép không gỉ', 'khung xe');
INSERT INTO `specs` VALUES (90, 'Phanh trước', 'Phanh đĩa đôi, với cơ chế chống bó cứng ABS', 'khung xe');
INSERT INTO `specs` VALUES (91, 'Phanh sau', 'Phanh đĩa đơn, hệ thống thủy lực', 'khung xe');
INSERT INTO `specs` VALUES (92, 'Phanh sau', 'Phanh đĩa đôi, tích hợp ABS', 'khung xe');
INSERT INTO `specs` VALUES (93, 'Phanh sau', 'Phanh tang trống, hiệu suất ổn định', 'khung xe');
INSERT INTO `specs` VALUES (94, 'Phanh sau', 'Phanh đĩa đơn, làm mát bằng gió', 'khung xe');
INSERT INTO `specs` VALUES (95, 'Phanh sau', 'Phanh đĩa đôi, với cơ chế chống bó cứng ABS', 'khung xe');
INSERT INTO `specs` VALUES (96, 'Lốp trước', '110/70-17', 'khung xe');
INSERT INTO `specs` VALUES (97, 'Lốp trước', '90/90-21', 'khung xe');
INSERT INTO `specs` VALUES (98, 'Lốp trước', '120/70-15', 'khung xe');
INSERT INTO `specs` VALUES (99, 'Lốp trước', '110/80-18', 'khung xe');
INSERT INTO `specs` VALUES (100, 'Lốp trước', '130/60-17', 'khung xe');
INSERT INTO `specs` VALUES (101, 'Lốp sau', '140/70-14', 'khung xe');
INSERT INTO `specs` VALUES (102, 'Lốp sau', '150/60-17', 'khung xe');
INSERT INTO `specs` VALUES (103, 'Lốp sau', '160/60-17', 'khung xe');
INSERT INTO `specs` VALUES (104, 'Lốp sau', '180/55-17', 'khung xe');
INSERT INTO `specs` VALUES (105, 'Lốp sau', '130/90-16', 'khung xe');
INSERT INTO `specs` VALUES (106, 'Kích thước (dài x rộ', '2000 x 700 x 1100', 'kích thước');
INSERT INTO `specs` VALUES (107, 'Kích thước (dài x rộ', '2100 x 800 x 1200', 'kích thước');
INSERT INTO `specs` VALUES (108, 'Kích thước (dài x rộ', '1900 x 750 x 1050', 'kích thước');
INSERT INTO `specs` VALUES (109, 'Kích thước (dài x rộ', '2200 x 850 x 1250', 'kích thước');
INSERT INTO `specs` VALUES (110, 'Kích thước (dài x rộ', '2050 x 780 x 1150', 'kích thước');
INSERT INTO `specs` VALUES (111, 'Độ cao yên xe', '780 mm', 'kích thước');
INSERT INTO `specs` VALUES (112, 'Độ cao yên xe', '820 mm', 'kích thước');
INSERT INTO `specs` VALUES (113, 'Độ cao yên xe', '750 mm', 'kích thước');
INSERT INTO `specs` VALUES (114, 'Độ cao yên xe', '850 mm', 'kích thước');
INSERT INTO `specs` VALUES (115, 'Độ cao yên xe', '790 mm', 'kích thước');
INSERT INTO `specs` VALUES (116, 'Độ cao gầm xe', '150 mm', 'kích thước');
INSERT INTO `specs` VALUES (117, 'Độ cao gầm xe', '180 mm', 'kích thước');
INSERT INTO `specs` VALUES (118, 'Độ cao gầm xe', '200 mm', 'kích thước');
INSERT INTO `specs` VALUES (119, 'Độ cao gầm xe', '160 mm', 'kích thước');
INSERT INTO `specs` VALUES (120, 'Độ cao gầm xe', '170 mm', 'kích thước');
INSERT INTO `specs` VALUES (121, 'Khoảng cách giữa 2 t', '1300 mm', 'kích thước');
INSERT INTO `specs` VALUES (122, 'Khoảng cách giữa 2 t', '1400 mm', 'kích thước');
INSERT INTO `specs` VALUES (123, 'Khoảng cách giữa 2 t', '1450 mm', 'kích thước');
INSERT INTO `specs` VALUES (124, 'Khoảng cách giữa 2 t', '1350 mm', 'kích thước');
INSERT INTO `specs` VALUES (125, 'Khoảng cách giữa 2 t', '1500 mm', 'kích thước');
INSERT INTO `specs` VALUES (126, 'Ngăn chứa đồ', '15', 'kích thước');
INSERT INTO `specs` VALUES (127, 'Ngăn chứa đồ', '25', 'kích thước');
INSERT INTO `specs` VALUES (128, 'Ngăn chứa đồ', '12', 'kích thước');
INSERT INTO `specs` VALUES (129, 'Ngăn chứa đồ', '30', 'kích thước');
INSERT INTO `specs` VALUES (130, 'Ngăn chứa đồ', '20', 'kích thước');
INSERT INTO `specs` VALUES (131, 'Trọng lượng ướt', '15 kg', 'kích thước');
INSERT INTO `specs` VALUES (132, 'Trọng lượng ướt', '25 kg', 'kích thước');
INSERT INTO `specs` VALUES (133, 'Trọng lượng ướt', '18 kg', 'kích thước');
INSERT INTO `specs` VALUES (134, 'Trọng lượng ướt', '20 kg', 'kích thước');
INSERT INTO `specs` VALUES (135, 'Trọng lượng ướt', '28 kg', 'kích thước');

-- ----------------------------
-- Table structure for warranties
-- ----------------------------
DROP TABLE IF EXISTS `warranties`;
CREATE TABLE `warranties`  (
  `id` int(11) NOT NULL AUTO_INCREMENT,
  `km` int(11) NULL DEFAULT NULL,
  `duration` int(11) NULL DEFAULT NULL,
  `productID` int(11) NULL DEFAULT NULL,
  PRIMARY KEY (`id`) USING BTREE,
  INDEX `productID`(`productID`) USING BTREE,
  CONSTRAINT `warranties_ibfk_1` FOREIGN KEY (`productID`) REFERENCES `products` (`id`) ON DELETE RESTRICT ON UPDATE RESTRICT
) ENGINE = InnoDB AUTO_INCREMENT = 151 CHARACTER SET = utf8mb4 COLLATE = utf8mb4_unicode_ci ROW_FORMAT = Dynamic;

-- ----------------------------
-- Records of warranties
-- ----------------------------
INSERT INTO `warranties` VALUES (1, 10000, 1, 1);
INSERT INTO `warranties` VALUES (2, 15000, 2, 2);
INSERT INTO `warranties` VALUES (3, 20000, 3, 3);
INSERT INTO `warranties` VALUES (4, 25000, 4, 4);
INSERT INTO `warranties` VALUES (5, 30000, 5, 5);
INSERT INTO `warranties` VALUES (6, 35000, 1, 6);
INSERT INTO `warranties` VALUES (7, 40000, 2, 7);
INSERT INTO `warranties` VALUES (8, 45000, 3, 8);
INSERT INTO `warranties` VALUES (9, 50000, 4, 9);
INSERT INTO `warranties` VALUES (10, 55000, 5, 10);
INSERT INTO `warranties` VALUES (11, 60000, 1, 11);
INSERT INTO `warranties` VALUES (12, 65000, 2, 12);
INSERT INTO `warranties` VALUES (13, 70000, 3, 13);
INSERT INTO `warranties` VALUES (14, 75000, 4, 14);
INSERT INTO `warranties` VALUES (15, 80000, 5, 15);
INSERT INTO `warranties` VALUES (16, 85000, 1, 16);
INSERT INTO `warranties` VALUES (17, 90000, 2, 17);
INSERT INTO `warranties` VALUES (18, 95000, 3, 18);
INSERT INTO `warranties` VALUES (19, 100000, 4, 19);
INSERT INTO `warranties` VALUES (20, 105000, 5, 20);
INSERT INTO `warranties` VALUES (21, 110000, 1, 21);
INSERT INTO `warranties` VALUES (22, 115000, 2, 22);
INSERT INTO `warranties` VALUES (23, 120000, 3, 23);
INSERT INTO `warranties` VALUES (24, 125000, 4, 24);
INSERT INTO `warranties` VALUES (25, 130000, 5, 25);
INSERT INTO `warranties` VALUES (26, 135000, 1, 26);
INSERT INTO `warranties` VALUES (27, 140000, 2, 27);
INSERT INTO `warranties` VALUES (28, 145000, 3, 28);
INSERT INTO `warranties` VALUES (29, 150000, 4, 29);
INSERT INTO `warranties` VALUES (30, 155000, 5, 30);
INSERT INTO `warranties` VALUES (31, 160000, 1, 31);
INSERT INTO `warranties` VALUES (32, 165000, 2, 32);
INSERT INTO `warranties` VALUES (33, 170000, 3, 33);
INSERT INTO `warranties` VALUES (34, 175000, 4, 34);
INSERT INTO `warranties` VALUES (35, 180000, 5, 35);
INSERT INTO `warranties` VALUES (36, 185000, 1, 36);
INSERT INTO `warranties` VALUES (37, 190000, 2, 37);
INSERT INTO `warranties` VALUES (38, 195000, 3, 38);
INSERT INTO `warranties` VALUES (39, 200000, 4, 39);
INSERT INTO `warranties` VALUES (40, 205000, 5, 40);
INSERT INTO `warranties` VALUES (41, 210000, 1, 41);
INSERT INTO `warranties` VALUES (42, 215000, 2, 42);
INSERT INTO `warranties` VALUES (43, 220000, 3, 43);
INSERT INTO `warranties` VALUES (44, 225000, 4, 44);
INSERT INTO `warranties` VALUES (45, 230000, 5, 45);
INSERT INTO `warranties` VALUES (46, 235000, 1, 46);
INSERT INTO `warranties` VALUES (47, 240000, 2, 47);
INSERT INTO `warranties` VALUES (48, 245000, 3, 48);
INSERT INTO `warranties` VALUES (49, 250000, 4, 49);
INSERT INTO `warranties` VALUES (50, 255000, 5, 50);
INSERT INTO `warranties` VALUES (51, 260000, 1, 51);
INSERT INTO `warranties` VALUES (52, 265000, 2, 52);
INSERT INTO `warranties` VALUES (53, 270000, 3, 53);
INSERT INTO `warranties` VALUES (54, 275000, 4, 54);
INSERT INTO `warranties` VALUES (55, 280000, 5, 55);
INSERT INTO `warranties` VALUES (56, 285000, 1, 56);
INSERT INTO `warranties` VALUES (57, 290000, 2, 57);
INSERT INTO `warranties` VALUES (58, 295000, 3, 58);
INSERT INTO `warranties` VALUES (59, 300000, 4, 59);
INSERT INTO `warranties` VALUES (60, 305000, 5, 60);
INSERT INTO `warranties` VALUES (61, 310000, 1, 61);
INSERT INTO `warranties` VALUES (62, 315000, 2, 62);
INSERT INTO `warranties` VALUES (63, 320000, 3, 63);
INSERT INTO `warranties` VALUES (64, 325000, 4, 64);
INSERT INTO `warranties` VALUES (65, 330000, 5, 65);
INSERT INTO `warranties` VALUES (66, 335000, 1, 66);
INSERT INTO `warranties` VALUES (67, 340000, 2, 67);
INSERT INTO `warranties` VALUES (68, 345000, 3, 68);
INSERT INTO `warranties` VALUES (69, 350000, 4, 69);
INSERT INTO `warranties` VALUES (70, 355000, 5, 70);
INSERT INTO `warranties` VALUES (71, 360000, 1, 71);
INSERT INTO `warranties` VALUES (72, 365000, 2, 72);
INSERT INTO `warranties` VALUES (73, 370000, 3, 73);
INSERT INTO `warranties` VALUES (74, 375000, 4, 74);
INSERT INTO `warranties` VALUES (75, 380000, 5, 75);
INSERT INTO `warranties` VALUES (76, 385000, 1, 76);
INSERT INTO `warranties` VALUES (77, 390000, 2, 77);
INSERT INTO `warranties` VALUES (78, 395000, 3, 78);
INSERT INTO `warranties` VALUES (79, 400000, 4, 79);
INSERT INTO `warranties` VALUES (80, 405000, 5, 80);
INSERT INTO `warranties` VALUES (81, 410000, 1, 81);
INSERT INTO `warranties` VALUES (82, 415000, 2, 82);
INSERT INTO `warranties` VALUES (83, 420000, 3, 83);
INSERT INTO `warranties` VALUES (84, 425000, 4, 84);
INSERT INTO `warranties` VALUES (85, 430000, 5, 85);
INSERT INTO `warranties` VALUES (86, 435000, 1, 86);
INSERT INTO `warranties` VALUES (87, 440000, 2, 87);
INSERT INTO `warranties` VALUES (88, 445000, 3, 88);
INSERT INTO `warranties` VALUES (89, 450000, 4, 89);
INSERT INTO `warranties` VALUES (90, 455000, 5, 90);
INSERT INTO `warranties` VALUES (91, 460000, 1, 91);
INSERT INTO `warranties` VALUES (92, 465000, 2, 92);
INSERT INTO `warranties` VALUES (93, 470000, 3, 93);
INSERT INTO `warranties` VALUES (94, 475000, 4, 94);
INSERT INTO `warranties` VALUES (95, 480000, 5, 95);
INSERT INTO `warranties` VALUES (96, 485000, 1, 96);
INSERT INTO `warranties` VALUES (97, 490000, 2, 97);
INSERT INTO `warranties` VALUES (98, 495000, 3, 98);
INSERT INTO `warranties` VALUES (99, 500000, 4, 99);
INSERT INTO `warranties` VALUES (100, 505000, 5, 100);
INSERT INTO `warranties` VALUES (101, 510000, 1, 101);
INSERT INTO `warranties` VALUES (102, 515000, 2, 102);
INSERT INTO `warranties` VALUES (103, 520000, 3, 103);
INSERT INTO `warranties` VALUES (104, 525000, 4, 104);
INSERT INTO `warranties` VALUES (105, 530000, 5, 105);
INSERT INTO `warranties` VALUES (106, 535000, 1, 106);
INSERT INTO `warranties` VALUES (107, 540000, 2, 107);
INSERT INTO `warranties` VALUES (108, 545000, 3, 108);
INSERT INTO `warranties` VALUES (109, 550000, 4, 109);
INSERT INTO `warranties` VALUES (110, 555000, 5, 110);
INSERT INTO `warranties` VALUES (111, 560000, 1, 111);
INSERT INTO `warranties` VALUES (112, 565000, 2, 112);
INSERT INTO `warranties` VALUES (113, 570000, 3, 113);
INSERT INTO `warranties` VALUES (114, 575000, 4, 114);
INSERT INTO `warranties` VALUES (115, 580000, 5, 115);
INSERT INTO `warranties` VALUES (116, 585000, 1, 116);
INSERT INTO `warranties` VALUES (117, 590000, 2, 117);
INSERT INTO `warranties` VALUES (118, 595000, 3, 118);
INSERT INTO `warranties` VALUES (119, 600000, 4, 119);
INSERT INTO `warranties` VALUES (120, 605000, 5, 120);
INSERT INTO `warranties` VALUES (121, 610000, 1, 121);
INSERT INTO `warranties` VALUES (122, 615000, 2, 122);
INSERT INTO `warranties` VALUES (123, 620000, 3, 123);
INSERT INTO `warranties` VALUES (124, 625000, 4, 124);
INSERT INTO `warranties` VALUES (125, 630000, 5, 125);
INSERT INTO `warranties` VALUES (126, 635000, 1, 126);
INSERT INTO `warranties` VALUES (127, 640000, 2, 127);
INSERT INTO `warranties` VALUES (128, 645000, 3, 128);
INSERT INTO `warranties` VALUES (129, 650000, 4, 129);
INSERT INTO `warranties` VALUES (130, 655000, 5, 130);
INSERT INTO `warranties` VALUES (131, 660000, 1, 131);
INSERT INTO `warranties` VALUES (132, 665000, 2, 132);
INSERT INTO `warranties` VALUES (133, 670000, 3, 133);
INSERT INTO `warranties` VALUES (134, 675000, 4, 134);
INSERT INTO `warranties` VALUES (135, 680000, 5, 135);
INSERT INTO `warranties` VALUES (136, 685000, 1, 136);
INSERT INTO `warranties` VALUES (137, 690000, 2, 137);
INSERT INTO `warranties` VALUES (138, 695000, 3, 138);
INSERT INTO `warranties` VALUES (139, 700000, 4, 139);
INSERT INTO `warranties` VALUES (140, 705000, 5, 140);
INSERT INTO `warranties` VALUES (141, 710000, 1, 141);
INSERT INTO `warranties` VALUES (142, 715000, 2, 142);
INSERT INTO `warranties` VALUES (143, 720000, 3, 143);
INSERT INTO `warranties` VALUES (144, 725000, 4, 144);
INSERT INTO `warranties` VALUES (145, 730000, 5, 145);
INSERT INTO `warranties` VALUES (146, 735000, 1, 146);
INSERT INTO `warranties` VALUES (147, 740000, 2, 147);
INSERT INTO `warranties` VALUES (148, 745000, 3, 148);
INSERT INTO `warranties` VALUES (149, 750000, 4, 149);
INSERT INTO `warranties` VALUES (150, 755000, 5, 150);

SET FOREIGN_KEY_CHECKS = 1;
