/*
 Navicat Premium Dump SQL

 Source Server         : webike
 Source Server Type    : MariaDB
 Source Server Version : 100432 (10.4.32-MariaDB)
 Source Host           : localhost:3306
 Source Schema         : webike

 Target Server Type    : MariaDB
 Target Server Version : 100432 (10.4.32-MariaDB)
 File Encoding         : 65001

 Date: 06/03/2025 09:42:05
*/

SET NAMES utf8mb4;
SET FOREIGN_KEY_CHECKS = 0;

-- ----------------------------
-- Table structure for accounts
-- ----------------------------
DROP TABLE IF EXISTS `accounts`;
CREATE TABLE `accounts`  (
  `id` int(11) NOT NULL AUTO_INCREMENT,
  `name` varchar(50) CHARACTER SET utf8mb4 COLLATE utf8mb4_unicode_ci NOT NULL,
  `phoneNum` varchar(10) CHARACTER SET utf8mb4 COLLATE utf8mb4_unicode_ci NOT NULL,
  `DOB` date NULL DEFAULT NULL,
  `sex` varchar(10) CHARACTER SET utf8mb4 COLLATE utf8mb4_unicode_ci NULL DEFAULT NULL,
  `password` varchar(40) CHARACTER SET utf8mb4 COLLATE utf8mb4_unicode_ci NOT NULL,
  `created` datetime NULL DEFAULT current_timestamp(),
  `locked` int(11) NULL DEFAULT 0,
  `verify` int(11) NULL DEFAULT 0,
  `role` int(11) NULL DEFAULT 1,
  `address` varchar(255) CHARACTER SET utf8mb4 COLLATE utf8mb4_unicode_ci NULL DEFAULT NULL,
  `image` varchar(255) CHARACTER SET utf8mb4 COLLATE utf8mb4_unicode_ci NULL DEFAULT 'img/Users/def.png',
  `email` varchar(255) CHARACTER SET utf8mb4 COLLATE utf8mb4_unicode_ci NULL DEFAULT NULL,
  PRIMARY KEY (`id`) USING BTREE
) ENGINE = InnoDB AUTO_INCREMENT = 34 CHARACTER SET = utf8mb4 COLLATE = utf8mb4_unicode_ci ROW_FORMAT = Dynamic;

-- ----------------------------
-- Records of accounts
-- ----------------------------
INSERT INTO `accounts` VALUES (1, 'Trung', '0901234567', '2019-01-14', 'Nam', '9d533e6c96b5000328ef2207e0b022', '2025-01-14 15:44:07', 0, 0, 0, 'Đồng Nai', 'img/Users/avt1.jpg', 'xuantrung19022004@gmail.com');
INSERT INTO `accounts` VALUES (2, 'Đức', '0902345678', '1981-11-14', 'Nam', '3e81e4f0fd0a5bbad0ac2cd2549211', '2025-01-14 20:44:11', 0, 0, 1, 'Binh Thuan', 'img/Users/avt2.jpg', 'xuantrung19022004@gmail.com');
INSERT INTO `accounts` VALUES (3, 'Tân', '0903456789', '2009-10-26', 'Nam', '1be81255b92345c5e69342c8012f2e', '2025-01-14 12:44:19', 0, 0, 1, 'Binh Nguyen Vo Tan', 'img/Users/img_2.png', 'xuantrung19022004@gmail.com');
INSERT INTO `accounts` VALUES (4, 'Hoa', '0904567890', '2023-12-01', 'Nữ', 'b0e77d9c7ebd9bbc6dc6c5917737a1', '2025-01-14 23:44:23', 0, 0, 1, 'TPHCM', 'img/Users/img_6.png', 'xuantrung19022004@gmail.com');
INSERT INTO `accounts` VALUES (5, 'Mai', '0905678901', '2004-05-14', '', '2d85e7a0617f575790745bfe93d36b', '0000-00-00 00:00:00', 1, 0, 1, 'TPHCM', 'img/Users/img_4.png', 'xuantrung19022004@gmail.com');
INSERT INTO `accounts` VALUES (6, 'Kim', '0906789012', '2025-04-22', 'Nam', '5f82f4d4dcebf10f7f87b3089e9954', '0000-00-00 00:00:00', 0, 0, 1, 'Binh Thuan', 'img/Users/img_3.png', 'xuantrung19022004@gmail.com');
INSERT INTO `accounts` VALUES (7, 'Lan', '0907890123', '2007-01-14', 'Nam', 'c33ad95e96373e5c237ffd6b02e42e', '0000-00-00 00:00:00', 0, 0, 1, 'Binh Thuan', 'img/Users/img.png', 'xuantrung19022004@gmail.com');
INSERT INTO `accounts` VALUES (8, 'Anh', '0908901234', '2019-01-14', 'Nam', '9d5cb72aab2e16627521eb2496535e', '0000-00-00 00:00:00', 0, 1, 1, 'Binh Thuan', 'img/Users/Screenshot (1335).png', 'xuantrung19022004@gmail.com');
INSERT INTO `accounts` VALUES (9, 'Minh', '0909012345', '2025-01-06', '', '3f6bcff397572163ad025c6458a264', '0000-00-00 00:00:00', 0, 0, 1, 'Vũng Tàu', 'img/Users/Screenshot (1336).png', 'xuantrung19022004@gmail.com');
INSERT INTO `accounts` VALUES (10, 'Mai', '0900123456', '2024-10-15', 'Nữ', '2d85e7a0617f575790745bfe93d36b', '0000-00-00 00:00:00', 0, 0, 1, 'TT', 'img/Users/img_5.png', 'xuantrung19022004@gmail.com');
INSERT INTO `accounts` VALUES (11, 'admin A', '0123456789', '2009-01-14', 'Nam', '5c5ca2ca10bd5d843628909e166609', '0000-00-00 00:00:00', 0, 0, 0, 'Binh Thuan', 'img/Users/img_6.png', 'xuantrung19022004@gmail.com');
INSERT INTO `accounts` VALUES (12, 'adminTan', '0394374420', '2022-03-15', 'Nam', '202cb962ac59075b964b07152d234b70', '2020-12-01 20:39:48', 0, 0, 0, 'Binh Thuan', 'img/Users/avt1.jpg', 'tannguyen.4420@gmail.com');
INSERT INTO `accounts` VALUES (13, 'Nguyễn Quốc Tấn ', '0394374421', '2000-10-21', 'Nữ', '202cb962ac59075b964b07152d234b70', '2023-01-14 04:39:56', 0, 0, 1, 'Binh Thuan Cà Mau Vũng Tàu Bình', 'img/Users/avt1.jpg', 'tannguyen.4420@gmail.com');
INSERT INTO `accounts` VALUES (14, 'tan11144', '0394374444', '2022-08-30', 'Nam', '202cb962ac59075b964b07152d234b70', '0000-00-00 00:00:00', 0, 0, 1, 'binh Thuan', 'img/Users/img_5.png', '22130304@st.hcmuaf.edu.vn');
INSERT INTO `accounts` VALUES (15, 'Nguyễn Quốc Tấn', '0394374422', '2023-08-20', '', '202cb962ac59075b964b07152d234b70', '0000-00-00 00:00:00', 0, 0, 1, 'TPHCM', 'img/Users/img_4.png', '22130304@st.hcmuaf.edu.vn');
INSERT INTO `accounts` VALUES (16, 'Nguyen Quoc A', '0394374425', '2022-12-25', 'Nữ', '202cb962ac59075b964b07152d234b70 ', '0000-00-00 00:00:00', 0, 0, 1, 'Binh Thuan', 'img/Users/img_5.png', '22130304@st.hcmuaf.edu.vn');
INSERT INTO `accounts` VALUES (17, 'Tan222', '0394374499', '2023-05-22', 'Nữ', '202cb962ac59075b964b07152d234b70', '0000-00-00 00:00:00', 0, 0, 1, 'Binh Nguyen Vo Tan', 'img/Users/img_2.png', '22130304@st.hcmuaf.edu.vn');
INSERT INTO `accounts` VALUES (18, 'Duc', '0394374447', '2023-07-17', 'Nữ', '202cb962ac59075b964b07152d234b70', '0000-00-00 00:00:00', 0, 1, 1, 'Binh Thuan', '', '22130304@st.hcmuaf.edu.vn');
INSERT INTO `accounts` VALUES (19, 'Duc T', '0394374377', '2022-04-25', 'Nam', '202cb962ac59075b964b07152d234b70', '0000-00-00 00:00:00', 0, 0, 1, 'BB', 'img/Users/img.png', '22130304@st.hcmuaf.edu.vn');
INSERT INTO `accounts` VALUES (20, 'Nguyễn Quốc Tấn', '0394374338', '2022-05-15', 'Nữ', '202cb962ac59075b964b07152d234b70', '0000-00-00 00:00:00', 0, 0, 1, '22', 'img/Users/Screenshot (1336).png', '22130304@st.hcmuaf.edu.vn');
INSERT INTO `accounts` VALUES (21, 'Le Tri Duc', '0394376440', '2020-07-27', 'Nam', '202cb962ac59075b964b07152d234b70', '0000-00-00 00:00:00', 0, 0, 1, 'Dồng nai', 'img/Users/avt2.jpg', '22130304@st.hcmuaf.edu.vn');
INSERT INTO `accounts` VALUES (22, 'kaybbkk22222', '0394376477', '2023-08-29', 'Nam', '202cb962ac59075b964b07152d234b70', '0000-00-00 00:00:00', 0, 0, 1, 'Binh Thuan', 'img/Users/img_6.png', '22130304@st.hcmuaf.edu.vn');
INSERT INTO `accounts` VALUES (23, 'Nguyễn Quốc Tấn', '0394379756', '2023-12-19', 'Nam', '202cb962ac59075b964b07152d234b70', '0000-00-00 00:00:00', 0, 0, 1, 'Binh Thuan', 'img/Users/img_3.png', '22130304@st.hcmuaf.edu.vn');
INSERT INTO `accounts` VALUES (24, 'Tống Xuân Trung', '0822114139', '1972-04-16', 'Nam', '202cb962ac59075b964b07152d234b70', '2025-01-14 00:00:00', 0, 1, 1, '128 trần hưng đạo', NULL, 'xuantrung19022004@gmail.com');
INSERT INTO `accounts` VALUES (25, 'User test ABC', '0967431902', '1985-08-21', 'Nam', '202cb962ac59075b964b07152d234b70', '2025-01-15 00:00:00', 0, 0, 1, 'KTX khu B', 'img/Users/download.jpg', 'xuantrung19022004@gmail.com');
INSERT INTO `accounts` VALUES (26, 'Skibidi sigma', '0979310570', '2010-10-19', 'Nữ', '202cb962ac59075b964b07152d234b70', '2025-01-15 00:00:00', 0, 1, 0, 'Khu A', 'img/Users/img_3.png', 'xuantrung@gmail.com');
INSERT INTO `accounts` VALUES (27, 'Trần Văn A', '0223456788', '2008-06-18', 'Nam', '202cb962ac59075b964b07152d234b70', '2025-01-15 00:00:00', 0, 1, 1, 'Phòng 722', NULL, '22130248@st.hcmuaf.edu.vn');
INSERT INTO `accounts` VALUES (28, 'Nguyễn Văn Ba', '0673451235', '2005-08-20', 'Nam', '827ccb0eea8a706c4c34a16891f84e7b', '2025-01-15 00:00:00', 0, 0, 1, 'Trung tâm quản lý  KTX NLU', 'img/Users/download.jpg', '22130304@st.hcmuaf.edu.vn');
INSERT INTO `accounts` VALUES (29, 'Hoàng Văn C', '019283745', '2005-08-21', 'Nam', '202cb962ac59075b964b07152d234b70', '2025-01-15 00:00:00', 0, 0, 1, '128 trần hưng đạo', NULL, '22130304@st.hcmuaf.edu.vn');
INSERT INTO `accounts` VALUES (30, 'Trương Văn D', '065748391', '1984-09-20', 'Nam', '202cb962ac59075b964b07152d234b70', '2025-01-15 00:00:00', 0, 0, 1, 'Khu A', NULL, '22130304@st.hcmuaf.edu.vn');
INSERT INTO `accounts` VALUES (31, 'Trương Văn E', '0998877665', '2006-09-21', 'Nữ', '202cb962ac59075b964b07152d234b70', '2025-01-15 00:00:00', 0, 1, 1, 'Khu A', NULL, '22130304@st.hcmuaf.edu.vn');
INSERT INTO `accounts` VALUES (32, 'Trương Văn E', '0998877612', '2004-06-19', 'Nam', '202cb962ac59075b964b07152d234b70', '2025-01-16 00:00:00', 0, 1, 1, 'Khu Pearl', NULL, '22130304@st.hcmuaf.edu.vn');
INSERT INTO `accounts` VALUES (33, 'Lee Min Ho', '0746957255', '2005-08-19', 'Nữ', '202cb962ac59075b964b07152d234b70', '2025-01-16 00:00:00', 0, 0, 1, 'Khu lab 4', 'img/Users/def.png', '22130304@st.hcmuaf.edu.vn');

-- ----------------------------
-- Table structure for biketypes
-- ----------------------------
DROP TABLE IF EXISTS `biketypes`;
CREATE TABLE `biketypes`  (
  `id` int(11) NOT NULL AUTO_INCREMENT,
  `type` varchar(20) CHARACTER SET utf8mb4 COLLATE utf8mb4_unicode_ci NULL DEFAULT NULL,
  `img` varchar(300) CHARACTER SET utf8mb4 COLLATE utf8mb4_unicode_ci NULL DEFAULT NULL,
  PRIMARY KEY (`id`) USING BTREE
) ENGINE = InnoDB AUTO_INCREMENT = 6 CHARACTER SET = utf8mb4 COLLATE = utf8mb4_unicode_ci ROW_FORMAT = Dynamic;

-- ----------------------------
-- Records of biketypes
-- ----------------------------
INSERT INTO `biketypes` VALUES (1, 'Xe số', 'img/types/số.jpg');
INSERT INTO `biketypes` VALUES (2, 'Xe thể thao', 'img/types/thể thao.jpg');
INSERT INTO `biketypes` VALUES (3, 'Xe moto', 'img/types/moto.jpg');
INSERT INTO `biketypes` VALUES (4, 'Xe tay ga', 'img/types/tay ga.jpg');
INSERT INTO `biketypes` VALUES (5, 'Xe cổ điển', 'img/types/cổ điển.jpg');

-- ----------------------------
-- Table structure for brands
-- ----------------------------
DROP TABLE IF EXISTS `brands`;
CREATE TABLE `brands`  (
  `id` int(11) NOT NULL AUTO_INCREMENT,
  `name` varchar(15) CHARACTER SET utf8mb4 COLLATE utf8mb4_unicode_ci NULL DEFAULT NULL,
  `des` varchar(100) CHARACTER SET utf8mb4 COLLATE utf8mb4_unicode_ci NULL DEFAULT NULL,
  `img` varchar(300) CHARACTER SET utf8mb4 COLLATE utf8mb4_unicode_ci NULL DEFAULT NULL,
  PRIMARY KEY (`id`) USING BTREE
) ENGINE = InnoDB AUTO_INCREMENT = 15 CHARACTER SET = utf8mb4 COLLATE = utf8mb4_unicode_ci ROW_FORMAT = Dynamic;

-- ----------------------------
-- Records of brands
-- ----------------------------
INSERT INTO `brands` VALUES (1, 'Honda', 'Hãng xe nổi tiếng của Nhật Bản với các mẫu xe tiết kiệm và bền bỉ.', 'img/brands/honda.png');
INSERT INTO `brands` VALUES (2, 'Yamaha', 'Hãng xe Nhật Bản chuyên sản xuất xe tay ga, xe mô tô thể thao và động cơ mạnh mẽ.', 'img/brands/yamaha.png');
INSERT INTO `brands` VALUES (3, 'Suzuki', 'Hãng xe Nhật Bản nổi bật với các mẫu xe tay ga nhỏ gọn và mô tô phân khối lớn.', 'img/brands/suzuki.png');
INSERT INTO `brands` VALUES (4, 'Kawasaki', 'Thương hiệu xe Nhật Bản chuyên về mô tô thể thao hiệu suất cao.', 'img/brands/kawasaki.png');
INSERT INTO `brands` VALUES (5, 'Ducati', 'Hãng xe Ý nổi tiếng với các dòng mô tô thể thao sang trọng và mạnh mẽ.', 'img/brands/ducati.png');
INSERT INTO `brands` VALUES (6, 'Harley-Davidson', 'Thương hiệu xe Mỹ biểu tượng với các mẫu xe cruiser mạnh mẽ và phong cách cổ điển.', 'img/brands/harley.png');
INSERT INTO `brands` VALUES (7, 'KTM', 'Hãng xe Áo nổi tiếng với các dòng xe địa hình và mô tô thể thao mạnh mẽ.', 'img/brands/ktm.png');
INSERT INTO `brands` VALUES (8, 'BMW', 'Thương hiệu xe Đức nổi bật với các dòng xe mô tô sang trọng và công nghệ tiên tiến.', 'img/brands/bmw.png');
INSERT INTO `brands` VALUES (9, 'Triumph', 'Hãng xe Anh Quốc nổi tiếng với các dòng xe mô tô cổ điển và phong cách retro.', 'img/brands/triumph.png');
INSERT INTO `brands` VALUES (10, 'MV Agusta', 'MV Agusta, hãng xe Ý, nổi tiếng với thiết kế đẹp và hiệu suất cao.', 'img/brands/mv.png');
INSERT INTO `brands` VALUES (11, 'Piaggio', 'Piaggio là hãng xe Ý chuyên sản xuất xe tay ga sang trọng và tiết kiệm nhiên liệu.', 'img/brands/piaggio.png');
INSERT INTO `brands` VALUES (12, 'Royal Enfield', 'Royal Enfield là hãng xe nổi tiếng với các mẫu xe mô tô cổ điển, được yêu thích bởi thiết kế mạnh mẽ', 'img/brands/royal.png');
INSERT INTO `brands` VALUES (13, 'Indian', 'Indian là một trong những hãng xe mô tô lâu đời, nổi bật với các dòng cruiser và phong cách Mỹ đậm c', 'img/brands/indian.png');
INSERT INTO `brands` VALUES (14, 'Buell', 'Buell là thương hiệu mô tô Mỹ, nổi bật với các mẫu xe thể thao và thiết kế sáng tạo, mang đến hiệu s', 'img/brands/buell.png');

-- ----------------------------
-- Table structure for colors
-- ----------------------------
DROP TABLE IF EXISTS `colors`;
CREATE TABLE `colors`  (
  `id` int(11) NOT NULL AUTO_INCREMENT,
  `name` varchar(15) CHARACTER SET utf8mb4 COLLATE utf8mb4_unicode_ci NULL DEFAULT '',
  `code` varchar(15) CHARACTER SET utf8mb4 COLLATE utf8mb4_unicode_ci NULL DEFAULT '',
  PRIMARY KEY (`id`) USING BTREE
) ENGINE = InnoDB AUTO_INCREMENT = 15 CHARACTER SET = utf8mb4 COLLATE = utf8mb4_unicode_ci ROW_FORMAT = Dynamic;

-- ----------------------------
-- Records of colors
-- ----------------------------
INSERT INTO `colors` VALUES (1, 'Đỏ', '#FF0000');
INSERT INTO `colors` VALUES (2, 'Đen', '#000000');
INSERT INTO `colors` VALUES (3, 'Vàng', '#FFFF00');
INSERT INTO `colors` VALUES (4, 'Xanh', '#0000FF');
INSERT INTO `colors` VALUES (5, 'Xám', '#808080');
INSERT INTO `colors` VALUES (6, 'Tím', '#800080');
INSERT INTO `colors` VALUES (7, 'Vàng Gold', '#FFD700');
INSERT INTO `colors` VALUES (8, 'Bạc', '#C0C0C0');
INSERT INTO `colors` VALUES (9, 'Hồng', '#FFC0CB');
INSERT INTO `colors` VALUES (10, 'Trắng', '#FFFFFF');
INSERT INTO `colors` VALUES (11, 'Nâu', '#A52A2A');
INSERT INTO `colors` VALUES (12, 'Cam', '#FFA500');
INSERT INTO `colors` VALUES (13, 'Xanh lá', '#008040');
INSERT INTO `colors` VALUES (14, 'Kem', '#6BECA2');

-- ----------------------------
-- Table structure for comments
-- ----------------------------
DROP TABLE IF EXISTS `comments`;
CREATE TABLE `comments`  (
  `id` int(11) NOT NULL AUTO_INCREMENT,
  `content` varchar(500) CHARACTER SET utf8mb4 COLLATE utf8mb4_unicode_ci NULL DEFAULT NULL,
  `created` date NULL DEFAULT NULL,
  `productID` int(11) NULL DEFAULT NULL,
  `accountID` int(11) NULL DEFAULT NULL,
  PRIMARY KEY (`id`) USING BTREE,
  INDEX `productID`(`productID`) USING BTREE,
  INDEX `accountID`(`accountID`) USING BTREE,
  CONSTRAINT `comments_ibfk_1` FOREIGN KEY (`productID`) REFERENCES `products` (`id`) ON DELETE RESTRICT ON UPDATE RESTRICT,
  CONSTRAINT `comments_ibfk_2` FOREIGN KEY (`accountID`) REFERENCES `accounts` (`id`) ON DELETE RESTRICT ON UPDATE RESTRICT
) ENGINE = InnoDB AUTO_INCREMENT = 33 CHARACTER SET = utf8mb4 COLLATE = utf8mb4_unicode_ci ROW_FORMAT = Dynamic;

-- ----------------------------
-- Records of comments
-- ----------------------------
INSERT INTO `comments` VALUES (1, 'Sản phẩm rất tốt!', '2023-01-07', 1, 1);
INSERT INTO `comments` VALUES (2, 'Không hài lòng với chất lượng.', '2022-12-07', 2, 2);
INSERT INTO `comments` VALUES (3, 'Giá cả hợp lý và đáng mua.', '2022-09-27', 3, 3);
INSERT INTO `comments` VALUES (4, 'Sẽ giới thiệu cho bạn bè.', '2024-02-06', 4, 4);
INSERT INTO `comments` VALUES (5, 'Hàng giao đúng hẹn và đầy đủ.', '2021-12-12', 5, 5);
INSERT INTO `comments` VALUES (6, 'Dịch vụ khách hàng kém.', '2020-12-24', 6, 6);
INSERT INTO `comments` VALUES (7, 'Trải nghiệm tuyệt vời khi sử dụng sản phẩm!', '2022-04-21', 7, 7);
INSERT INTO `comments` VALUES (8, 'Sản phẩm không giống mô tả.', '2023-04-17', 8, 7);
INSERT INTO `comments` VALUES (9, 'Sản phẩm rất tốt!', '2024-12-27', 1, 8);
INSERT INTO `comments` VALUES (10, 'Không hài lòng với chất lượng.', '2024-12-27', 2, 8);
INSERT INTO `comments` VALUES (11, 'Chiếc xe máy này là sự kết hợp hoàn hảo giữa phong cách và hiệu suất, mang lại những chuyến đi mượt mà và tiết kiệm nhiên liệu tuyệt vời. Thiết kế tinh tế và yên xe thoải mái khiến nó trở thành lựa chọn lý tưởng cho việc đi lại hàng ngày hoặc những chuyến đi dài. Động cơ vận hành mượt mà, mang lại trải nghiệm hài lòng cho cả người mới và người lái xe có kinh nghiệm.', '2022-03-15', 1, 1);
INSERT INTO `comments` VALUES (12, 'Một chiếc xe máy đa năng và bền bỉ, được thiết kế để vượt qua cả những con phố đông đúc và những con đường cao tốc. Động cơ mạnh mẽ và hệ thống phanh đáng tin cậy đảm bảo an toàn, trong khi tay lái và yên xe điều chỉnh mang lại sự thoải mái. Tiết kiệm nhiên liệu là một đặc điểm nổi bật khác khiến nó trở thành sự lựa chọn hoàn hảo cho việc sử dụng hàng ngày.', '2023-06-10', 1, 2);
INSERT INTO `comments` VALUES (13, 'Chiếc xe máy này nổi bật với thiết kế hiện đại và hiệu suất cao. Nó được trang bị hệ thống giảm xóc tiên tiến, làm cho nó hoàn hảo cho cả địa hình gồ ghề và những con đường phẳng. Độ tin cậy và sự dễ sử dụng của xe là những yếu tố nổi bật, khiến nó là một sự đầu tư tuyệt vời cho những ai tìm kiếm một chuyến đi không lo lắng.', '2024-01-05', 1, 3);
INSERT INTO `comments` VALUES (14, 'Trải nghiệm khả năng điều khiển và tốc độ vượt trội với chiếc xe máy được chế tạo tỉ mỉ này. Động cơ tăng tốc mượt mà và hộp số phản ứng nhanh mang lại cảm giác lái thích thú, trong khi thiết kế nhẹ nhàng giúp bạn dễ dàng di chuyển trong giao thông đông đúc. Đây là sự lựa chọn lý tưởng cho những người yêu thích cả phiêu lưu và đi lại trong thành phố.', '2023-11-25', 1, 4);
INSERT INTO `comments` VALUES (15, 'Một chiếc xe máy cân bằng tốt, được thiết kế để mang lại sự thoải mái và hiệu suất cao. Động cơ mạnh mẽ nhưng vẫn tiết kiệm nhiên liệu, và hệ thống truyền động mượt mà giúp mỗi chuyến đi trở nên thú vị. Dù bạn đi làm hay đi du lịch cuối tuần, chiếc xe này sẽ không làm bạn thất vọng.', '2022-08-30', 1, 5);
INSERT INTO `comments` VALUES (16, 'Chiếc xe này là chiếc xe đỉnh nhất mà tôi từng được trải nghiệm', '2025-01-13', 36, 13);
INSERT INTO `comments` VALUES (17, NULL, '2025-01-14', 36, 13);
INSERT INTO `comments` VALUES (18, NULL, '2025-01-14', 36, 13);
INSERT INTO `comments` VALUES (19, 'Thật sự là oách xà lách', '2025-01-14', 36, 13);
INSERT INTO `comments` VALUES (20, 'Thật sự là 1 chiếc xe oách xà lách', '2025-01-14', 36, 13);
INSERT INTO `comments` VALUES (21, 'Sản phẩm này thật sự tuyệt vời và cháy', '2025-01-14', 26, 13);
INSERT INTO `comments` VALUES (22, 'Sản phẩm thật sự tuyệt vời', '2025-01-14', 26, 13);
INSERT INTO `comments` VALUES (23, 'Sản phẩm thật sự tuyệt vời', '2025-01-14', 26, 13);
INSERT INTO `comments` VALUES (24, 'Đi oách xà lách vô cùng', '2025-01-14', 26, 13);
INSERT INTO `comments` VALUES (25, 'Xe này đẹp', '2025-01-14', 1, 13);
INSERT INTO `comments` VALUES (26, 'Sản phẩm thật sự là ngầu', '2025-01-14', 111, 13);
INSERT INTO `comments` VALUES (27, 'Xe màu trắng nên đi trời mưa dễ dơ', '2025-01-15', 4, 13);
INSERT INTO `comments` VALUES (28, 'Sản phẩm rất đẹp', '2025-01-15', 17, 13);
INSERT INTO `comments` VALUES (29, 'Chiếc xe màu cam này thật đẹp', '2025-01-15', 17, 13);
INSERT INTO `comments` VALUES (30, 'Xe này đen đẹp', '2025-01-15', 1, 13);
INSERT INTO `comments` VALUES (31, 'Xe rất đẹp', '2025-01-15', 111, 13);
INSERT INTO `comments` VALUES (32, 'Xe rất chi là đẹp', '2025-01-20', 31, 13);

-- ----------------------------
-- Table structure for discounts
-- ----------------------------
DROP TABLE IF EXISTS `discounts`;
CREATE TABLE `discounts`  (
  `id` int(11) NOT NULL AUTO_INCREMENT,
  `amount` decimal(5, 2) NULL DEFAULT NULL,
  `start` date NULL DEFAULT NULL,
  `end` date NULL DEFAULT NULL,
  `productID` int(11) NULL DEFAULT NULL,
  PRIMARY KEY (`id`) USING BTREE,
  INDEX `productID`(`productID`) USING BTREE,
  CONSTRAINT `discounts_ibfk_1` FOREIGN KEY (`productID`) REFERENCES `products` (`id`) ON DELETE RESTRICT ON UPDATE RESTRICT
) ENGINE = InnoDB AUTO_INCREMENT = 17 CHARACTER SET = utf8mb4 COLLATE = utf8mb4_unicode_ci ROW_FORMAT = Dynamic;

-- ----------------------------
-- Records of discounts
-- ----------------------------
INSERT INTO `discounts` VALUES (1, 10.00, '2025-01-01', '2025-01-10', 1);
INSERT INTO `discounts` VALUES (3, 20.00, '2025-02-01', '2025-02-15', 3);
INSERT INTO `discounts` VALUES (4, 5.00, '2025-03-01', '2025-03-12', 1);
INSERT INTO `discounts` VALUES (6, 20.00, '2025-01-05', '2025-01-25', 1);
INSERT INTO `discounts` VALUES (7, 30.00, '2025-01-01', '2025-01-23', 2);
INSERT INTO `discounts` VALUES (8, 40.00, '2025-01-28', '2025-01-31', 3);
INSERT INTO `discounts` VALUES (9, 11.00, '2024-10-15', '2024-11-15', 4);
INSERT INTO `discounts` VALUES (10, 12.00, '2025-01-05', '2025-01-25', 5);
INSERT INTO `discounts` VALUES (11, 32.00, '2025-01-01', '2025-02-08', 6);
INSERT INTO `discounts` VALUES (12, 32.00, '2024-12-17', '2025-02-21', 7);
INSERT INTO `discounts` VALUES (13, 8.00, '2024-12-09', '2025-07-25', 8);
INSERT INTO `discounts` VALUES (14, 22.00, '2024-11-19', '2025-01-25', 9);
INSERT INTO `discounts` VALUES (16, 20.00, '2025-01-25', '2025-02-08', 90);

-- ----------------------------
-- Table structure for features
-- ----------------------------
DROP TABLE IF EXISTS `features`;
CREATE TABLE `features`  (
  `id` int(11) NOT NULL AUTO_INCREMENT,
  `tag` varchar(100) CHARACTER SET utf8mb4 COLLATE utf8mb4_unicode_ci NULL DEFAULT NULL,
  `des` varchar(300) CHARACTER SET utf8mb4 COLLATE utf8mb4_unicode_ci NULL DEFAULT NULL,
  `img` varchar(100) CHARACTER SET utf8mb4 COLLATE utf8mb4_unicode_ci NULL DEFAULT NULL,
  PRIMARY KEY (`id`) USING BTREE
) ENGINE = InnoDB AUTO_INCREMENT = 7 CHARACTER SET = utf8mb4 COLLATE = utf8mb4_unicode_ci ROW_FORMAT = Dynamic;

-- ----------------------------
-- Records of features
-- ----------------------------
INSERT INTO `features` VALUES (1, 'Thiết kế khí động học tinh tế, sắc sảo', 'Mang lại sự ổn định và hiệu suất vượt trội nhờ thiết kế khí động học cải tiến. Các chi tiết được tối ưu hóa để giảm lực cản của gió, giúp xe duy trì tốc độ cao và cải thiện khả năng tiết kiệm nhiên liệu. Thiết kế này không chỉ tăng hiệu quả vận hành mà còn mang đến vẻ ngoài sắc sảo, hiện đại và cuốn', 'img/features/aerodynamic_design.png');
INSERT INTO `features` VALUES (2, 'Động cơ tiên tiến, hiệu suất mạnh mẽ', 'Được trang bị động cơ thế hệ mới, dòng xe này đảm bảo công suất vượt trội và khả năng tăng tốc đáng kinh ngạc. Động cơ không chỉ mạnh mẽ mà còn tối ưu hóa hiệu suất tiêu thụ nhiên liệu, giảm thiểu khí thải và thân thiện với môi trường. Đây là sự kết hợp hoàn hảo giữa sức mạnh và công nghệ tiên tiến.', 'img/features/advanced_engine.png');
INSERT INTO `features` VALUES (3, 'Hệ thống điện tử tiên tiến, chính xác', 'Tích hợp các công nghệ điện tử hiện đại như hệ thống chống bó cứng phanh ABS, kiểm soát lực kéo (Traction Control), và các chế độ lái đa dạng. Những công nghệ này không chỉ mang lại sự an toàn tối đa mà còn cải thiện khả năng điều khiển xe trong mọi điều kiện thời tiết và địa hình.', 'img/features/electronic_system.png');
INSERT INTO `features` VALUES (4, 'Dáng vẻ cổ điển', 'Mang phong cách thiết kế đậm nét hoài cổ, các dòng xe này gợi nhớ về vẻ đẹp của những chiếc xe mô tô huyền thoại trong quá khứ. Tuy nhiên, bên trong chúng lại được trang bị công nghệ hiện đại, tạo nên sự kết hợp hoàn hảo giữa truyền thống và đổi mới. Mỗi chi tiết đều toát lên sự tinh tế và lịch lãm.', 'img/features/classic_style.jpg');
INSERT INTO `features` VALUES (5, 'Kiểu dáng thể thao cao cấp, năng động', 'Phong cách thể thao được thể hiện qua các đường nét góc cạnh, mạnh mẽ và đầy táo bạo. Thiết kế này không chỉ làm nổi bật cá tính người lái mà còn được tối ưu để mang lại khả năng khí động học tốt hơn, giúp xe vận hành mượt mà và năng động trên mọi cung đường.', 'img/features/sporty_design.jpg');
INSERT INTO `features` VALUES (6, 'Khung xe thế hệ mới', 'Khung xe được chế tạo từ vật liệu tiên tiến, nhẹ nhưng vô cùng bền chắc, giúp tăng cường khả năng vận hành và độ ổn định ngay cả ở tốc độ cao. Thiết kế khung mới còn giúp giảm rung lắc, mang lại cảm giác lái thoải mái và an toàn hơn, đặc biệt phù hợp với các chuyến đi dài.', 'img/features/new_frame.jpg');

-- ----------------------------
-- Table structure for imgs
-- ----------------------------
DROP TABLE IF EXISTS `imgs`;
CREATE TABLE `imgs`  (
  `id` int(11) NOT NULL AUTO_INCREMENT,
  `url` varchar(100) CHARACTER SET utf8mb4 COLLATE utf8mb4_unicode_ci NULL DEFAULT '',
  `productID` int(11) NULL DEFAULT 1,
  `colorID` int(11) NULL DEFAULT 1,
  PRIMARY KEY (`id`) USING BTREE,
  INDEX `productID`(`productID`) USING BTREE,
  INDEX `colorID`(`colorID`) USING BTREE,
  CONSTRAINT `imgs_ibfk_1` FOREIGN KEY (`productID`) REFERENCES `products` (`id`) ON DELETE RESTRICT ON UPDATE RESTRICT,
  CONSTRAINT `imgs_ibfk_2` FOREIGN KEY (`colorID`) REFERENCES `colors` (`id`) ON DELETE RESTRICT ON UPDATE RESTRICT
) ENGINE = InnoDB AUTO_INCREMENT = 250 CHARACTER SET = utf8mb4 COLLATE = utf8mb4_unicode_ci ROW_FORMAT = Dynamic;

-- ----------------------------
-- Records of imgs
-- ----------------------------
INSERT INTO `imgs` VALUES (1, 'img/products/hondaWave110.png', 1, 2);
INSERT INTO `imgs` VALUES (2, 'img/products/hondaWave110.png', 51, 2);
INSERT INTO `imgs` VALUES (3, 'img/products/hondaWave110.png', 101, 2);
INSERT INTO `imgs` VALUES (7, 'img/products/Yamaha Sirius 110.png', 52, 5);
INSERT INTO `imgs` VALUES (8, 'img/products/Yamaha Sirius 110 1.png', 52, 2);
INSERT INTO `imgs` VALUES (9, 'img/products/Yamaha Sirius 110 2.png', 52, 1);
INSERT INTO `imgs` VALUES (10, 'img/products/Yamaha Sirius 110.png', 102, 5);
INSERT INTO `imgs` VALUES (11, 'img/products/Yamaha Sirius 110 1.png', 102, 2);
INSERT INTO `imgs` VALUES (12, 'img/products/Yamaha Sirius 110 2.png', 102, 1);
INSERT INTO `imgs` VALUES (13, 'img/products/Suzuki_Viva_115.png', 3, 2);
INSERT INTO `imgs` VALUES (14, 'img/products/Suzuki_Viva_115_1.png', 3, 4);
INSERT INTO `imgs` VALUES (15, 'img/products/Suzuki_Viva_115_2.png', 3, 10);
INSERT INTO `imgs` VALUES (16, 'img/products/Suzuki_Viva_115.png', 53, 2);
INSERT INTO `imgs` VALUES (17, 'img/products/Suzuki_Viva_115_1.png', 53, 4);
INSERT INTO `imgs` VALUES (18, 'img/products/Suzuki_Viva_115_2.png', 53, 10);
INSERT INTO `imgs` VALUES (19, 'img/products/Suzuki_Viva_115.png', 103, 2);
INSERT INTO `imgs` VALUES (20, 'img/products/Suzuki_Viva_115_1.png', 103, 4);
INSERT INTO `imgs` VALUES (21, 'img/products/Suzuki_Viva_115_2.png', 103, 10);
INSERT INTO `imgs` VALUES (22, 'img/products/Honda_Dream_110.png', 4, 10);
INSERT INTO `imgs` VALUES (23, 'img/products/Honda_Dream_110.png', 54, 10);
INSERT INTO `imgs` VALUES (24, 'img/products/Honda_Dream_110.png', 104, 10);
INSERT INTO `imgs` VALUES (25, 'img/products/Yamaha Jupiter 110.png', 5, 2);
INSERT INTO `imgs` VALUES (26, 'img/products/Yamaha Jupiter 110 1.png', 5, 1);
INSERT INTO `imgs` VALUES (27, 'img/products/Yamaha Jupiter 110 2.png', 5, 5);
INSERT INTO `imgs` VALUES (28, 'img/products/Yamaha Jupiter 110.png', 55, 2);
INSERT INTO `imgs` VALUES (29, 'img/products/Yamaha Jupiter 110 1.png', 55, 1);
INSERT INTO `imgs` VALUES (30, 'img/products/Yamaha Jupiter 110 2.png', 55, 5);
INSERT INTO `imgs` VALUES (31, 'img/products/Yamaha Jupiter 110.png', 105, 2);
INSERT INTO `imgs` VALUES (32, 'img/products/Yamaha Jupiter 110 1.png', 105, 1);
INSERT INTO `imgs` VALUES (33, 'img/products/Yamaha Jupiter 110 2.png', 105, 5);
INSERT INTO `imgs` VALUES (34, 'img/products/Suzuki_Axelo_125.png', 6, 6);
INSERT INTO `imgs` VALUES (35, 'img/products/Suzuki_Axelo_125.png', 56, 6);
INSERT INTO `imgs` VALUES (36, 'img/products/Suzuki_Axelo_125.png', 56, 6);
INSERT INTO `imgs` VALUES (37, 'img/products/Honda Blade 110.png', 7, 2);
INSERT INTO `imgs` VALUES (38, 'img/products/Honda Blade 110 1.png', 7, 1);
INSERT INTO `imgs` VALUES (39, 'img/products/Honda Blade 110.png', 57, 2);
INSERT INTO `imgs` VALUES (40, 'img/products/Honda Blade 110 1.png', 57, 1);
INSERT INTO `imgs` VALUES (41, 'img/products/Honda Blade 110.png', 107, 2);
INSERT INTO `imgs` VALUES (42, 'img/products/Honda Blade 110 1.png', 107, 1);
INSERT INTO `imgs` VALUES (43, 'img/products/Yamaha_Super_Cub_110.png', 8, 14);
INSERT INTO `imgs` VALUES (44, 'img/products/Yamaha_Super_Cub_110_1.png', 8, 6);
INSERT INTO `imgs` VALUES (45, 'img/products/Yamaha_Super_Cub_110.png', 58, 14);
INSERT INTO `imgs` VALUES (46, 'img/products/Yamaha_Super_Cub_110_1.png', 58, 6);
INSERT INTO `imgs` VALUES (47, 'img/products/Yamaha_Super_Cub_110.png', 108, 14);
INSERT INTO `imgs` VALUES (48, 'img/products/Yamaha_Super_Cub_110_1.png', 108, 6);
INSERT INTO `imgs` VALUES (49, 'img/products/Suzuki Hayate 110.png', 9, 5);
INSERT INTO `imgs` VALUES (50, 'img/products/Suzuki Hayate 110.png', 59, 5);
INSERT INTO `imgs` VALUES (51, 'img/products/Suzuki Hayate 110.png', 109, 5);
INSERT INTO `imgs` VALUES (52, 'img/products/Honda Wave Alpha 110.png', 10, 10);
INSERT INTO `imgs` VALUES (53, 'img/products/Honda Wave Alpha 110 1.png', 10, 4);
INSERT INTO `imgs` VALUES (54, 'img/products/Honda Wave Alpha 110.png', 60, 10);
INSERT INTO `imgs` VALUES (55, 'img/products/Honda Wave Alpha 110 1.png', 60, 4);
INSERT INTO `imgs` VALUES (56, 'img/products/Honda Wave Alpha 110.png', 110, 10);
INSERT INTO `imgs` VALUES (57, 'img/products/Honda Wave Alpha 110 1.png', 110, 4);
INSERT INTO `imgs` VALUES (58, 'img/products/Yamaha R15 V4.png', 11, 1);
INSERT INTO `imgs` VALUES (59, 'img/products/Yamaha R15 V4 1.png', 11, 2);
INSERT INTO `imgs` VALUES (60, 'img/products/Yamaha R15 V4.png', 61, 1);
INSERT INTO `imgs` VALUES (61, 'img/products/Yamaha R15 V4 1.png', 61, 2);
INSERT INTO `imgs` VALUES (62, 'img/products/Yamaha R15 V4.png', 111, 1);
INSERT INTO `imgs` VALUES (63, 'img/products/Yamaha R15 V4 1.png', 111, 2);
INSERT INTO `imgs` VALUES (64, 'img/products/Honda CBR150R.png', 12, 1);
INSERT INTO `imgs` VALUES (65, 'img/products/Honda CBR150R.png', 62, 1);
INSERT INTO `imgs` VALUES (66, 'img/products/Honda CBR150R.png', 112, 1);
INSERT INTO `imgs` VALUES (67, 'img/products/Kawasaki_Ninja_400.png', 13, 13);
INSERT INTO `imgs` VALUES (68, 'img/products/Kawasaki_Ninja_400 1.png', 13, 2);
INSERT INTO `imgs` VALUES (69, 'img/products/Kawasaki_Ninja_400.png', 63, 13);
INSERT INTO `imgs` VALUES (70, 'img/products/Kawasaki_Ninja_400 1.png', 63, 2);
INSERT INTO `imgs` VALUES (71, 'img/products/Kawasaki_Ninja_400.png', 113, 13);
INSERT INTO `imgs` VALUES (72, 'img/products/Kawasaki_Ninja_400 1.png', 113, 2);
INSERT INTO `imgs` VALUES (73, 'img/products/Suzuki_GSX-R750.png', 14, 2);
INSERT INTO `imgs` VALUES (74, 'img/products/Suzuki_GSX-R750.png', 64, 2);
INSERT INTO `imgs` VALUES (75, 'img/products/Suzuki_GSX-R750.png', 114, 2);
INSERT INTO `imgs` VALUES (76, 'img/products/Yamaha_MT-07.png', 15, 2);
INSERT INTO `imgs` VALUES (77, 'img/products/Yamaha_MT-07.png', 65, 2);
INSERT INTO `imgs` VALUES (78, 'img/products/Yamaha_MT-07.png', 115, 2);
INSERT INTO `imgs` VALUES (79, 'img/products/BMW_S1000RR_2.png', 16, 2);
INSERT INTO `imgs` VALUES (80, 'img/products/BMW_S1000RR_2.png', 66, 2);
INSERT INTO `imgs` VALUES (81, 'img/products/BMW_S1000RR_2.png', 116, 2);
INSERT INTO `imgs` VALUES (82, 'img/products/KTM RC 390.png', 17, 12);
INSERT INTO `imgs` VALUES (83, 'img/products/KTM RC 390.png', 67, 12);
INSERT INTO `imgs` VALUES (84, 'img/products/KTM RC 390.png', 117, 12);
INSERT INTO `imgs` VALUES (85, 'img/products/Ducati Panigale V4.png', 18, 1);
INSERT INTO `imgs` VALUES (86, 'img/products/Ducati Panigale V4 1.png', 18, 2);
INSERT INTO `imgs` VALUES (87, 'img/products/Ducati Panigale V4.png', 68, 1);
INSERT INTO `imgs` VALUES (88, 'img/products/Ducati Panigale V4 1.png', 68, 2);
INSERT INTO `imgs` VALUES (89, 'img/products/Ducati Panigale V4.png', 118, 1);
INSERT INTO `imgs` VALUES (90, 'img/products/Ducati Panigale V4 1.png', 118, 2);
INSERT INTO `imgs` VALUES (91, 'img/products/Triumph_Daytona_675.png', 19, 10);
INSERT INTO `imgs` VALUES (92, 'img/products/Triumph_Daytona_675.png', 69, 10);
INSERT INTO `imgs` VALUES (93, 'img/products/Triumph_Daytona_675.png', 119, 10);
INSERT INTO `imgs` VALUES (94, 'img/products/Kawasaki Z900.png', 20, 2);
INSERT INTO `imgs` VALUES (95, 'img/products/Kawasaki Z900.png', 70, 2);
INSERT INTO `imgs` VALUES (96, 'img/products/Kawasaki Z900.png', 120, 2);
INSERT INTO `imgs` VALUES (97, 'img/products/Kawasaki Ninja H2.png', 21, 8);
INSERT INTO `imgs` VALUES (98, 'img/products/Kawasaki Ninja H2.png', 71, 8);
INSERT INTO `imgs` VALUES (99, 'img/products/Kawasaki Ninja H2.png', 121, 8);
INSERT INTO `imgs` VALUES (100, 'img/products/BMW_S1000RR_2.png', 22, 2);
INSERT INTO `imgs` VALUES (101, 'img/products/BMW_S1000RR_2.png', 72, 2);
INSERT INTO `imgs` VALUES (102, 'img/products/BMW_S1000RR_2.png', 122, 2);
INSERT INTO `imgs` VALUES (103, 'img/products/Ducati Panigale V4.png', 23, 1);
INSERT INTO `imgs` VALUES (104, 'img/products/Ducati Panigale V4 1.png', 23, 2);
INSERT INTO `imgs` VALUES (105, 'img/products/Ducati Panigale V4.png', 73, 1);
INSERT INTO `imgs` VALUES (106, 'img/products/Ducati Panigale V4 1.png', 73, 2);
INSERT INTO `imgs` VALUES (107, 'img/products/Ducati Panigale V4.png', 123, 1);
INSERT INTO `imgs` VALUES (108, 'img/products/Ducati Panigale V4 1.png', 123, 2);
INSERT INTO `imgs` VALUES (109, 'img/products/Yamaha_YZF-R1.png', 24, 8);
INSERT INTO `imgs` VALUES (110, 'img/products/Yamaha_YZF-R1.png', 74, 8);
INSERT INTO `imgs` VALUES (111, 'img/products/Yamaha_YZF-R1.png', 124, 8);
INSERT INTO `imgs` VALUES (112, 'img/products/Suzuki_GSX-R1000R.png', 25, 2);
INSERT INTO `imgs` VALUES (113, 'img/products/Suzuki_GSX-R1000R.png', 75, 2);
INSERT INTO `imgs` VALUES (114, 'img/products/Suzuki_GSX-R1000R.png', 125, 2);
INSERT INTO `imgs` VALUES (115, 'img/products/Honda CBR1000RR-R Fireblade.png', 26, 1);
INSERT INTO `imgs` VALUES (116, 'img/products/Honda CBR1000RR-R Fireblade.png', 76, 1);
INSERT INTO `imgs` VALUES (117, 'img/products/Honda CBR1000RR-R Fireblade.png', 126, 1);
INSERT INTO `imgs` VALUES (118, 'img/products/KTM 1290 Super Duke R.png', 27, 12);
INSERT INTO `imgs` VALUES (119, 'img/products/KTM 1290 Super Duke R.png', 77, 12);
INSERT INTO `imgs` VALUES (120, 'img/products/KTM 1290 Super Duke R.png', 127, 12);
INSERT INTO `imgs` VALUES (121, 'img/products/Harley-Davidson CVO Limited.png', 28, 13);
INSERT INTO `imgs` VALUES (122, 'img/products/Harley-Davidson CVO Limited.png', 78, 13);
INSERT INTO `imgs` VALUES (123, 'img/products/Harley-Davidson CVO Limited.png', 128, 13);
INSERT INTO `imgs` VALUES (124, 'img/products/Triumph_Rocket_3.png', 29, 5);
INSERT INTO `imgs` VALUES (125, 'img/products/Triumph_Rocket_3_1.png', 29, 2);
INSERT INTO `imgs` VALUES (126, 'img/products/Triumph_Rocket_3_2.png', 29, 8);
INSERT INTO `imgs` VALUES (127, 'img/products/Triumph_Rocket_3.png', 79, 5);
INSERT INTO `imgs` VALUES (128, 'img/products/Triumph_Rocket_3_1.png', 79, 2);
INSERT INTO `imgs` VALUES (129, 'img/products/Triumph_Rocket_3_2.png', 79, 8);
INSERT INTO `imgs` VALUES (130, 'img/products/Triumph_Rocket_3.png', 129, 5);
INSERT INTO `imgs` VALUES (131, 'img/products/Triumph_Rocket_3_1.png', 129, 2);
INSERT INTO `imgs` VALUES (132, 'img/products/Triumph_Rocket_3_2.png', 129, 8);
INSERT INTO `imgs` VALUES (133, 'img/products/MV_Agusta_F4_RC.png', 30, 1);
INSERT INTO `imgs` VALUES (134, 'img/products/MV_Agusta_F4_RC.png', 80, 1);
INSERT INTO `imgs` VALUES (135, 'img/products/MV_Agusta_F4_RC.png', 130, 1);
INSERT INTO `imgs` VALUES (136, 'img/products/Honda Vision.png', 31, 6);
INSERT INTO `imgs` VALUES (137, 'img/products/Honda Vision 1.png', 31, 2);
INSERT INTO `imgs` VALUES (138, 'img/products/Honda Vision 3.png', 31, 5);
INSERT INTO `imgs` VALUES (139, 'img/products/Honda Vision.png', 81, 6);
INSERT INTO `imgs` VALUES (140, 'img/products/Honda Vision 1.png', 81, 2);
INSERT INTO `imgs` VALUES (141, 'img/products/Honda Vision 3.png', 81, 5);
INSERT INTO `imgs` VALUES (142, 'img/products/Honda Vision.png', 131, 6);
INSERT INTO `imgs` VALUES (143, 'img/products/Honda Vision 1.png', 131, 2);
INSERT INTO `imgs` VALUES (144, 'img/products/Honda Vision 3.png', 131, 5);
INSERT INTO `imgs` VALUES (145, 'img/products/Yamaha Janus 1.png', 32, 5);
INSERT INTO `imgs` VALUES (146, 'img/products/Yamaha Janus 2.png', 32, 2);
INSERT INTO `imgs` VALUES (147, 'img/products/Yamaha Janus 1.png', 82, 5);
INSERT INTO `imgs` VALUES (148, 'img/products/Yamaha Janus 2.png', 82, 2);
INSERT INTO `imgs` VALUES (149, 'img/products/Yamaha Janus 1.png', 132, 5);
INSERT INTO `imgs` VALUES (150, 'img/products/Yamaha Janus 2.png', 132, 2);
INSERT INTO `imgs` VALUES (151, 'img/products/Honda Lead.png', 33, 11);
INSERT INTO `imgs` VALUES (152, 'img/products/Honda Lead 1.png', 33, 2);
INSERT INTO `imgs` VALUES (153, 'img/products/Honda Lead.png', 83, 11);
INSERT INTO `imgs` VALUES (154, 'img/products/Honda Lead 1.png', 83, 2);
INSERT INTO `imgs` VALUES (155, 'img/products/Honda Lead.png', 133, 11);
INSERT INTO `imgs` VALUES (156, 'img/products/Honda Lead 1.png', 133, 2);
INSERT INTO `imgs` VALUES (157, 'img/products/Yamaha FreeGo.png', 34, 10);
INSERT INTO `imgs` VALUES (158, 'img/products/Yamaha FreeGo 1.png', 34, 12);
INSERT INTO `imgs` VALUES (159, 'img/products/Yamaha FreeGo 2.png', 34, 1);
INSERT INTO `imgs` VALUES (160, 'img/products/Yamaha FreeGo.png', 84, 10);
INSERT INTO `imgs` VALUES (161, 'img/products/Yamaha FreeGo 1.png', 84, 12);
INSERT INTO `imgs` VALUES (162, 'img/products/Yamaha FreeGo 2.png', 84, 1);
INSERT INTO `imgs` VALUES (163, 'img/products/Yamaha FreeGo.png', 134, 10);
INSERT INTO `imgs` VALUES (164, 'img/products/Yamaha FreeGo 1.png', 134, 12);
INSERT INTO `imgs` VALUES (165, 'img/products/Yamaha FreeGo 2.png', 134, 1);
INSERT INTO `imgs` VALUES (166, 'img/products/Suzuki_Address_110.png', 35, 2);
INSERT INTO `imgs` VALUES (167, 'img/products/Suzuki_Address_110.png', 85, 2);
INSERT INTO `imgs` VALUES (168, 'img/products/Suzuki_Address_110.png', 135, 2);
INSERT INTO `imgs` VALUES (169, 'img/products/Honda SH Mode.png', 36, 2);
INSERT INTO `imgs` VALUES (170, 'img/products/Honda SH Mode.png', 86, 2);
INSERT INTO `imgs` VALUES (171, 'img/products/Honda SH Mode.png', 136, 2);
INSERT INTO `imgs` VALUES (172, 'img/products/Piaggio Liberty 125.png', 37, 4);
INSERT INTO `imgs` VALUES (173, 'img/products/Piaggio Liberty 125.png', 37, 12);
INSERT INTO `imgs` VALUES (174, 'img/products/Piaggio Liberty 125.png', 87, 4);
INSERT INTO `imgs` VALUES (175, 'img/products/Piaggio Liberty 125.png', 87, 12);
INSERT INTO `imgs` VALUES (176, 'img/products/Piaggio Liberty 125.png', 137, 4);
INSERT INTO `imgs` VALUES (177, 'img/products/Piaggio Liberty 125.png', 137, 12);
INSERT INTO `imgs` VALUES (178, 'img/products/Yamaha_NMAX_155.png', 38, 2);
INSERT INTO `imgs` VALUES (179, 'img/products/Yamaha_NMAX_155.png', 88, 2);
INSERT INTO `imgs` VALUES (180, 'img/products/Yamaha_NMAX_155.png', 138, 2);
INSERT INTO `imgs` VALUES (181, 'img/products/Honda Air Blade.png', 39, 6);
INSERT INTO `imgs` VALUES (182, 'img/products/Honda Air Blade 1.png', 39, 5);
INSERT INTO `imgs` VALUES (183, 'img/products/Honda Air Blade.png', 89, 6);
INSERT INTO `imgs` VALUES (184, 'img/products/Honda Air Blade 1.png', 89, 5);
INSERT INTO `imgs` VALUES (185, 'img/products/Honda Air Blade.png', 139, 6);
INSERT INTO `imgs` VALUES (186, 'img/products/Honda Air Blade 1.png', 139, 5);
INSERT INTO `imgs` VALUES (187, 'img/products/Suzuki_Burgman_200.png', 40, 6);
INSERT INTO `imgs` VALUES (188, 'img/products/Suzuki_Burgman_200.png', 90, 6);
INSERT INTO `imgs` VALUES (189, 'img/products/Suzuki_Burgman_200.png', 140, 6);
INSERT INTO `imgs` VALUES (190, 'img/products/Triumph Bonneville.png', 41, 5);
INSERT INTO `imgs` VALUES (191, 'img/products/Triumph Bonneville.png', 91, 5);
INSERT INTO `imgs` VALUES (192, 'img/products/Triumph Bonneville.png', 141, 5);
INSERT INTO `imgs` VALUES (193, 'img/products/Harley-Davidson Iron 883.png', 42, 13);
INSERT INTO `imgs` VALUES (194, 'img/products/Harley-Davidson Iron 883.png', 92, 13);
INSERT INTO `imgs` VALUES (195, 'img/products/Harley-Davidson Iron 883.png', 142, 13);
INSERT INTO `imgs` VALUES (196, 'img/products/Moto Guzzi V7 III.png.png', 43, 10);
INSERT INTO `imgs` VALUES (197, 'img/products/Moto Guzzi V7 III 1.png', 43, 3);
INSERT INTO `imgs` VALUES (198, 'img/products/Moto Guzzi V7 III.png.png', 93, 10);
INSERT INTO `imgs` VALUES (199, 'img/products/Moto Guzzi V7 III 1.png', 93, 3);
INSERT INTO `imgs` VALUES (200, 'img/products/Moto Guzzi V7 III.png.png', 143, 10);
INSERT INTO `imgs` VALUES (201, 'img/products/Moto Guzzi V7 III 1.png', 143, 3);
INSERT INTO `imgs` VALUES (202, 'img/products/Royal Enfield Classic 350.png', 44, 8);
INSERT INTO `imgs` VALUES (203, 'img/products/Royal Enfield Classic 350 1.png', 44, 2);
INSERT INTO `imgs` VALUES (204, 'img/products/Royal Enfield Classic 350.png', 94, 8);
INSERT INTO `imgs` VALUES (205, 'img/products/Royal Enfield Classic 350 1.png', 94, 2);
INSERT INTO `imgs` VALUES (206, 'img/products/Royal Enfield Classic 350.png', 144, 8);
INSERT INTO `imgs` VALUES (207, 'img/products/Royal Enfield Classic 350 1.png', 144, 2);
INSERT INTO `imgs` VALUES (208, 'img/products/Indian Scout Sixty.png', 45, 2);
INSERT INTO `imgs` VALUES (209, 'img/products/Indian Scout Sixty.png', 85, 2);
INSERT INTO `imgs` VALUES (210, 'img/products/Indian Scout Sixty.png', 145, 2);
INSERT INTO `imgs` VALUES (211, 'img/products/Ducati Scrambler Icon.png', 46, 3);
INSERT INTO `imgs` VALUES (212, 'img/products/Ducati Scrambler Icon.png', 46, 4);
INSERT INTO `imgs` VALUES (213, 'img/products/Ducati Scrambler Icon.png', 46, 1);
INSERT INTO `imgs` VALUES (214, 'img/products/Ducati Scrambler Icon.png', 96, 3);
INSERT INTO `imgs` VALUES (215, 'img/products/Ducati Scrambler Icon.png', 96, 4);
INSERT INTO `imgs` VALUES (216, 'img/products/Ducati Scrambler Icon.png', 96, 1);
INSERT INTO `imgs` VALUES (217, 'img/products/Ducati Scrambler Icon.png', 146, 3);
INSERT INTO `imgs` VALUES (218, 'img/products/Ducati Scrambler Icon.png', 146, 4);
INSERT INTO `imgs` VALUES (219, 'img/products/Ducati Scrambler Icon.png', 146, 1);
INSERT INTO `imgs` VALUES (220, 'img/products/BMW_R_NineT.png', 47, 13);
INSERT INTO `imgs` VALUES (221, 'img/products/BMW_R_NineT.png', 97, 13);
INSERT INTO `imgs` VALUES (222, 'img/products/BMW_R_NineT.png', 147, 13);
INSERT INTO `imgs` VALUES (223, 'img/products/Buell_1190RX.png', 48, 3);
INSERT INTO `imgs` VALUES (224, 'img/products/Buell_1190RX.png', 98, 3);
INSERT INTO `imgs` VALUES (225, 'img/products/Buell_1190RX.png', 148, 3);
INSERT INTO `imgs` VALUES (226, 'img/products/Kawasaki_W800.png', 49, 2);
INSERT INTO `imgs` VALUES (227, 'img/products/Kawasaki_W800.png', 99, 2);
INSERT INTO `imgs` VALUES (228, 'img/products/Kawasaki_W800.png', 149, 2);
INSERT INTO `imgs` VALUES (229, 'img/products/Honda_CB1100.png', 50, 4);
INSERT INTO `imgs` VALUES (230, 'img/products/Honda_CB1100.png', 100, 4);
INSERT INTO `imgs` VALUES (231, 'img/products/xetest.png', 150, 4);
INSERT INTO `imgs` VALUES (233, 'img/products/Yamaha_MT-07.png', 152, 1);
INSERT INTO `imgs` VALUES (234, 'img/products/Yamaha FreeGo.png', 153, 1);
INSERT INTO `imgs` VALUES (235, 'img/products/KTM RC 390.png', 155, 12);
INSERT INTO `imgs` VALUES (236, 'img/products/Yamaha_Super_Cub_110_1.png', 156, 6);
INSERT INTO `imgs` VALUES (237, 'img/products/Yamaha_Super_Cub_110_1.png', 157, 6);
INSERT INTO `imgs` VALUES (238, 'img/products/Honda Wave Alpha 110.png', 158, 10);
INSERT INTO `imgs` VALUES (239, 'img/products/Triumph_Daytona_675.png', 159, 10);
INSERT INTO `imgs` VALUES (240, 'img/products/Honda SH Mode.png', 160, 2);
INSERT INTO `imgs` VALUES (241, 'img/products/Kawasaki_Ninja_400.png', 161, 13);
INSERT INTO `imgs` VALUES (242, 'img/products/Ducati Panigale V4.png', 162, 1);
INSERT INTO `imgs` VALUES (243, 'img/products/Kawasaki_Ninja_400.png', 163, 13);
INSERT INTO `imgs` VALUES (244, 'img/products/Yamaha_MT-07.png', 164, 2);
INSERT INTO `imgs` VALUES (247, 'img/products/Honda Wave Alpha 110.png', 164, 10);
INSERT INTO `imgs` VALUES (248, 'img/products/Honda SH Mode.png', 166, 2);
INSERT INTO `imgs` VALUES (249, 'img/products/Ducati Panigale V4.png', 166, 1);

-- ----------------------------
-- Table structure for orderitems
-- ----------------------------
DROP TABLE IF EXISTS `orderitems`;
CREATE TABLE `orderitems`  (
  `id` int(11) NOT NULL AUTO_INCREMENT,
  `quantity` int(11) NULL DEFAULT NULL,
  `img` varchar(255) CHARACTER SET utf8mb4 COLLATE utf8mb4_unicode_ci NULL DEFAULT NULL,
  `color` varchar(255) CHARACTER SET utf8mb4 COLLATE utf8mb4_unicode_ci NULL DEFAULT NULL,
  `productID` int(11) NULL DEFAULT NULL,
  `orderID` int(11) NULL DEFAULT NULL,
  PRIMARY KEY (`id`) USING BTREE,
  INDEX `orderID`(`orderID`) USING BTREE,
  INDEX `productID`(`productID`) USING BTREE,
  CONSTRAINT `orderitems_ibfk_1` FOREIGN KEY (`orderID`) REFERENCES `orders` (`id`) ON DELETE RESTRICT ON UPDATE RESTRICT,
  CONSTRAINT `orderitems_ibfk_2` FOREIGN KEY (`productID`) REFERENCES `products` (`id`) ON DELETE RESTRICT ON UPDATE RESTRICT
) ENGINE = InnoDB AUTO_INCREMENT = 41 CHARACTER SET = utf8mb4 COLLATE = utf8mb4_unicode_ci ROW_FORMAT = Dynamic;

-- ----------------------------
-- Records of orderitems
-- ----------------------------
INSERT INTO `orderitems` VALUES (11, 1, NULL, NULL, 1, 1);
INSERT INTO `orderitems` VALUES (12, 1, NULL, NULL, 2, 2);
INSERT INTO `orderitems` VALUES (13, 1, NULL, NULL, 3, 3);
INSERT INTO `orderitems` VALUES (14, 1, NULL, NULL, 4, 4);
INSERT INTO `orderitems` VALUES (15, 1, NULL, NULL, 5, 5);
INSERT INTO `orderitems` VALUES (16, 1, NULL, NULL, 6, 1);
INSERT INTO `orderitems` VALUES (17, 1, NULL, NULL, 7, 1);
INSERT INTO `orderitems` VALUES (18, 1, NULL, NULL, 8, 1);
INSERT INTO `orderitems` VALUES (19, 1, NULL, NULL, 1, 1);
INSERT INTO `orderitems` VALUES (20, 1, NULL, NULL, 2, 1);
INSERT INTO `orderitems` VALUES (21, 1, 'img/products/Honda SH Mode.png', 'Đen', 36, 14);
INSERT INTO `orderitems` VALUES (22, 1, 'img/products/Honda CBR1000RR-R Fireblade.png', 'Đỏ', 26, 16);
INSERT INTO `orderitems` VALUES (23, 1, 'img/products/Yamaha Sirius 110 2.png', 'Đỏ', 2, 17);
INSERT INTO `orderitems` VALUES (24, 1, 'img/products/Honda CBR150R.png', 'Đỏ', 112, 18);
INSERT INTO `orderitems` VALUES (25, 1, 'img/products/Yamaha R15 V4 1.png', 'Đen', 111, 18);
INSERT INTO `orderitems` VALUES (26, 1, 'img/products/Yamaha Sirius 110 1.png', 'Đen', 2, 19);
INSERT INTO `orderitems` VALUES (27, 2, 'img/products/Yamaha Sirius 110 2.png', 'Đỏ', 2, 19);
INSERT INTO `orderitems` VALUES (28, 1, 'img/products/Yamaha Sirius 110 2.png', 'Đỏ', 2, 20);
INSERT INTO `orderitems` VALUES (29, 1, 'img/products/Ducati Panigale V4.png', 'Đỏ', 23, 21);
INSERT INTO `orderitems` VALUES (30, 4, 'img/products/hondaWave110.png', 'Đen', 1, 22);
INSERT INTO `orderitems` VALUES (31, 2, 'img/products/Honda_Dream_110.png', 'Trắng', 4, 23);
INSERT INTO `orderitems` VALUES (32, 1, 'img/products/KTM RC 390.png', 'Cam', 17, 24);
INSERT INTO `orderitems` VALUES (33, 3, 'img/products/hondaWave110.png', 'Đen', 1, 25);
INSERT INTO `orderitems` VALUES (34, 1, 'img/products/Suzuki_Viva_115_1.png', 'Xanh', 3, 25);
INSERT INTO `orderitems` VALUES (35, 1, 'img/products/Suzuki_Viva_115_2.png', 'Trắng', 3, 25);
INSERT INTO `orderitems` VALUES (36, 1, 'img/products/Yamaha R15 V4.png', 'Đỏ', 11, 26);
INSERT INTO `orderitems` VALUES (37, 1, 'img/products/Yamaha R15 V4.png', 'Đỏ', 11, 27);
INSERT INTO `orderitems` VALUES (38, 1, 'img/products/Honda_Dream_110.png', 'Trắng', 4, 28);
INSERT INTO `orderitems` VALUES (39, 1, 'img/products/BMW_S1000RR_2.png', 'Đen', 16, 29);
INSERT INTO `orderitems` VALUES (40, 4, 'img/products/Honda Vision 1.png', 'Đen', 31, 30);

-- ----------------------------
-- Table structure for orders
-- ----------------------------
DROP TABLE IF EXISTS `orders`;
CREATE TABLE `orders`  (
  `id` int(11) NOT NULL AUTO_INCREMENT,
  `deposit` decimal(13, 3) NULL DEFAULT NULL,
  `remain` decimal(13, 3) NULL DEFAULT NULL,
  `address` varchar(255) CHARACTER SET utf8mb4 COLLATE utf8mb4_unicode_ci NULL DEFAULT NULL,
  `appointment` date NULL DEFAULT NULL,
  `payDate` date NULL DEFAULT NULL,
  `status` varchar(20) CHARACTER SET utf8mb4 COLLATE utf8mb4_unicode_ci NULL DEFAULT NULL,
  `accountID` int(11) NULL DEFAULT NULL,
  `shopID` int(11) NULL DEFAULT NULL,
  PRIMARY KEY (`id`) USING BTREE,
  INDEX `accountID`(`accountID`) USING BTREE,
  INDEX `shopID`(`shopID`) USING BTREE,
  CONSTRAINT `orders_ibfk_1` FOREIGN KEY (`accountID`) REFERENCES `accounts` (`id`) ON DELETE RESTRICT ON UPDATE RESTRICT,
  CONSTRAINT `orders_ibfk_2` FOREIGN KEY (`shopID`) REFERENCES `shops` (`id`) ON DELETE RESTRICT ON UPDATE RESTRICT
) ENGINE = InnoDB AUTO_INCREMENT = 31 CHARACTER SET = utf8mb4 COLLATE = utf8mb4_unicode_ci ROW_FORMAT = Dynamic;

-- ----------------------------
-- Records of orders
-- ----------------------------
INSERT INTO `orders` VALUES (1, 1800000.000, 16200000.000, '128 Trần Hưng Đạo', '2022-12-07', '2022-12-07', 'Đã thanh toán', 1, 1);
INSERT INTO `orders` VALUES (2, 1600000.000, 14400000.000, 'ĐH NLU', '2022-12-12', '2023-02-12', 'Đã thanh toán', 1, 9);
INSERT INTO `orders` VALUES (3, 1700000.000, 15300000.000, NULL, '2022-08-03', '2022-07-27', 'Đã thanh toán', 2, 3);
INSERT INTO `orders` VALUES (4, 1850000.000, 16650000.000, NULL, '2023-12-07', '2023-12-07', 'Đã thanh toán', 3, 4);
INSERT INTO `orders` VALUES (5, 1900000.000, 17100000.000, NULL, '2021-12-07', '2021-12-07', 'Đã thanh toán', 4, 5);
INSERT INTO `orders` VALUES (6, 2000000.000, 18000000.000, NULL, '2020-12-07', '2020-12-07', 'Đã thanh toán', 5, 1);
INSERT INTO `orders` VALUES (7, 2200000.000, 19800000.000, NULL, '2020-12-07', '2020-12-07', 'Đã thanh toán', 6, 2);
INSERT INTO `orders` VALUES (8, 2500000.000, 22500000.000, NULL, '2022-12-07', '2022-12-07', 'Đã thanh toán', 7, 3);
INSERT INTO `orders` VALUES (9, 1800000.000, 16200000.000, NULL, '2024-12-17', '2024-12-07', 'Đã đặt cọc', 8, 4);
INSERT INTO `orders` VALUES (10, 1600000.000, 14400000.000, NULL, '2024-12-17', '2024-12-07', 'Đã đặt cọc', 8, 5);
INSERT INTO `orders` VALUES (11, 4000000.000, 12000000.000, NULL, NULL, NULL, 'Đã cọc', 13, 8);
INSERT INTO `orders` VALUES (12, 4000000.000, 12000000.000, NULL, NULL, NULL, 'Đã cọc', 13, 8);
INSERT INTO `orders` VALUES (13, 4000000.000, 12000000.000, NULL, NULL, NULL, 'Đã cọc', 13, 8);
INSERT INTO `orders` VALUES (14, 162500000.000, 487500000.000, 'KTX Cỏ May ĐH Nông Lâm', '2025-02-01', '2025-02-12', 'Đã thanh toán', 13, 1);
INSERT INTO `orders` VALUES (15, 12.900, 12.800, 'Khu B', '2020-02-01', '2020-02-28', 'Đã đặt cọc', 1, 1);
INSERT INTO `orders` VALUES (16, 200000000.000, 600000000.000, 'KTX Cỏ May ĐH Nông Lâm', '2025-02-01', NULL, 'Đã cọc', 13, 2);
INSERT INTO `orders` VALUES (17, 4000000.000, 12000000.000, 'KTX Cỏ May ĐH Nông Lâm', '2025-02-01', NULL, 'Đã cọc', 13, 1);
INSERT INTO `orders` VALUES (18, 43750000.000, 131250000.000, 'KTX Cỏ May ĐH Nông Lâm', '2025-01-30', NULL, 'Đã cọc', 13, 1);
INSERT INTO `orders` VALUES (19, 12000000.000, 36000000.000, 'KTX Cỏ May ĐH Nông Lâm', '2025-01-23', NULL, 'Đã cọc', 13, 2);
INSERT INTO `orders` VALUES (20, 4000000.000, 12000000.000, 'KTX Cỏ May ĐH Nông Lâm', '2025-01-31', NULL, 'Đã cọc', 13, 1);
INSERT INTO `orders` VALUES (21, 175000000.000, 525000000.000, 'KTX Cỏ May ĐH Nông Lâm', '2025-01-30', NULL, 'Đã cọc', 13, 1);
INSERT INTO `orders` VALUES (22, 18000000.000, 54000000.000, 'KTX Cỏ May ĐH Nông Lâm', '2025-01-15', NULL, 'Đã cọc', 13, 8);
INSERT INTO `orders` VALUES (23, 8232500.000, 24697500.000, 'Binh Thuan Cỏ May', '2025-01-25', '2025-01-31', 'Đã thanh toán', 13, 9);
INSERT INTO `orders` VALUES (24, 40000000.000, 120000000.000, 'NLU', '2025-01-30', NULL, 'Đã cọc', 13, 1);
INSERT INTO `orders` VALUES (25, 15900000.000, 47700000.000, 'Binh Thuan Cà Mau Vũng Tàu', '2025-01-31', '2025-02-03', 'Đã thanh toán', 13, 8);
INSERT INTO `orders` VALUES (26, 22500000.000, 67500000.000, 'Binh Thuan Cà Mau Vũng Tàu Bình Dương', '2025-02-08', NULL, 'Đã cọc', 13, 10);
INSERT INTO `orders` VALUES (27, 22500000.000, 67500000.000, 'KTX Cỏ May', '2025-01-31', '2025-02-22', 'Đã thanh toán', 13, 4);
INSERT INTO `orders` VALUES (28, 4116250.000, 12348750.000, 'Binh Thuan Cà Mau Vũng Tàu Bình Dương', '2025-01-31', '2025-02-06', 'Đã thanh toán', 13, 9);
INSERT INTO `orders` VALUES (29, 125000000.000, 375000000.000, 'Binh Thuan Cà Mau Vũng Tàu Bình', '2025-01-31', '2025-01-31', 'Đã thanh toán', 13, 9);
INSERT INTO `orders` VALUES (30, 350000000.000, 1050000000.000, '128 Trần Hưng Đạo', '2025-01-31', '2025-03-21', 'Đã thanh toán', 13, 10);

-- ----------------------------
-- Table structure for productdetails
-- ----------------------------
DROP TABLE IF EXISTS `productdetails`;
CREATE TABLE `productdetails`  (
  `specID` int(11) NULL DEFAULT NULL,
  `featureID` int(11) NULL DEFAULT NULL,
  `colorID` int(11) NULL DEFAULT NULL,
  `productID` int(11) NULL DEFAULT NULL,
  `id` int(11) NOT NULL AUTO_INCREMENT,
  PRIMARY KEY (`id`) USING BTREE,
  UNIQUE INDEX `specID`(`specID`, `featureID`, `colorID`, `productID`) USING BTREE,
  INDEX `featureID`(`featureID`) USING BTREE,
  INDEX `colorID`(`colorID`) USING BTREE,
  INDEX `productID`(`productID`) USING BTREE,
  CONSTRAINT `productdetails_ibfk_1` FOREIGN KEY (`specID`) REFERENCES `specs` (`id`) ON DELETE RESTRICT ON UPDATE RESTRICT,
  CONSTRAINT `productdetails_ibfk_2` FOREIGN KEY (`featureID`) REFERENCES `features` (`id`) ON DELETE RESTRICT ON UPDATE RESTRICT,
  CONSTRAINT `productdetails_ibfk_3` FOREIGN KEY (`colorID`) REFERENCES `colors` (`id`) ON DELETE RESTRICT ON UPDATE RESTRICT,
  CONSTRAINT `productdetails_ibfk_4` FOREIGN KEY (`productID`) REFERENCES `products` (`id`) ON DELETE RESTRICT ON UPDATE RESTRICT
) ENGINE = InnoDB AUTO_INCREMENT = 3447 CHARACTER SET = utf8mb4 COLLATE = utf8mb4_unicode_ci ROW_FORMAT = Dynamic;

-- ----------------------------
-- Records of productdetails
-- ----------------------------
INSERT INTO `productdetails` VALUES (1, 1, 1, 1, 1);
INSERT INTO `productdetails` VALUES (1, 1, 1, 6, 136);
INSERT INTO `productdetails` VALUES (1, 1, 1, 7, 163);
INSERT INTO `productdetails` VALUES (1, 1, 1, 8, 190);
INSERT INTO `productdetails` VALUES (1, 1, 1, 9, 217);
INSERT INTO `productdetails` VALUES (1, 1, 1, 10, 244);
INSERT INTO `productdetails` VALUES (1, 1, 1, 11, 271);
INSERT INTO `productdetails` VALUES (1, 1, 1, 12, 293);
INSERT INTO `productdetails` VALUES (1, 1, 1, 13, 315);
INSERT INTO `productdetails` VALUES (1, 1, 1, 14, 337);
INSERT INTO `productdetails` VALUES (1, 1, 1, 15, 359);
INSERT INTO `productdetails` VALUES (1, 1, 1, 16, 381);
INSERT INTO `productdetails` VALUES (1, 1, 1, 17, 403);
INSERT INTO `productdetails` VALUES (1, 1, 1, 18, 425);
INSERT INTO `productdetails` VALUES (1, 1, 1, 19, 447);
INSERT INTO `productdetails` VALUES (1, 1, 1, 20, 469);
INSERT INTO `productdetails` VALUES (1, 1, 1, 21, 491);
INSERT INTO `productdetails` VALUES (1, 1, 1, 22, 513);
INSERT INTO `productdetails` VALUES (1, 1, 1, 23, 535);
INSERT INTO `productdetails` VALUES (1, 1, 1, 24, 557);
INSERT INTO `productdetails` VALUES (1, 1, 1, 25, 579);
INSERT INTO `productdetails` VALUES (1, 1, 1, 26, 601);
INSERT INTO `productdetails` VALUES (1, 1, 1, 27, 623);
INSERT INTO `productdetails` VALUES (1, 1, 1, 28, 645);
INSERT INTO `productdetails` VALUES (1, 1, 1, 29, 667);
INSERT INTO `productdetails` VALUES (1, 1, 1, 30, 689);
INSERT INTO `productdetails` VALUES (1, 1, 1, 31, 711);
INSERT INTO `productdetails` VALUES (1, 1, 1, 32, 733);
INSERT INTO `productdetails` VALUES (1, 1, 1, 33, 755);
INSERT INTO `productdetails` VALUES (1, 1, 1, 34, 777);
INSERT INTO `productdetails` VALUES (1, 1, 1, 35, 799);
INSERT INTO `productdetails` VALUES (1, 1, 1, 36, 821);
INSERT INTO `productdetails` VALUES (1, 1, 1, 37, 843);
INSERT INTO `productdetails` VALUES (1, 1, 1, 38, 865);
INSERT INTO `productdetails` VALUES (1, 1, 1, 39, 887);
INSERT INTO `productdetails` VALUES (1, 1, 1, 40, 909);
INSERT INTO `productdetails` VALUES (1, 1, 1, 41, 931);
INSERT INTO `productdetails` VALUES (1, 1, 1, 42, 953);
INSERT INTO `productdetails` VALUES (1, 1, 1, 43, 975);
INSERT INTO `productdetails` VALUES (1, 1, 1, 44, 997);
INSERT INTO `productdetails` VALUES (1, 1, 1, 45, 1019);
INSERT INTO `productdetails` VALUES (1, 1, 1, 46, 1041);
INSERT INTO `productdetails` VALUES (1, 1, 1, 47, 1063);
INSERT INTO `productdetails` VALUES (1, 1, 1, 48, 1085);
INSERT INTO `productdetails` VALUES (1, 1, 1, 49, 1107);
INSERT INTO `productdetails` VALUES (1, 1, 1, 50, 1129);
INSERT INTO `productdetails` VALUES (1, 1, 1, 51, 1151);
INSERT INTO `productdetails` VALUES (1, 1, 1, 52, 1173);
INSERT INTO `productdetails` VALUES (1, 1, 1, 53, 1195);
INSERT INTO `productdetails` VALUES (1, 1, 1, 54, 1217);
INSERT INTO `productdetails` VALUES (1, 1, 1, 55, 1239);
INSERT INTO `productdetails` VALUES (1, 1, 1, 56, 1261);
INSERT INTO `productdetails` VALUES (1, 1, 1, 57, 1283);
INSERT INTO `productdetails` VALUES (1, 1, 1, 58, 1305);
INSERT INTO `productdetails` VALUES (1, 1, 1, 59, 1327);
INSERT INTO `productdetails` VALUES (1, 1, 1, 60, 1349);
INSERT INTO `productdetails` VALUES (1, 1, 1, 61, 1371);
INSERT INTO `productdetails` VALUES (1, 1, 1, 62, 1393);
INSERT INTO `productdetails` VALUES (1, 1, 1, 63, 1415);
INSERT INTO `productdetails` VALUES (1, 1, 1, 64, 1437);
INSERT INTO `productdetails` VALUES (1, 1, 1, 65, 1459);
INSERT INTO `productdetails` VALUES (1, 1, 1, 66, 1481);
INSERT INTO `productdetails` VALUES (1, 1, 1, 67, 1503);
INSERT INTO `productdetails` VALUES (1, 1, 1, 68, 1525);
INSERT INTO `productdetails` VALUES (1, 1, 1, 69, 1547);
INSERT INTO `productdetails` VALUES (1, 1, 1, 70, 1569);
INSERT INTO `productdetails` VALUES (1, 1, 1, 71, 1591);
INSERT INTO `productdetails` VALUES (1, 1, 1, 72, 1613);
INSERT INTO `productdetails` VALUES (1, 1, 1, 73, 1635);
INSERT INTO `productdetails` VALUES (1, 1, 1, 74, 1657);
INSERT INTO `productdetails` VALUES (1, 1, 1, 75, 1679);
INSERT INTO `productdetails` VALUES (1, 1, 1, 76, 1701);
INSERT INTO `productdetails` VALUES (1, 1, 1, 77, 1723);
INSERT INTO `productdetails` VALUES (1, 1, 1, 78, 1745);
INSERT INTO `productdetails` VALUES (1, 1, 1, 79, 1767);
INSERT INTO `productdetails` VALUES (1, 1, 1, 80, 1789);
INSERT INTO `productdetails` VALUES (1, 1, 1, 81, 1811);
INSERT INTO `productdetails` VALUES (1, 1, 1, 82, 1833);
INSERT INTO `productdetails` VALUES (1, 1, 1, 83, 1855);
INSERT INTO `productdetails` VALUES (1, 1, 1, 84, 1877);
INSERT INTO `productdetails` VALUES (1, 1, 1, 85, 1899);
INSERT INTO `productdetails` VALUES (1, 1, 1, 86, 1921);
INSERT INTO `productdetails` VALUES (1, 1, 1, 87, 1943);
INSERT INTO `productdetails` VALUES (1, 1, 1, 88, 1965);
INSERT INTO `productdetails` VALUES (1, 1, 1, 89, 1987);
INSERT INTO `productdetails` VALUES (1, 1, 1, 90, 2009);
INSERT INTO `productdetails` VALUES (1, 1, 1, 91, 2031);
INSERT INTO `productdetails` VALUES (1, 1, 1, 92, 2053);
INSERT INTO `productdetails` VALUES (1, 1, 1, 93, 2075);
INSERT INTO `productdetails` VALUES (1, 1, 1, 94, 2097);
INSERT INTO `productdetails` VALUES (1, 1, 1, 95, 2119);
INSERT INTO `productdetails` VALUES (1, 1, 1, 96, 2141);
INSERT INTO `productdetails` VALUES (1, 1, 1, 97, 2163);
INSERT INTO `productdetails` VALUES (1, 1, 1, 98, 2185);
INSERT INTO `productdetails` VALUES (1, 1, 1, 99, 2207);
INSERT INTO `productdetails` VALUES (1, 1, 1, 100, 2229);
INSERT INTO `productdetails` VALUES (1, 1, 1, 101, 2251);
INSERT INTO `productdetails` VALUES (1, 1, 1, 102, 2273);
INSERT INTO `productdetails` VALUES (1, 1, 1, 103, 2295);
INSERT INTO `productdetails` VALUES (1, 1, 1, 104, 2317);
INSERT INTO `productdetails` VALUES (1, 1, 1, 105, 2339);
INSERT INTO `productdetails` VALUES (1, 1, 1, 106, 2361);
INSERT INTO `productdetails` VALUES (1, 1, 1, 107, 2383);
INSERT INTO `productdetails` VALUES (1, 1, 1, 108, 2405);
INSERT INTO `productdetails` VALUES (1, 1, 1, 109, 2427);
INSERT INTO `productdetails` VALUES (1, 1, 1, 110, 2449);
INSERT INTO `productdetails` VALUES (1, 1, 1, 111, 2471);
INSERT INTO `productdetails` VALUES (1, 1, 1, 112, 2493);
INSERT INTO `productdetails` VALUES (1, 1, 1, 113, 2515);
INSERT INTO `productdetails` VALUES (1, 1, 1, 114, 2537);
INSERT INTO `productdetails` VALUES (1, 1, 1, 115, 2559);
INSERT INTO `productdetails` VALUES (1, 1, 1, 116, 2581);
INSERT INTO `productdetails` VALUES (1, 1, 1, 117, 2603);
INSERT INTO `productdetails` VALUES (1, 1, 1, 118, 2625);
INSERT INTO `productdetails` VALUES (1, 1, 1, 119, 2647);
INSERT INTO `productdetails` VALUES (1, 1, 1, 120, 2669);
INSERT INTO `productdetails` VALUES (1, 1, 1, 121, 2691);
INSERT INTO `productdetails` VALUES (1, 1, 1, 122, 2713);
INSERT INTO `productdetails` VALUES (1, 1, 1, 123, 2735);
INSERT INTO `productdetails` VALUES (1, 1, 1, 124, 2757);
INSERT INTO `productdetails` VALUES (1, 1, 1, 125, 2779);
INSERT INTO `productdetails` VALUES (1, 1, 1, 126, 2801);
INSERT INTO `productdetails` VALUES (1, 1, 1, 127, 2823);
INSERT INTO `productdetails` VALUES (1, 1, 1, 128, 2845);
INSERT INTO `productdetails` VALUES (1, 1, 1, 129, 2867);
INSERT INTO `productdetails` VALUES (1, 1, 1, 130, 2889);
INSERT INTO `productdetails` VALUES (1, 1, 1, 131, 2911);
INSERT INTO `productdetails` VALUES (1, 1, 1, 132, 2933);
INSERT INTO `productdetails` VALUES (1, 1, 1, 133, 2955);
INSERT INTO `productdetails` VALUES (1, 1, 1, 134, 2977);
INSERT INTO `productdetails` VALUES (1, 1, 1, 135, 2999);
INSERT INTO `productdetails` VALUES (1, 1, 1, 136, 3021);
INSERT INTO `productdetails` VALUES (1, 1, 1, 137, 3043);
INSERT INTO `productdetails` VALUES (1, 1, 1, 138, 3065);
INSERT INTO `productdetails` VALUES (1, 1, 1, 139, 3087);
INSERT INTO `productdetails` VALUES (1, 1, 1, 140, 3109);
INSERT INTO `productdetails` VALUES (1, 1, 1, 141, 3131);
INSERT INTO `productdetails` VALUES (1, 1, 1, 142, 3153);
INSERT INTO `productdetails` VALUES (1, 1, 1, 143, 3175);
INSERT INTO `productdetails` VALUES (1, 1, 1, 144, 3197);
INSERT INTO `productdetails` VALUES (1, 1, 1, 145, 3219);
INSERT INTO `productdetails` VALUES (1, 1, 1, 146, 3241);
INSERT INTO `productdetails` VALUES (1, 1, 1, 147, 3263);
INSERT INTO `productdetails` VALUES (1, 1, 1, 148, 3285);
INSERT INTO `productdetails` VALUES (1, 1, 1, 149, 3307);
INSERT INTO `productdetails` VALUES (1, 1, 1, 150, 3329);
INSERT INTO `productdetails` VALUES (2, NULL, NULL, 166, 3426);
INSERT INTO `productdetails` VALUES (2, 1, 1, 2, 28);
INSERT INTO `productdetails` VALUES (3, 1, 1, 3, 55);
INSERT INTO `productdetails` VALUES (4, 1, 1, 4, 82);
INSERT INTO `productdetails` VALUES (5, NULL, NULL, 163, 3351);
INSERT INTO `productdetails` VALUES (5, NULL, NULL, 164, 3377);
INSERT INTO `productdetails` VALUES (5, NULL, NULL, 165, 3402);
INSERT INTO `productdetails` VALUES (5, 1, 1, 5, 109);
INSERT INTO `productdetails` VALUES (6, 2, 2, 1, 2);
INSERT INTO `productdetails` VALUES (6, 2, 2, 6, 137);
INSERT INTO `productdetails` VALUES (6, 2, 2, 7, 164);
INSERT INTO `productdetails` VALUES (6, 2, 2, 8, 191);
INSERT INTO `productdetails` VALUES (6, 2, 2, 9, 218);
INSERT INTO `productdetails` VALUES (6, 2, 2, 10, 245);
INSERT INTO `productdetails` VALUES (6, 2, 2, 11, 272);
INSERT INTO `productdetails` VALUES (6, 2, 2, 12, 294);
INSERT INTO `productdetails` VALUES (6, 2, 2, 13, 316);
INSERT INTO `productdetails` VALUES (6, 2, 2, 14, 338);
INSERT INTO `productdetails` VALUES (6, 2, 2, 15, 360);
INSERT INTO `productdetails` VALUES (6, 2, 2, 16, 382);
INSERT INTO `productdetails` VALUES (6, 2, 2, 17, 404);
INSERT INTO `productdetails` VALUES (6, 2, 2, 18, 426);
INSERT INTO `productdetails` VALUES (6, 2, 2, 19, 448);
INSERT INTO `productdetails` VALUES (6, 2, 2, 20, 470);
INSERT INTO `productdetails` VALUES (6, 2, 2, 21, 492);
INSERT INTO `productdetails` VALUES (6, 2, 2, 22, 514);
INSERT INTO `productdetails` VALUES (6, 2, 2, 23, 536);
INSERT INTO `productdetails` VALUES (6, 2, 2, 24, 558);
INSERT INTO `productdetails` VALUES (6, 2, 2, 25, 580);
INSERT INTO `productdetails` VALUES (6, 2, 2, 26, 602);
INSERT INTO `productdetails` VALUES (6, 2, 2, 27, 624);
INSERT INTO `productdetails` VALUES (6, 2, 2, 28, 646);
INSERT INTO `productdetails` VALUES (6, 2, 2, 29, 668);
INSERT INTO `productdetails` VALUES (6, 2, 2, 30, 690);
INSERT INTO `productdetails` VALUES (6, 2, 2, 31, 712);
INSERT INTO `productdetails` VALUES (6, 2, 2, 32, 734);
INSERT INTO `productdetails` VALUES (6, 2, 2, 33, 756);
INSERT INTO `productdetails` VALUES (6, 2, 2, 34, 778);
INSERT INTO `productdetails` VALUES (6, 2, 2, 35, 800);
INSERT INTO `productdetails` VALUES (6, 2, 2, 36, 822);
INSERT INTO `productdetails` VALUES (6, 2, 2, 37, 844);
INSERT INTO `productdetails` VALUES (6, 2, 2, 38, 866);
INSERT INTO `productdetails` VALUES (6, 2, 2, 39, 888);
INSERT INTO `productdetails` VALUES (6, 2, 2, 40, 910);
INSERT INTO `productdetails` VALUES (6, 2, 2, 41, 932);
INSERT INTO `productdetails` VALUES (6, 2, 2, 42, 954);
INSERT INTO `productdetails` VALUES (6, 2, 2, 43, 976);
INSERT INTO `productdetails` VALUES (6, 2, 2, 44, 998);
INSERT INTO `productdetails` VALUES (6, 2, 2, 45, 1020);
INSERT INTO `productdetails` VALUES (6, 2, 2, 46, 1042);
INSERT INTO `productdetails` VALUES (6, 2, 2, 47, 1064);
INSERT INTO `productdetails` VALUES (6, 2, 2, 48, 1086);
INSERT INTO `productdetails` VALUES (6, 2, 2, 49, 1108);
INSERT INTO `productdetails` VALUES (6, 2, 2, 50, 1130);
INSERT INTO `productdetails` VALUES (6, 2, 2, 51, 1152);
INSERT INTO `productdetails` VALUES (6, 2, 2, 52, 1174);
INSERT INTO `productdetails` VALUES (6, 2, 2, 53, 1196);
INSERT INTO `productdetails` VALUES (6, 2, 2, 54, 1218);
INSERT INTO `productdetails` VALUES (6, 2, 2, 55, 1240);
INSERT INTO `productdetails` VALUES (6, 2, 2, 56, 1262);
INSERT INTO `productdetails` VALUES (6, 2, 2, 57, 1284);
INSERT INTO `productdetails` VALUES (6, 2, 2, 58, 1306);
INSERT INTO `productdetails` VALUES (6, 2, 2, 59, 1328);
INSERT INTO `productdetails` VALUES (6, 2, 2, 60, 1350);
INSERT INTO `productdetails` VALUES (6, 2, 2, 61, 1372);
INSERT INTO `productdetails` VALUES (6, 2, 2, 62, 1394);
INSERT INTO `productdetails` VALUES (6, 2, 2, 63, 1416);
INSERT INTO `productdetails` VALUES (6, 2, 2, 64, 1438);
INSERT INTO `productdetails` VALUES (6, 2, 2, 65, 1460);
INSERT INTO `productdetails` VALUES (6, 2, 2, 66, 1482);
INSERT INTO `productdetails` VALUES (6, 2, 2, 67, 1504);
INSERT INTO `productdetails` VALUES (6, 2, 2, 68, 1526);
INSERT INTO `productdetails` VALUES (6, 2, 2, 69, 1548);
INSERT INTO `productdetails` VALUES (6, 2, 2, 70, 1570);
INSERT INTO `productdetails` VALUES (6, 2, 2, 71, 1592);
INSERT INTO `productdetails` VALUES (6, 2, 2, 72, 1614);
INSERT INTO `productdetails` VALUES (6, 2, 2, 73, 1636);
INSERT INTO `productdetails` VALUES (6, 2, 2, 74, 1658);
INSERT INTO `productdetails` VALUES (6, 2, 2, 75, 1680);
INSERT INTO `productdetails` VALUES (6, 2, 2, 76, 1702);
INSERT INTO `productdetails` VALUES (6, 2, 2, 77, 1724);
INSERT INTO `productdetails` VALUES (6, 2, 2, 78, 1746);
INSERT INTO `productdetails` VALUES (6, 2, 2, 79, 1768);
INSERT INTO `productdetails` VALUES (6, 2, 2, 80, 1790);
INSERT INTO `productdetails` VALUES (6, 2, 2, 81, 1812);
INSERT INTO `productdetails` VALUES (6, 2, 2, 82, 1834);
INSERT INTO `productdetails` VALUES (6, 2, 2, 83, 1856);
INSERT INTO `productdetails` VALUES (6, 2, 2, 84, 1878);
INSERT INTO `productdetails` VALUES (6, 2, 2, 85, 1900);
INSERT INTO `productdetails` VALUES (6, 2, 2, 86, 1922);
INSERT INTO `productdetails` VALUES (6, 2, 2, 87, 1944);
INSERT INTO `productdetails` VALUES (6, 2, 2, 88, 1966);
INSERT INTO `productdetails` VALUES (6, 2, 2, 89, 1988);
INSERT INTO `productdetails` VALUES (6, 2, 2, 90, 2010);
INSERT INTO `productdetails` VALUES (6, 2, 2, 91, 2032);
INSERT INTO `productdetails` VALUES (6, 2, 2, 92, 2054);
INSERT INTO `productdetails` VALUES (6, 2, 2, 93, 2076);
INSERT INTO `productdetails` VALUES (6, 2, 2, 94, 2098);
INSERT INTO `productdetails` VALUES (6, 2, 2, 95, 2120);
INSERT INTO `productdetails` VALUES (6, 2, 2, 96, 2142);
INSERT INTO `productdetails` VALUES (6, 2, 2, 97, 2164);
INSERT INTO `productdetails` VALUES (6, 2, 2, 98, 2186);
INSERT INTO `productdetails` VALUES (6, 2, 2, 99, 2208);
INSERT INTO `productdetails` VALUES (6, 2, 2, 100, 2230);
INSERT INTO `productdetails` VALUES (6, 2, 2, 101, 2252);
INSERT INTO `productdetails` VALUES (6, 2, 2, 102, 2274);
INSERT INTO `productdetails` VALUES (6, 2, 2, 103, 2296);
INSERT INTO `productdetails` VALUES (6, 2, 2, 104, 2318);
INSERT INTO `productdetails` VALUES (6, 2, 2, 105, 2340);
INSERT INTO `productdetails` VALUES (6, 2, 2, 106, 2362);
INSERT INTO `productdetails` VALUES (6, 2, 2, 107, 2384);
INSERT INTO `productdetails` VALUES (6, 2, 2, 108, 2406);
INSERT INTO `productdetails` VALUES (6, 2, 2, 109, 2428);
INSERT INTO `productdetails` VALUES (6, 2, 2, 110, 2450);
INSERT INTO `productdetails` VALUES (6, 2, 2, 111, 2472);
INSERT INTO `productdetails` VALUES (6, 2, 2, 112, 2494);
INSERT INTO `productdetails` VALUES (6, 2, 2, 113, 2516);
INSERT INTO `productdetails` VALUES (6, 2, 2, 114, 2538);
INSERT INTO `productdetails` VALUES (6, 2, 2, 115, 2560);
INSERT INTO `productdetails` VALUES (6, 2, 2, 116, 2582);
INSERT INTO `productdetails` VALUES (6, 2, 2, 117, 2604);
INSERT INTO `productdetails` VALUES (6, 2, 2, 118, 2626);
INSERT INTO `productdetails` VALUES (6, 2, 2, 119, 2648);
INSERT INTO `productdetails` VALUES (6, 2, 2, 120, 2670);
INSERT INTO `productdetails` VALUES (6, 2, 2, 121, 2692);
INSERT INTO `productdetails` VALUES (6, 2, 2, 122, 2714);
INSERT INTO `productdetails` VALUES (6, 2, 2, 123, 2736);
INSERT INTO `productdetails` VALUES (6, 2, 2, 124, 2758);
INSERT INTO `productdetails` VALUES (6, 2, 2, 125, 2780);
INSERT INTO `productdetails` VALUES (6, 2, 2, 126, 2802);
INSERT INTO `productdetails` VALUES (6, 2, 2, 127, 2824);
INSERT INTO `productdetails` VALUES (6, 2, 2, 128, 2846);
INSERT INTO `productdetails` VALUES (6, 2, 2, 129, 2868);
INSERT INTO `productdetails` VALUES (6, 2, 2, 130, 2890);
INSERT INTO `productdetails` VALUES (6, 2, 2, 131, 2912);
INSERT INTO `productdetails` VALUES (6, 2, 2, 132, 2934);
INSERT INTO `productdetails` VALUES (6, 2, 2, 133, 2956);
INSERT INTO `productdetails` VALUES (6, 2, 2, 134, 2978);
INSERT INTO `productdetails` VALUES (6, 2, 2, 135, 3000);
INSERT INTO `productdetails` VALUES (6, 2, 2, 136, 3022);
INSERT INTO `productdetails` VALUES (6, 2, 2, 137, 3044);
INSERT INTO `productdetails` VALUES (6, 2, 2, 138, 3066);
INSERT INTO `productdetails` VALUES (6, 2, 2, 139, 3088);
INSERT INTO `productdetails` VALUES (6, 2, 2, 140, 3110);
INSERT INTO `productdetails` VALUES (6, 2, 2, 141, 3132);
INSERT INTO `productdetails` VALUES (6, 2, 2, 142, 3154);
INSERT INTO `productdetails` VALUES (6, 2, 2, 143, 3176);
INSERT INTO `productdetails` VALUES (6, 2, 2, 144, 3198);
INSERT INTO `productdetails` VALUES (6, 2, 2, 145, 3220);
INSERT INTO `productdetails` VALUES (6, 2, 2, 146, 3242);
INSERT INTO `productdetails` VALUES (6, 2, 2, 147, 3264);
INSERT INTO `productdetails` VALUES (6, 2, 2, 148, 3286);
INSERT INTO `productdetails` VALUES (6, 2, 2, 149, 3308);
INSERT INTO `productdetails` VALUES (6, 2, 2, 150, 3330);
INSERT INTO `productdetails` VALUES (7, 2, 2, 2, 29);
INSERT INTO `productdetails` VALUES (8, 2, 2, 3, 56);
INSERT INTO `productdetails` VALUES (9, 2, 2, 4, 83);
INSERT INTO `productdetails` VALUES (10, NULL, NULL, 163, 3352);
INSERT INTO `productdetails` VALUES (10, NULL, NULL, 164, 3378);
INSERT INTO `productdetails` VALUES (10, NULL, NULL, 165, 3403);
INSERT INTO `productdetails` VALUES (10, 2, 2, 5, 110);
INSERT INTO `productdetails` VALUES (11, 3, NULL, 1, 3);
INSERT INTO `productdetails` VALUES (11, 3, NULL, 6, 138);
INSERT INTO `productdetails` VALUES (11, 3, NULL, 7, 165);
INSERT INTO `productdetails` VALUES (11, 3, NULL, 8, 192);
INSERT INTO `productdetails` VALUES (11, 3, NULL, 9, 219);
INSERT INTO `productdetails` VALUES (11, 3, NULL, 10, 246);
INSERT INTO `productdetails` VALUES (11, 3, NULL, 11, 273);
INSERT INTO `productdetails` VALUES (11, 3, NULL, 12, 295);
INSERT INTO `productdetails` VALUES (11, 3, NULL, 13, 317);
INSERT INTO `productdetails` VALUES (11, 3, NULL, 14, 339);
INSERT INTO `productdetails` VALUES (11, 3, NULL, 15, 361);
INSERT INTO `productdetails` VALUES (11, 3, NULL, 16, 383);
INSERT INTO `productdetails` VALUES (11, 3, NULL, 17, 405);
INSERT INTO `productdetails` VALUES (11, 3, NULL, 18, 427);
INSERT INTO `productdetails` VALUES (11, 3, NULL, 19, 449);
INSERT INTO `productdetails` VALUES (11, 3, NULL, 20, 471);
INSERT INTO `productdetails` VALUES (11, 3, NULL, 21, 493);
INSERT INTO `productdetails` VALUES (11, 3, NULL, 22, 515);
INSERT INTO `productdetails` VALUES (11, 3, NULL, 23, 537);
INSERT INTO `productdetails` VALUES (11, 3, NULL, 24, 559);
INSERT INTO `productdetails` VALUES (11, 3, NULL, 25, 581);
INSERT INTO `productdetails` VALUES (11, 3, NULL, 26, 603);
INSERT INTO `productdetails` VALUES (11, 3, NULL, 27, 625);
INSERT INTO `productdetails` VALUES (11, 3, NULL, 28, 647);
INSERT INTO `productdetails` VALUES (11, 3, NULL, 29, 669);
INSERT INTO `productdetails` VALUES (11, 3, NULL, 30, 691);
INSERT INTO `productdetails` VALUES (11, 3, NULL, 31, 713);
INSERT INTO `productdetails` VALUES (11, 3, NULL, 32, 735);
INSERT INTO `productdetails` VALUES (11, 3, NULL, 33, 757);
INSERT INTO `productdetails` VALUES (11, 3, NULL, 34, 779);
INSERT INTO `productdetails` VALUES (11, 3, NULL, 35, 801);
INSERT INTO `productdetails` VALUES (11, 3, NULL, 36, 823);
INSERT INTO `productdetails` VALUES (11, 3, NULL, 37, 845);
INSERT INTO `productdetails` VALUES (11, 3, NULL, 38, 867);
INSERT INTO `productdetails` VALUES (11, 3, NULL, 39, 889);
INSERT INTO `productdetails` VALUES (11, 3, NULL, 40, 911);
INSERT INTO `productdetails` VALUES (11, 3, NULL, 41, 933);
INSERT INTO `productdetails` VALUES (11, 3, NULL, 42, 955);
INSERT INTO `productdetails` VALUES (11, 3, NULL, 43, 977);
INSERT INTO `productdetails` VALUES (11, 3, NULL, 44, 999);
INSERT INTO `productdetails` VALUES (11, 3, NULL, 45, 1021);
INSERT INTO `productdetails` VALUES (11, 3, NULL, 46, 1043);
INSERT INTO `productdetails` VALUES (11, 3, NULL, 47, 1065);
INSERT INTO `productdetails` VALUES (11, 3, NULL, 48, 1087);
INSERT INTO `productdetails` VALUES (11, 3, NULL, 49, 1109);
INSERT INTO `productdetails` VALUES (11, 3, NULL, 50, 1131);
INSERT INTO `productdetails` VALUES (11, 3, NULL, 51, 1153);
INSERT INTO `productdetails` VALUES (11, 3, NULL, 52, 1175);
INSERT INTO `productdetails` VALUES (11, 3, NULL, 53, 1197);
INSERT INTO `productdetails` VALUES (11, 3, NULL, 54, 1219);
INSERT INTO `productdetails` VALUES (11, 3, NULL, 55, 1241);
INSERT INTO `productdetails` VALUES (11, 3, NULL, 56, 1263);
INSERT INTO `productdetails` VALUES (11, 3, NULL, 57, 1285);
INSERT INTO `productdetails` VALUES (11, 3, NULL, 58, 1307);
INSERT INTO `productdetails` VALUES (11, 3, NULL, 59, 1329);
INSERT INTO `productdetails` VALUES (11, 3, NULL, 60, 1351);
INSERT INTO `productdetails` VALUES (11, 3, NULL, 61, 1373);
INSERT INTO `productdetails` VALUES (11, 3, NULL, 62, 1395);
INSERT INTO `productdetails` VALUES (11, 3, NULL, 63, 1417);
INSERT INTO `productdetails` VALUES (11, 3, NULL, 64, 1439);
INSERT INTO `productdetails` VALUES (11, 3, NULL, 65, 1461);
INSERT INTO `productdetails` VALUES (11, 3, NULL, 66, 1483);
INSERT INTO `productdetails` VALUES (11, 3, NULL, 67, 1505);
INSERT INTO `productdetails` VALUES (11, 3, NULL, 68, 1527);
INSERT INTO `productdetails` VALUES (11, 3, NULL, 69, 1549);
INSERT INTO `productdetails` VALUES (11, 3, NULL, 70, 1571);
INSERT INTO `productdetails` VALUES (11, 3, NULL, 71, 1593);
INSERT INTO `productdetails` VALUES (11, 3, NULL, 72, 1615);
INSERT INTO `productdetails` VALUES (11, 3, NULL, 73, 1637);
INSERT INTO `productdetails` VALUES (11, 3, NULL, 74, 1659);
INSERT INTO `productdetails` VALUES (11, 3, NULL, 75, 1681);
INSERT INTO `productdetails` VALUES (11, 3, NULL, 76, 1703);
INSERT INTO `productdetails` VALUES (11, 3, NULL, 77, 1725);
INSERT INTO `productdetails` VALUES (11, 3, NULL, 78, 1747);
INSERT INTO `productdetails` VALUES (11, 3, NULL, 79, 1769);
INSERT INTO `productdetails` VALUES (11, 3, NULL, 80, 1791);
INSERT INTO `productdetails` VALUES (11, 3, NULL, 81, 1813);
INSERT INTO `productdetails` VALUES (11, 3, NULL, 82, 1835);
INSERT INTO `productdetails` VALUES (11, 3, NULL, 83, 1857);
INSERT INTO `productdetails` VALUES (11, 3, NULL, 84, 1879);
INSERT INTO `productdetails` VALUES (11, 3, NULL, 85, 1901);
INSERT INTO `productdetails` VALUES (11, 3, NULL, 86, 1923);
INSERT INTO `productdetails` VALUES (11, 3, NULL, 87, 1945);
INSERT INTO `productdetails` VALUES (11, 3, NULL, 88, 1967);
INSERT INTO `productdetails` VALUES (11, 3, NULL, 89, 1989);
INSERT INTO `productdetails` VALUES (11, 3, NULL, 90, 2011);
INSERT INTO `productdetails` VALUES (11, 3, NULL, 91, 2033);
INSERT INTO `productdetails` VALUES (11, 3, NULL, 92, 2055);
INSERT INTO `productdetails` VALUES (11, 3, NULL, 93, 2077);
INSERT INTO `productdetails` VALUES (11, 3, NULL, 94, 2099);
INSERT INTO `productdetails` VALUES (11, 3, NULL, 95, 2121);
INSERT INTO `productdetails` VALUES (11, 3, NULL, 96, 2143);
INSERT INTO `productdetails` VALUES (11, 3, NULL, 97, 2165);
INSERT INTO `productdetails` VALUES (11, 3, NULL, 98, 2187);
INSERT INTO `productdetails` VALUES (11, 3, NULL, 99, 2209);
INSERT INTO `productdetails` VALUES (11, 3, NULL, 100, 2231);
INSERT INTO `productdetails` VALUES (11, 3, NULL, 101, 2253);
INSERT INTO `productdetails` VALUES (11, 3, NULL, 102, 2275);
INSERT INTO `productdetails` VALUES (11, 3, NULL, 103, 2297);
INSERT INTO `productdetails` VALUES (11, 3, NULL, 104, 2319);
INSERT INTO `productdetails` VALUES (11, 3, NULL, 105, 2341);
INSERT INTO `productdetails` VALUES (11, 3, NULL, 106, 2363);
INSERT INTO `productdetails` VALUES (11, 3, NULL, 107, 2385);
INSERT INTO `productdetails` VALUES (11, 3, NULL, 108, 2407);
INSERT INTO `productdetails` VALUES (11, 3, NULL, 109, 2429);
INSERT INTO `productdetails` VALUES (11, 3, NULL, 110, 2451);
INSERT INTO `productdetails` VALUES (11, 3, NULL, 111, 2473);
INSERT INTO `productdetails` VALUES (11, 3, NULL, 112, 2495);
INSERT INTO `productdetails` VALUES (11, 3, NULL, 113, 2517);
INSERT INTO `productdetails` VALUES (11, 3, NULL, 114, 2539);
INSERT INTO `productdetails` VALUES (11, 3, NULL, 115, 2561);
INSERT INTO `productdetails` VALUES (11, 3, NULL, 116, 2583);
INSERT INTO `productdetails` VALUES (11, 3, NULL, 117, 2605);
INSERT INTO `productdetails` VALUES (11, 3, NULL, 118, 2627);
INSERT INTO `productdetails` VALUES (11, 3, NULL, 119, 2649);
INSERT INTO `productdetails` VALUES (11, 3, NULL, 120, 2671);
INSERT INTO `productdetails` VALUES (11, 3, NULL, 121, 2693);
INSERT INTO `productdetails` VALUES (11, 3, NULL, 122, 2715);
INSERT INTO `productdetails` VALUES (11, 3, NULL, 123, 2737);
INSERT INTO `productdetails` VALUES (11, 3, NULL, 124, 2759);
INSERT INTO `productdetails` VALUES (11, 3, NULL, 125, 2781);
INSERT INTO `productdetails` VALUES (11, 3, NULL, 126, 2803);
INSERT INTO `productdetails` VALUES (11, 3, NULL, 127, 2825);
INSERT INTO `productdetails` VALUES (11, 3, NULL, 128, 2847);
INSERT INTO `productdetails` VALUES (11, 3, NULL, 129, 2869);
INSERT INTO `productdetails` VALUES (11, 3, NULL, 130, 2891);
INSERT INTO `productdetails` VALUES (11, 3, NULL, 131, 2913);
INSERT INTO `productdetails` VALUES (11, 3, NULL, 132, 2935);
INSERT INTO `productdetails` VALUES (11, 3, NULL, 133, 2957);
INSERT INTO `productdetails` VALUES (11, 3, NULL, 134, 2979);
INSERT INTO `productdetails` VALUES (11, 3, NULL, 135, 3001);
INSERT INTO `productdetails` VALUES (11, 3, NULL, 136, 3023);
INSERT INTO `productdetails` VALUES (11, 3, NULL, 137, 3045);
INSERT INTO `productdetails` VALUES (11, 3, NULL, 138, 3067);
INSERT INTO `productdetails` VALUES (11, 3, NULL, 139, 3089);
INSERT INTO `productdetails` VALUES (11, 3, NULL, 140, 3111);
INSERT INTO `productdetails` VALUES (11, 3, NULL, 141, 3133);
INSERT INTO `productdetails` VALUES (11, 3, NULL, 142, 3155);
INSERT INTO `productdetails` VALUES (11, 3, NULL, 143, 3177);
INSERT INTO `productdetails` VALUES (11, 3, NULL, 144, 3199);
INSERT INTO `productdetails` VALUES (11, 3, NULL, 145, 3221);
INSERT INTO `productdetails` VALUES (11, 3, NULL, 146, 3243);
INSERT INTO `productdetails` VALUES (11, 3, NULL, 147, 3265);
INSERT INTO `productdetails` VALUES (11, 3, NULL, 148, 3287);
INSERT INTO `productdetails` VALUES (11, 3, NULL, 149, 3309);
INSERT INTO `productdetails` VALUES (11, 3, NULL, 150, 3331);
INSERT INTO `productdetails` VALUES (12, 3, NULL, 2, 30);
INSERT INTO `productdetails` VALUES (13, 3, NULL, 3, 57);
INSERT INTO `productdetails` VALUES (14, 3, NULL, 4, 84);
INSERT INTO `productdetails` VALUES (15, NULL, NULL, 163, 3353);
INSERT INTO `productdetails` VALUES (15, NULL, NULL, 164, 3379);
INSERT INTO `productdetails` VALUES (15, NULL, NULL, 165, 3404);
INSERT INTO `productdetails` VALUES (15, NULL, NULL, 166, 3427);
INSERT INTO `productdetails` VALUES (15, 3, NULL, 5, 111);
INSERT INTO `productdetails` VALUES (16, NULL, NULL, 1, 4);
INSERT INTO `productdetails` VALUES (16, NULL, NULL, 6, 139);
INSERT INTO `productdetails` VALUES (16, NULL, NULL, 7, 166);
INSERT INTO `productdetails` VALUES (16, NULL, NULL, 8, 193);
INSERT INTO `productdetails` VALUES (16, NULL, NULL, 9, 220);
INSERT INTO `productdetails` VALUES (16, NULL, NULL, 10, 247);
INSERT INTO `productdetails` VALUES (16, NULL, NULL, 11, 274);
INSERT INTO `productdetails` VALUES (16, NULL, NULL, 12, 296);
INSERT INTO `productdetails` VALUES (16, NULL, NULL, 13, 318);
INSERT INTO `productdetails` VALUES (16, NULL, NULL, 14, 340);
INSERT INTO `productdetails` VALUES (16, NULL, NULL, 15, 362);
INSERT INTO `productdetails` VALUES (16, NULL, NULL, 16, 384);
INSERT INTO `productdetails` VALUES (16, NULL, NULL, 17, 406);
INSERT INTO `productdetails` VALUES (16, NULL, NULL, 18, 428);
INSERT INTO `productdetails` VALUES (16, NULL, NULL, 19, 450);
INSERT INTO `productdetails` VALUES (16, NULL, NULL, 20, 472);
INSERT INTO `productdetails` VALUES (16, NULL, NULL, 21, 494);
INSERT INTO `productdetails` VALUES (16, NULL, NULL, 22, 516);
INSERT INTO `productdetails` VALUES (16, NULL, NULL, 23, 538);
INSERT INTO `productdetails` VALUES (16, NULL, NULL, 24, 560);
INSERT INTO `productdetails` VALUES (16, NULL, NULL, 25, 582);
INSERT INTO `productdetails` VALUES (16, NULL, NULL, 26, 604);
INSERT INTO `productdetails` VALUES (16, NULL, NULL, 27, 626);
INSERT INTO `productdetails` VALUES (16, NULL, NULL, 28, 648);
INSERT INTO `productdetails` VALUES (16, NULL, NULL, 29, 670);
INSERT INTO `productdetails` VALUES (16, NULL, NULL, 30, 692);
INSERT INTO `productdetails` VALUES (16, NULL, NULL, 31, 714);
INSERT INTO `productdetails` VALUES (16, NULL, NULL, 32, 736);
INSERT INTO `productdetails` VALUES (16, NULL, NULL, 33, 758);
INSERT INTO `productdetails` VALUES (16, NULL, NULL, 34, 780);
INSERT INTO `productdetails` VALUES (16, NULL, NULL, 35, 802);
INSERT INTO `productdetails` VALUES (16, NULL, NULL, 36, 824);
INSERT INTO `productdetails` VALUES (16, NULL, NULL, 37, 846);
INSERT INTO `productdetails` VALUES (16, NULL, NULL, 38, 868);
INSERT INTO `productdetails` VALUES (16, NULL, NULL, 39, 890);
INSERT INTO `productdetails` VALUES (16, NULL, NULL, 40, 912);
INSERT INTO `productdetails` VALUES (16, NULL, NULL, 41, 934);
INSERT INTO `productdetails` VALUES (16, NULL, NULL, 42, 956);
INSERT INTO `productdetails` VALUES (16, NULL, NULL, 43, 978);
INSERT INTO `productdetails` VALUES (16, NULL, NULL, 44, 1000);
INSERT INTO `productdetails` VALUES (16, NULL, NULL, 45, 1022);
INSERT INTO `productdetails` VALUES (16, NULL, NULL, 46, 1044);
INSERT INTO `productdetails` VALUES (16, NULL, NULL, 47, 1066);
INSERT INTO `productdetails` VALUES (16, NULL, NULL, 48, 1088);
INSERT INTO `productdetails` VALUES (16, NULL, NULL, 49, 1110);
INSERT INTO `productdetails` VALUES (16, NULL, NULL, 50, 1132);
INSERT INTO `productdetails` VALUES (16, NULL, NULL, 51, 1154);
INSERT INTO `productdetails` VALUES (16, NULL, NULL, 52, 1176);
INSERT INTO `productdetails` VALUES (16, NULL, NULL, 53, 1198);
INSERT INTO `productdetails` VALUES (16, NULL, NULL, 54, 1220);
INSERT INTO `productdetails` VALUES (16, NULL, NULL, 55, 1242);
INSERT INTO `productdetails` VALUES (16, NULL, NULL, 56, 1264);
INSERT INTO `productdetails` VALUES (16, NULL, NULL, 57, 1286);
INSERT INTO `productdetails` VALUES (16, NULL, NULL, 58, 1308);
INSERT INTO `productdetails` VALUES (16, NULL, NULL, 59, 1330);
INSERT INTO `productdetails` VALUES (16, NULL, NULL, 60, 1352);
INSERT INTO `productdetails` VALUES (16, NULL, NULL, 61, 1374);
INSERT INTO `productdetails` VALUES (16, NULL, NULL, 62, 1396);
INSERT INTO `productdetails` VALUES (16, NULL, NULL, 63, 1418);
INSERT INTO `productdetails` VALUES (16, NULL, NULL, 64, 1440);
INSERT INTO `productdetails` VALUES (16, NULL, NULL, 65, 1462);
INSERT INTO `productdetails` VALUES (16, NULL, NULL, 66, 1484);
INSERT INTO `productdetails` VALUES (16, NULL, NULL, 67, 1506);
INSERT INTO `productdetails` VALUES (16, NULL, NULL, 68, 1528);
INSERT INTO `productdetails` VALUES (16, NULL, NULL, 69, 1550);
INSERT INTO `productdetails` VALUES (16, NULL, NULL, 70, 1572);
INSERT INTO `productdetails` VALUES (16, NULL, NULL, 71, 1594);
INSERT INTO `productdetails` VALUES (16, NULL, NULL, 72, 1616);
INSERT INTO `productdetails` VALUES (16, NULL, NULL, 73, 1638);
INSERT INTO `productdetails` VALUES (16, NULL, NULL, 74, 1660);
INSERT INTO `productdetails` VALUES (16, NULL, NULL, 75, 1682);
INSERT INTO `productdetails` VALUES (16, NULL, NULL, 76, 1704);
INSERT INTO `productdetails` VALUES (16, NULL, NULL, 77, 1726);
INSERT INTO `productdetails` VALUES (16, NULL, NULL, 78, 1748);
INSERT INTO `productdetails` VALUES (16, NULL, NULL, 79, 1770);
INSERT INTO `productdetails` VALUES (16, NULL, NULL, 80, 1792);
INSERT INTO `productdetails` VALUES (16, NULL, NULL, 81, 1814);
INSERT INTO `productdetails` VALUES (16, NULL, NULL, 82, 1836);
INSERT INTO `productdetails` VALUES (16, NULL, NULL, 83, 1858);
INSERT INTO `productdetails` VALUES (16, NULL, NULL, 84, 1880);
INSERT INTO `productdetails` VALUES (16, NULL, NULL, 85, 1902);
INSERT INTO `productdetails` VALUES (16, NULL, NULL, 86, 1924);
INSERT INTO `productdetails` VALUES (16, NULL, NULL, 87, 1946);
INSERT INTO `productdetails` VALUES (16, NULL, NULL, 88, 1968);
INSERT INTO `productdetails` VALUES (16, NULL, NULL, 89, 1990);
INSERT INTO `productdetails` VALUES (16, NULL, NULL, 90, 2012);
INSERT INTO `productdetails` VALUES (16, NULL, NULL, 91, 2034);
INSERT INTO `productdetails` VALUES (16, NULL, NULL, 92, 2056);
INSERT INTO `productdetails` VALUES (16, NULL, NULL, 93, 2078);
INSERT INTO `productdetails` VALUES (16, NULL, NULL, 94, 2100);
INSERT INTO `productdetails` VALUES (16, NULL, NULL, 95, 2122);
INSERT INTO `productdetails` VALUES (16, NULL, NULL, 96, 2144);
INSERT INTO `productdetails` VALUES (16, NULL, NULL, 97, 2166);
INSERT INTO `productdetails` VALUES (16, NULL, NULL, 98, 2188);
INSERT INTO `productdetails` VALUES (16, NULL, NULL, 99, 2210);
INSERT INTO `productdetails` VALUES (16, NULL, NULL, 100, 2232);
INSERT INTO `productdetails` VALUES (16, NULL, NULL, 101, 2254);
INSERT INTO `productdetails` VALUES (16, NULL, NULL, 102, 2276);
INSERT INTO `productdetails` VALUES (16, NULL, NULL, 103, 2298);
INSERT INTO `productdetails` VALUES (16, NULL, NULL, 104, 2320);
INSERT INTO `productdetails` VALUES (16, NULL, NULL, 105, 2342);
INSERT INTO `productdetails` VALUES (16, NULL, NULL, 106, 2364);
INSERT INTO `productdetails` VALUES (16, NULL, NULL, 107, 2386);
INSERT INTO `productdetails` VALUES (16, NULL, NULL, 108, 2408);
INSERT INTO `productdetails` VALUES (16, NULL, NULL, 109, 2430);
INSERT INTO `productdetails` VALUES (16, NULL, NULL, 110, 2452);
INSERT INTO `productdetails` VALUES (16, NULL, NULL, 111, 2474);
INSERT INTO `productdetails` VALUES (16, NULL, NULL, 112, 2496);
INSERT INTO `productdetails` VALUES (16, NULL, NULL, 113, 2518);
INSERT INTO `productdetails` VALUES (16, NULL, NULL, 114, 2540);
INSERT INTO `productdetails` VALUES (16, NULL, NULL, 115, 2562);
INSERT INTO `productdetails` VALUES (16, NULL, NULL, 116, 2584);
INSERT INTO `productdetails` VALUES (16, NULL, NULL, 117, 2606);
INSERT INTO `productdetails` VALUES (16, NULL, NULL, 118, 2628);
INSERT INTO `productdetails` VALUES (16, NULL, NULL, 119, 2650);
INSERT INTO `productdetails` VALUES (16, NULL, NULL, 120, 2672);
INSERT INTO `productdetails` VALUES (16, NULL, NULL, 121, 2694);
INSERT INTO `productdetails` VALUES (16, NULL, NULL, 122, 2716);
INSERT INTO `productdetails` VALUES (16, NULL, NULL, 123, 2738);
INSERT INTO `productdetails` VALUES (16, NULL, NULL, 124, 2760);
INSERT INTO `productdetails` VALUES (16, NULL, NULL, 125, 2782);
INSERT INTO `productdetails` VALUES (16, NULL, NULL, 126, 2804);
INSERT INTO `productdetails` VALUES (16, NULL, NULL, 127, 2826);
INSERT INTO `productdetails` VALUES (16, NULL, NULL, 128, 2848);
INSERT INTO `productdetails` VALUES (16, NULL, NULL, 129, 2870);
INSERT INTO `productdetails` VALUES (16, NULL, NULL, 130, 2892);
INSERT INTO `productdetails` VALUES (16, NULL, NULL, 131, 2914);
INSERT INTO `productdetails` VALUES (16, NULL, NULL, 132, 2936);
INSERT INTO `productdetails` VALUES (16, NULL, NULL, 133, 2958);
INSERT INTO `productdetails` VALUES (16, NULL, NULL, 134, 2980);
INSERT INTO `productdetails` VALUES (16, NULL, NULL, 135, 3002);
INSERT INTO `productdetails` VALUES (16, NULL, NULL, 136, 3024);
INSERT INTO `productdetails` VALUES (16, NULL, NULL, 137, 3046);
INSERT INTO `productdetails` VALUES (16, NULL, NULL, 138, 3068);
INSERT INTO `productdetails` VALUES (16, NULL, NULL, 139, 3090);
INSERT INTO `productdetails` VALUES (16, NULL, NULL, 140, 3112);
INSERT INTO `productdetails` VALUES (16, NULL, NULL, 141, 3134);
INSERT INTO `productdetails` VALUES (16, NULL, NULL, 142, 3156);
INSERT INTO `productdetails` VALUES (16, NULL, NULL, 143, 3178);
INSERT INTO `productdetails` VALUES (16, NULL, NULL, 144, 3200);
INSERT INTO `productdetails` VALUES (16, NULL, NULL, 145, 3222);
INSERT INTO `productdetails` VALUES (16, NULL, NULL, 146, 3244);
INSERT INTO `productdetails` VALUES (16, NULL, NULL, 147, 3266);
INSERT INTO `productdetails` VALUES (16, NULL, NULL, 148, 3288);
INSERT INTO `productdetails` VALUES (16, NULL, NULL, 149, 3310);
INSERT INTO `productdetails` VALUES (16, NULL, NULL, 150, 3332);
INSERT INTO `productdetails` VALUES (17, NULL, NULL, 2, 31);
INSERT INTO `productdetails` VALUES (18, NULL, NULL, 3, 58);
INSERT INTO `productdetails` VALUES (18, NULL, NULL, 166, 3428);
INSERT INTO `productdetails` VALUES (19, NULL, NULL, 4, 85);
INSERT INTO `productdetails` VALUES (20, NULL, NULL, 5, 112);
INSERT INTO `productdetails` VALUES (20, NULL, NULL, 163, 3354);
INSERT INTO `productdetails` VALUES (20, NULL, NULL, 164, 3380);
INSERT INTO `productdetails` VALUES (20, NULL, NULL, 165, 3405);
INSERT INTO `productdetails` VALUES (21, NULL, NULL, 1, 5);
INSERT INTO `productdetails` VALUES (21, NULL, NULL, 6, 140);
INSERT INTO `productdetails` VALUES (21, NULL, NULL, 7, 167);
INSERT INTO `productdetails` VALUES (21, NULL, NULL, 8, 194);
INSERT INTO `productdetails` VALUES (21, NULL, NULL, 9, 221);
INSERT INTO `productdetails` VALUES (21, NULL, NULL, 10, 248);
INSERT INTO `productdetails` VALUES (21, NULL, NULL, 11, 275);
INSERT INTO `productdetails` VALUES (21, NULL, NULL, 12, 297);
INSERT INTO `productdetails` VALUES (21, NULL, NULL, 13, 319);
INSERT INTO `productdetails` VALUES (21, NULL, NULL, 14, 341);
INSERT INTO `productdetails` VALUES (21, NULL, NULL, 15, 363);
INSERT INTO `productdetails` VALUES (21, NULL, NULL, 16, 385);
INSERT INTO `productdetails` VALUES (21, NULL, NULL, 17, 407);
INSERT INTO `productdetails` VALUES (21, NULL, NULL, 18, 429);
INSERT INTO `productdetails` VALUES (21, NULL, NULL, 19, 451);
INSERT INTO `productdetails` VALUES (21, NULL, NULL, 20, 473);
INSERT INTO `productdetails` VALUES (21, NULL, NULL, 21, 495);
INSERT INTO `productdetails` VALUES (21, NULL, NULL, 22, 517);
INSERT INTO `productdetails` VALUES (21, NULL, NULL, 23, 539);
INSERT INTO `productdetails` VALUES (21, NULL, NULL, 24, 561);
INSERT INTO `productdetails` VALUES (21, NULL, NULL, 25, 583);
INSERT INTO `productdetails` VALUES (21, NULL, NULL, 26, 605);
INSERT INTO `productdetails` VALUES (21, NULL, NULL, 27, 627);
INSERT INTO `productdetails` VALUES (21, NULL, NULL, 28, 649);
INSERT INTO `productdetails` VALUES (21, NULL, NULL, 29, 671);
INSERT INTO `productdetails` VALUES (21, NULL, NULL, 30, 693);
INSERT INTO `productdetails` VALUES (21, NULL, NULL, 31, 715);
INSERT INTO `productdetails` VALUES (21, NULL, NULL, 32, 737);
INSERT INTO `productdetails` VALUES (21, NULL, NULL, 33, 759);
INSERT INTO `productdetails` VALUES (21, NULL, NULL, 34, 781);
INSERT INTO `productdetails` VALUES (21, NULL, NULL, 35, 803);
INSERT INTO `productdetails` VALUES (21, NULL, NULL, 36, 825);
INSERT INTO `productdetails` VALUES (21, NULL, NULL, 37, 847);
INSERT INTO `productdetails` VALUES (21, NULL, NULL, 38, 869);
INSERT INTO `productdetails` VALUES (21, NULL, NULL, 39, 891);
INSERT INTO `productdetails` VALUES (21, NULL, NULL, 40, 913);
INSERT INTO `productdetails` VALUES (21, NULL, NULL, 41, 935);
INSERT INTO `productdetails` VALUES (21, NULL, NULL, 42, 957);
INSERT INTO `productdetails` VALUES (21, NULL, NULL, 43, 979);
INSERT INTO `productdetails` VALUES (21, NULL, NULL, 44, 1001);
INSERT INTO `productdetails` VALUES (21, NULL, NULL, 45, 1023);
INSERT INTO `productdetails` VALUES (21, NULL, NULL, 46, 1045);
INSERT INTO `productdetails` VALUES (21, NULL, NULL, 47, 1067);
INSERT INTO `productdetails` VALUES (21, NULL, NULL, 48, 1089);
INSERT INTO `productdetails` VALUES (21, NULL, NULL, 49, 1111);
INSERT INTO `productdetails` VALUES (21, NULL, NULL, 50, 1133);
INSERT INTO `productdetails` VALUES (21, NULL, NULL, 51, 1155);
INSERT INTO `productdetails` VALUES (21, NULL, NULL, 52, 1177);
INSERT INTO `productdetails` VALUES (21, NULL, NULL, 53, 1199);
INSERT INTO `productdetails` VALUES (21, NULL, NULL, 54, 1221);
INSERT INTO `productdetails` VALUES (21, NULL, NULL, 55, 1243);
INSERT INTO `productdetails` VALUES (21, NULL, NULL, 56, 1265);
INSERT INTO `productdetails` VALUES (21, NULL, NULL, 57, 1287);
INSERT INTO `productdetails` VALUES (21, NULL, NULL, 58, 1309);
INSERT INTO `productdetails` VALUES (21, NULL, NULL, 59, 1331);
INSERT INTO `productdetails` VALUES (21, NULL, NULL, 60, 1353);
INSERT INTO `productdetails` VALUES (21, NULL, NULL, 61, 1375);
INSERT INTO `productdetails` VALUES (21, NULL, NULL, 62, 1397);
INSERT INTO `productdetails` VALUES (21, NULL, NULL, 63, 1419);
INSERT INTO `productdetails` VALUES (21, NULL, NULL, 64, 1441);
INSERT INTO `productdetails` VALUES (21, NULL, NULL, 65, 1463);
INSERT INTO `productdetails` VALUES (21, NULL, NULL, 66, 1485);
INSERT INTO `productdetails` VALUES (21, NULL, NULL, 67, 1507);
INSERT INTO `productdetails` VALUES (21, NULL, NULL, 68, 1529);
INSERT INTO `productdetails` VALUES (21, NULL, NULL, 69, 1551);
INSERT INTO `productdetails` VALUES (21, NULL, NULL, 70, 1573);
INSERT INTO `productdetails` VALUES (21, NULL, NULL, 71, 1595);
INSERT INTO `productdetails` VALUES (21, NULL, NULL, 72, 1617);
INSERT INTO `productdetails` VALUES (21, NULL, NULL, 73, 1639);
INSERT INTO `productdetails` VALUES (21, NULL, NULL, 74, 1661);
INSERT INTO `productdetails` VALUES (21, NULL, NULL, 75, 1683);
INSERT INTO `productdetails` VALUES (21, NULL, NULL, 76, 1705);
INSERT INTO `productdetails` VALUES (21, NULL, NULL, 77, 1727);
INSERT INTO `productdetails` VALUES (21, NULL, NULL, 78, 1749);
INSERT INTO `productdetails` VALUES (21, NULL, NULL, 79, 1771);
INSERT INTO `productdetails` VALUES (21, NULL, NULL, 80, 1793);
INSERT INTO `productdetails` VALUES (21, NULL, NULL, 81, 1815);
INSERT INTO `productdetails` VALUES (21, NULL, NULL, 82, 1837);
INSERT INTO `productdetails` VALUES (21, NULL, NULL, 83, 1859);
INSERT INTO `productdetails` VALUES (21, NULL, NULL, 84, 1881);
INSERT INTO `productdetails` VALUES (21, NULL, NULL, 85, 1903);
INSERT INTO `productdetails` VALUES (21, NULL, NULL, 86, 1925);
INSERT INTO `productdetails` VALUES (21, NULL, NULL, 87, 1947);
INSERT INTO `productdetails` VALUES (21, NULL, NULL, 88, 1969);
INSERT INTO `productdetails` VALUES (21, NULL, NULL, 89, 1991);
INSERT INTO `productdetails` VALUES (21, NULL, NULL, 90, 2013);
INSERT INTO `productdetails` VALUES (21, NULL, NULL, 91, 2035);
INSERT INTO `productdetails` VALUES (21, NULL, NULL, 92, 2057);
INSERT INTO `productdetails` VALUES (21, NULL, NULL, 93, 2079);
INSERT INTO `productdetails` VALUES (21, NULL, NULL, 94, 2101);
INSERT INTO `productdetails` VALUES (21, NULL, NULL, 95, 2123);
INSERT INTO `productdetails` VALUES (21, NULL, NULL, 96, 2145);
INSERT INTO `productdetails` VALUES (21, NULL, NULL, 97, 2167);
INSERT INTO `productdetails` VALUES (21, NULL, NULL, 98, 2189);
INSERT INTO `productdetails` VALUES (21, NULL, NULL, 99, 2211);
INSERT INTO `productdetails` VALUES (21, NULL, NULL, 100, 2233);
INSERT INTO `productdetails` VALUES (21, NULL, NULL, 101, 2255);
INSERT INTO `productdetails` VALUES (21, NULL, NULL, 102, 2277);
INSERT INTO `productdetails` VALUES (21, NULL, NULL, 103, 2299);
INSERT INTO `productdetails` VALUES (21, NULL, NULL, 104, 2321);
INSERT INTO `productdetails` VALUES (21, NULL, NULL, 105, 2343);
INSERT INTO `productdetails` VALUES (21, NULL, NULL, 106, 2365);
INSERT INTO `productdetails` VALUES (21, NULL, NULL, 107, 2387);
INSERT INTO `productdetails` VALUES (21, NULL, NULL, 108, 2409);
INSERT INTO `productdetails` VALUES (21, NULL, NULL, 109, 2431);
INSERT INTO `productdetails` VALUES (21, NULL, NULL, 110, 2453);
INSERT INTO `productdetails` VALUES (21, NULL, NULL, 111, 2475);
INSERT INTO `productdetails` VALUES (21, NULL, NULL, 112, 2497);
INSERT INTO `productdetails` VALUES (21, NULL, NULL, 113, 2519);
INSERT INTO `productdetails` VALUES (21, NULL, NULL, 114, 2541);
INSERT INTO `productdetails` VALUES (21, NULL, NULL, 115, 2563);
INSERT INTO `productdetails` VALUES (21, NULL, NULL, 116, 2585);
INSERT INTO `productdetails` VALUES (21, NULL, NULL, 117, 2607);
INSERT INTO `productdetails` VALUES (21, NULL, NULL, 118, 2629);
INSERT INTO `productdetails` VALUES (21, NULL, NULL, 119, 2651);
INSERT INTO `productdetails` VALUES (21, NULL, NULL, 120, 2673);
INSERT INTO `productdetails` VALUES (21, NULL, NULL, 121, 2695);
INSERT INTO `productdetails` VALUES (21, NULL, NULL, 122, 2717);
INSERT INTO `productdetails` VALUES (21, NULL, NULL, 123, 2739);
INSERT INTO `productdetails` VALUES (21, NULL, NULL, 124, 2761);
INSERT INTO `productdetails` VALUES (21, NULL, NULL, 125, 2783);
INSERT INTO `productdetails` VALUES (21, NULL, NULL, 126, 2805);
INSERT INTO `productdetails` VALUES (21, NULL, NULL, 127, 2827);
INSERT INTO `productdetails` VALUES (21, NULL, NULL, 128, 2849);
INSERT INTO `productdetails` VALUES (21, NULL, NULL, 129, 2871);
INSERT INTO `productdetails` VALUES (21, NULL, NULL, 130, 2893);
INSERT INTO `productdetails` VALUES (21, NULL, NULL, 131, 2915);
INSERT INTO `productdetails` VALUES (21, NULL, NULL, 132, 2937);
INSERT INTO `productdetails` VALUES (21, NULL, NULL, 133, 2959);
INSERT INTO `productdetails` VALUES (21, NULL, NULL, 134, 2981);
INSERT INTO `productdetails` VALUES (21, NULL, NULL, 135, 3003);
INSERT INTO `productdetails` VALUES (21, NULL, NULL, 136, 3025);
INSERT INTO `productdetails` VALUES (21, NULL, NULL, 137, 3047);
INSERT INTO `productdetails` VALUES (21, NULL, NULL, 138, 3069);
INSERT INTO `productdetails` VALUES (21, NULL, NULL, 139, 3091);
INSERT INTO `productdetails` VALUES (21, NULL, NULL, 140, 3113);
INSERT INTO `productdetails` VALUES (21, NULL, NULL, 141, 3135);
INSERT INTO `productdetails` VALUES (21, NULL, NULL, 142, 3157);
INSERT INTO `productdetails` VALUES (21, NULL, NULL, 143, 3179);
INSERT INTO `productdetails` VALUES (21, NULL, NULL, 144, 3201);
INSERT INTO `productdetails` VALUES (21, NULL, NULL, 145, 3223);
INSERT INTO `productdetails` VALUES (21, NULL, NULL, 146, 3245);
INSERT INTO `productdetails` VALUES (21, NULL, NULL, 147, 3267);
INSERT INTO `productdetails` VALUES (21, NULL, NULL, 148, 3289);
INSERT INTO `productdetails` VALUES (21, NULL, NULL, 149, 3311);
INSERT INTO `productdetails` VALUES (21, NULL, NULL, 150, 3333);
INSERT INTO `productdetails` VALUES (22, NULL, NULL, 2, 32);
INSERT INTO `productdetails` VALUES (23, NULL, NULL, 3, 59);
INSERT INTO `productdetails` VALUES (24, NULL, NULL, 4, 86);
INSERT INTO `productdetails` VALUES (25, NULL, NULL, 5, 113);
INSERT INTO `productdetails` VALUES (25, NULL, NULL, 163, 3355);
INSERT INTO `productdetails` VALUES (25, NULL, NULL, 164, 3381);
INSERT INTO `productdetails` VALUES (25, NULL, NULL, 165, 3406);
INSERT INTO `productdetails` VALUES (25, NULL, NULL, 166, 3429);
INSERT INTO `productdetails` VALUES (26, NULL, NULL, 1, 6);
INSERT INTO `productdetails` VALUES (26, NULL, NULL, 6, 141);
INSERT INTO `productdetails` VALUES (26, NULL, NULL, 7, 168);
INSERT INTO `productdetails` VALUES (26, NULL, NULL, 8, 195);
INSERT INTO `productdetails` VALUES (26, NULL, NULL, 9, 222);
INSERT INTO `productdetails` VALUES (26, NULL, NULL, 10, 249);
INSERT INTO `productdetails` VALUES (26, NULL, NULL, 11, 276);
INSERT INTO `productdetails` VALUES (26, NULL, NULL, 12, 298);
INSERT INTO `productdetails` VALUES (26, NULL, NULL, 13, 320);
INSERT INTO `productdetails` VALUES (26, NULL, NULL, 14, 342);
INSERT INTO `productdetails` VALUES (26, NULL, NULL, 15, 364);
INSERT INTO `productdetails` VALUES (26, NULL, NULL, 16, 386);
INSERT INTO `productdetails` VALUES (26, NULL, NULL, 17, 408);
INSERT INTO `productdetails` VALUES (26, NULL, NULL, 18, 430);
INSERT INTO `productdetails` VALUES (26, NULL, NULL, 19, 452);
INSERT INTO `productdetails` VALUES (26, NULL, NULL, 20, 474);
INSERT INTO `productdetails` VALUES (26, NULL, NULL, 21, 496);
INSERT INTO `productdetails` VALUES (26, NULL, NULL, 22, 518);
INSERT INTO `productdetails` VALUES (26, NULL, NULL, 23, 540);
INSERT INTO `productdetails` VALUES (26, NULL, NULL, 24, 562);
INSERT INTO `productdetails` VALUES (26, NULL, NULL, 25, 584);
INSERT INTO `productdetails` VALUES (26, NULL, NULL, 26, 606);
INSERT INTO `productdetails` VALUES (26, NULL, NULL, 27, 628);
INSERT INTO `productdetails` VALUES (26, NULL, NULL, 28, 650);
INSERT INTO `productdetails` VALUES (26, NULL, NULL, 29, 672);
INSERT INTO `productdetails` VALUES (26, NULL, NULL, 30, 694);
INSERT INTO `productdetails` VALUES (26, NULL, NULL, 31, 716);
INSERT INTO `productdetails` VALUES (26, NULL, NULL, 32, 738);
INSERT INTO `productdetails` VALUES (26, NULL, NULL, 33, 760);
INSERT INTO `productdetails` VALUES (26, NULL, NULL, 34, 782);
INSERT INTO `productdetails` VALUES (26, NULL, NULL, 35, 804);
INSERT INTO `productdetails` VALUES (26, NULL, NULL, 36, 826);
INSERT INTO `productdetails` VALUES (26, NULL, NULL, 37, 848);
INSERT INTO `productdetails` VALUES (26, NULL, NULL, 38, 870);
INSERT INTO `productdetails` VALUES (26, NULL, NULL, 39, 892);
INSERT INTO `productdetails` VALUES (26, NULL, NULL, 40, 914);
INSERT INTO `productdetails` VALUES (26, NULL, NULL, 41, 936);
INSERT INTO `productdetails` VALUES (26, NULL, NULL, 42, 958);
INSERT INTO `productdetails` VALUES (26, NULL, NULL, 43, 980);
INSERT INTO `productdetails` VALUES (26, NULL, NULL, 44, 1002);
INSERT INTO `productdetails` VALUES (26, NULL, NULL, 45, 1024);
INSERT INTO `productdetails` VALUES (26, NULL, NULL, 46, 1046);
INSERT INTO `productdetails` VALUES (26, NULL, NULL, 47, 1068);
INSERT INTO `productdetails` VALUES (26, NULL, NULL, 48, 1090);
INSERT INTO `productdetails` VALUES (26, NULL, NULL, 49, 1112);
INSERT INTO `productdetails` VALUES (26, NULL, NULL, 50, 1134);
INSERT INTO `productdetails` VALUES (26, NULL, NULL, 51, 1156);
INSERT INTO `productdetails` VALUES (26, NULL, NULL, 52, 1178);
INSERT INTO `productdetails` VALUES (26, NULL, NULL, 53, 1200);
INSERT INTO `productdetails` VALUES (26, NULL, NULL, 54, 1222);
INSERT INTO `productdetails` VALUES (26, NULL, NULL, 55, 1244);
INSERT INTO `productdetails` VALUES (26, NULL, NULL, 56, 1266);
INSERT INTO `productdetails` VALUES (26, NULL, NULL, 57, 1288);
INSERT INTO `productdetails` VALUES (26, NULL, NULL, 58, 1310);
INSERT INTO `productdetails` VALUES (26, NULL, NULL, 59, 1332);
INSERT INTO `productdetails` VALUES (26, NULL, NULL, 60, 1354);
INSERT INTO `productdetails` VALUES (26, NULL, NULL, 61, 1376);
INSERT INTO `productdetails` VALUES (26, NULL, NULL, 62, 1398);
INSERT INTO `productdetails` VALUES (26, NULL, NULL, 63, 1420);
INSERT INTO `productdetails` VALUES (26, NULL, NULL, 64, 1442);
INSERT INTO `productdetails` VALUES (26, NULL, NULL, 65, 1464);
INSERT INTO `productdetails` VALUES (26, NULL, NULL, 66, 1486);
INSERT INTO `productdetails` VALUES (26, NULL, NULL, 67, 1508);
INSERT INTO `productdetails` VALUES (26, NULL, NULL, 68, 1530);
INSERT INTO `productdetails` VALUES (26, NULL, NULL, 69, 1552);
INSERT INTO `productdetails` VALUES (26, NULL, NULL, 70, 1574);
INSERT INTO `productdetails` VALUES (26, NULL, NULL, 71, 1596);
INSERT INTO `productdetails` VALUES (26, NULL, NULL, 72, 1618);
INSERT INTO `productdetails` VALUES (26, NULL, NULL, 73, 1640);
INSERT INTO `productdetails` VALUES (26, NULL, NULL, 74, 1662);
INSERT INTO `productdetails` VALUES (26, NULL, NULL, 75, 1684);
INSERT INTO `productdetails` VALUES (26, NULL, NULL, 76, 1706);
INSERT INTO `productdetails` VALUES (26, NULL, NULL, 77, 1728);
INSERT INTO `productdetails` VALUES (26, NULL, NULL, 78, 1750);
INSERT INTO `productdetails` VALUES (26, NULL, NULL, 79, 1772);
INSERT INTO `productdetails` VALUES (26, NULL, NULL, 80, 1794);
INSERT INTO `productdetails` VALUES (26, NULL, NULL, 81, 1816);
INSERT INTO `productdetails` VALUES (26, NULL, NULL, 82, 1838);
INSERT INTO `productdetails` VALUES (26, NULL, NULL, 83, 1860);
INSERT INTO `productdetails` VALUES (26, NULL, NULL, 84, 1882);
INSERT INTO `productdetails` VALUES (26, NULL, NULL, 85, 1904);
INSERT INTO `productdetails` VALUES (26, NULL, NULL, 86, 1926);
INSERT INTO `productdetails` VALUES (26, NULL, NULL, 87, 1948);
INSERT INTO `productdetails` VALUES (26, NULL, NULL, 88, 1970);
INSERT INTO `productdetails` VALUES (26, NULL, NULL, 89, 1992);
INSERT INTO `productdetails` VALUES (26, NULL, NULL, 90, 2014);
INSERT INTO `productdetails` VALUES (26, NULL, NULL, 91, 2036);
INSERT INTO `productdetails` VALUES (26, NULL, NULL, 92, 2058);
INSERT INTO `productdetails` VALUES (26, NULL, NULL, 93, 2080);
INSERT INTO `productdetails` VALUES (26, NULL, NULL, 94, 2102);
INSERT INTO `productdetails` VALUES (26, NULL, NULL, 95, 2124);
INSERT INTO `productdetails` VALUES (26, NULL, NULL, 96, 2146);
INSERT INTO `productdetails` VALUES (26, NULL, NULL, 97, 2168);
INSERT INTO `productdetails` VALUES (26, NULL, NULL, 98, 2190);
INSERT INTO `productdetails` VALUES (26, NULL, NULL, 99, 2212);
INSERT INTO `productdetails` VALUES (26, NULL, NULL, 100, 2234);
INSERT INTO `productdetails` VALUES (26, NULL, NULL, 101, 2256);
INSERT INTO `productdetails` VALUES (26, NULL, NULL, 102, 2278);
INSERT INTO `productdetails` VALUES (26, NULL, NULL, 103, 2300);
INSERT INTO `productdetails` VALUES (26, NULL, NULL, 104, 2322);
INSERT INTO `productdetails` VALUES (26, NULL, NULL, 105, 2344);
INSERT INTO `productdetails` VALUES (26, NULL, NULL, 106, 2366);
INSERT INTO `productdetails` VALUES (26, NULL, NULL, 107, 2388);
INSERT INTO `productdetails` VALUES (26, NULL, NULL, 108, 2410);
INSERT INTO `productdetails` VALUES (26, NULL, NULL, 109, 2432);
INSERT INTO `productdetails` VALUES (26, NULL, NULL, 110, 2454);
INSERT INTO `productdetails` VALUES (26, NULL, NULL, 111, 2476);
INSERT INTO `productdetails` VALUES (26, NULL, NULL, 112, 2498);
INSERT INTO `productdetails` VALUES (26, NULL, NULL, 113, 2520);
INSERT INTO `productdetails` VALUES (26, NULL, NULL, 114, 2542);
INSERT INTO `productdetails` VALUES (26, NULL, NULL, 115, 2564);
INSERT INTO `productdetails` VALUES (26, NULL, NULL, 116, 2586);
INSERT INTO `productdetails` VALUES (26, NULL, NULL, 117, 2608);
INSERT INTO `productdetails` VALUES (26, NULL, NULL, 118, 2630);
INSERT INTO `productdetails` VALUES (26, NULL, NULL, 119, 2652);
INSERT INTO `productdetails` VALUES (26, NULL, NULL, 120, 2674);
INSERT INTO `productdetails` VALUES (26, NULL, NULL, 121, 2696);
INSERT INTO `productdetails` VALUES (26, NULL, NULL, 122, 2718);
INSERT INTO `productdetails` VALUES (26, NULL, NULL, 123, 2740);
INSERT INTO `productdetails` VALUES (26, NULL, NULL, 124, 2762);
INSERT INTO `productdetails` VALUES (26, NULL, NULL, 125, 2784);
INSERT INTO `productdetails` VALUES (26, NULL, NULL, 126, 2806);
INSERT INTO `productdetails` VALUES (26, NULL, NULL, 127, 2828);
INSERT INTO `productdetails` VALUES (26, NULL, NULL, 128, 2850);
INSERT INTO `productdetails` VALUES (26, NULL, NULL, 129, 2872);
INSERT INTO `productdetails` VALUES (26, NULL, NULL, 130, 2894);
INSERT INTO `productdetails` VALUES (26, NULL, NULL, 131, 2916);
INSERT INTO `productdetails` VALUES (26, NULL, NULL, 132, 2938);
INSERT INTO `productdetails` VALUES (26, NULL, NULL, 133, 2960);
INSERT INTO `productdetails` VALUES (26, NULL, NULL, 134, 2982);
INSERT INTO `productdetails` VALUES (26, NULL, NULL, 135, 3004);
INSERT INTO `productdetails` VALUES (26, NULL, NULL, 136, 3026);
INSERT INTO `productdetails` VALUES (26, NULL, NULL, 137, 3048);
INSERT INTO `productdetails` VALUES (26, NULL, NULL, 138, 3070);
INSERT INTO `productdetails` VALUES (26, NULL, NULL, 139, 3092);
INSERT INTO `productdetails` VALUES (26, NULL, NULL, 140, 3114);
INSERT INTO `productdetails` VALUES (26, NULL, NULL, 141, 3136);
INSERT INTO `productdetails` VALUES (26, NULL, NULL, 142, 3158);
INSERT INTO `productdetails` VALUES (26, NULL, NULL, 143, 3180);
INSERT INTO `productdetails` VALUES (26, NULL, NULL, 144, 3202);
INSERT INTO `productdetails` VALUES (26, NULL, NULL, 145, 3224);
INSERT INTO `productdetails` VALUES (26, NULL, NULL, 146, 3246);
INSERT INTO `productdetails` VALUES (26, NULL, NULL, 147, 3268);
INSERT INTO `productdetails` VALUES (26, NULL, NULL, 148, 3290);
INSERT INTO `productdetails` VALUES (26, NULL, NULL, 149, 3312);
INSERT INTO `productdetails` VALUES (26, NULL, NULL, 150, 3334);
INSERT INTO `productdetails` VALUES (27, NULL, NULL, 2, 33);
INSERT INTO `productdetails` VALUES (28, NULL, NULL, 3, 60);
INSERT INTO `productdetails` VALUES (29, NULL, NULL, 4, 87);
INSERT INTO `productdetails` VALUES (30, NULL, NULL, 5, 114);
INSERT INTO `productdetails` VALUES (30, NULL, NULL, 163, 3356);
INSERT INTO `productdetails` VALUES (30, NULL, NULL, 164, 3382);
INSERT INTO `productdetails` VALUES (30, NULL, NULL, 165, 3407);
INSERT INTO `productdetails` VALUES (30, NULL, NULL, 166, 3430);
INSERT INTO `productdetails` VALUES (31, NULL, NULL, 1, 7);
INSERT INTO `productdetails` VALUES (31, NULL, NULL, 6, 142);
INSERT INTO `productdetails` VALUES (31, NULL, NULL, 7, 169);
INSERT INTO `productdetails` VALUES (31, NULL, NULL, 8, 196);
INSERT INTO `productdetails` VALUES (31, NULL, NULL, 9, 223);
INSERT INTO `productdetails` VALUES (31, NULL, NULL, 10, 250);
INSERT INTO `productdetails` VALUES (32, NULL, NULL, 2, 34);
INSERT INTO `productdetails` VALUES (33, NULL, NULL, 3, 61);
INSERT INTO `productdetails` VALUES (33, NULL, NULL, 166, 3431);
INSERT INTO `productdetails` VALUES (34, NULL, NULL, 4, 88);
INSERT INTO `productdetails` VALUES (35, NULL, NULL, 5, 115);
INSERT INTO `productdetails` VALUES (35, NULL, NULL, 163, 3357);
INSERT INTO `productdetails` VALUES (35, NULL, NULL, 164, 3383);
INSERT INTO `productdetails` VALUES (35, NULL, NULL, 165, 3408);
INSERT INTO `productdetails` VALUES (36, NULL, NULL, 1, 8);
INSERT INTO `productdetails` VALUES (36, NULL, NULL, 6, 143);
INSERT INTO `productdetails` VALUES (36, NULL, NULL, 7, 170);
INSERT INTO `productdetails` VALUES (36, NULL, NULL, 8, 197);
INSERT INTO `productdetails` VALUES (36, NULL, NULL, 9, 224);
INSERT INTO `productdetails` VALUES (36, NULL, NULL, 10, 251);
INSERT INTO `productdetails` VALUES (37, NULL, NULL, 2, 35);
INSERT INTO `productdetails` VALUES (38, NULL, NULL, 3, 62);
INSERT INTO `productdetails` VALUES (39, NULL, NULL, 4, 89);
INSERT INTO `productdetails` VALUES (40, NULL, NULL, 5, 116);
INSERT INTO `productdetails` VALUES (40, NULL, NULL, 163, 3358);
INSERT INTO `productdetails` VALUES (40, NULL, NULL, 164, 3384);
INSERT INTO `productdetails` VALUES (40, NULL, NULL, 165, 3409);
INSERT INTO `productdetails` VALUES (40, NULL, NULL, 166, 3432);
INSERT INTO `productdetails` VALUES (41, NULL, NULL, 1, 9);
INSERT INTO `productdetails` VALUES (41, NULL, NULL, 6, 144);
INSERT INTO `productdetails` VALUES (41, NULL, NULL, 7, 171);
INSERT INTO `productdetails` VALUES (41, NULL, NULL, 8, 198);
INSERT INTO `productdetails` VALUES (41, NULL, NULL, 9, 225);
INSERT INTO `productdetails` VALUES (41, NULL, NULL, 10, 252);
INSERT INTO `productdetails` VALUES (41, NULL, NULL, 11, 277);
INSERT INTO `productdetails` VALUES (41, NULL, NULL, 12, 299);
INSERT INTO `productdetails` VALUES (41, NULL, NULL, 13, 321);
INSERT INTO `productdetails` VALUES (41, NULL, NULL, 14, 343);
INSERT INTO `productdetails` VALUES (41, NULL, NULL, 15, 365);
INSERT INTO `productdetails` VALUES (41, NULL, NULL, 16, 387);
INSERT INTO `productdetails` VALUES (41, NULL, NULL, 17, 409);
INSERT INTO `productdetails` VALUES (41, NULL, NULL, 18, 431);
INSERT INTO `productdetails` VALUES (41, NULL, NULL, 19, 453);
INSERT INTO `productdetails` VALUES (41, NULL, NULL, 20, 475);
INSERT INTO `productdetails` VALUES (41, NULL, NULL, 21, 497);
INSERT INTO `productdetails` VALUES (41, NULL, NULL, 22, 519);
INSERT INTO `productdetails` VALUES (41, NULL, NULL, 23, 541);
INSERT INTO `productdetails` VALUES (41, NULL, NULL, 24, 563);
INSERT INTO `productdetails` VALUES (41, NULL, NULL, 25, 585);
INSERT INTO `productdetails` VALUES (41, NULL, NULL, 26, 607);
INSERT INTO `productdetails` VALUES (41, NULL, NULL, 27, 629);
INSERT INTO `productdetails` VALUES (41, NULL, NULL, 28, 651);
INSERT INTO `productdetails` VALUES (41, NULL, NULL, 29, 673);
INSERT INTO `productdetails` VALUES (41, NULL, NULL, 30, 695);
INSERT INTO `productdetails` VALUES (41, NULL, NULL, 31, 717);
INSERT INTO `productdetails` VALUES (41, NULL, NULL, 32, 739);
INSERT INTO `productdetails` VALUES (41, NULL, NULL, 33, 761);
INSERT INTO `productdetails` VALUES (41, NULL, NULL, 34, 783);
INSERT INTO `productdetails` VALUES (41, NULL, NULL, 35, 805);
INSERT INTO `productdetails` VALUES (41, NULL, NULL, 36, 827);
INSERT INTO `productdetails` VALUES (41, NULL, NULL, 37, 849);
INSERT INTO `productdetails` VALUES (41, NULL, NULL, 38, 871);
INSERT INTO `productdetails` VALUES (41, NULL, NULL, 39, 893);
INSERT INTO `productdetails` VALUES (41, NULL, NULL, 40, 915);
INSERT INTO `productdetails` VALUES (41, NULL, NULL, 41, 937);
INSERT INTO `productdetails` VALUES (41, NULL, NULL, 42, 959);
INSERT INTO `productdetails` VALUES (41, NULL, NULL, 43, 981);
INSERT INTO `productdetails` VALUES (41, NULL, NULL, 44, 1003);
INSERT INTO `productdetails` VALUES (41, NULL, NULL, 45, 1025);
INSERT INTO `productdetails` VALUES (41, NULL, NULL, 46, 1047);
INSERT INTO `productdetails` VALUES (41, NULL, NULL, 47, 1069);
INSERT INTO `productdetails` VALUES (41, NULL, NULL, 48, 1091);
INSERT INTO `productdetails` VALUES (41, NULL, NULL, 49, 1113);
INSERT INTO `productdetails` VALUES (41, NULL, NULL, 50, 1135);
INSERT INTO `productdetails` VALUES (41, NULL, NULL, 51, 1157);
INSERT INTO `productdetails` VALUES (41, NULL, NULL, 52, 1179);
INSERT INTO `productdetails` VALUES (41, NULL, NULL, 53, 1201);
INSERT INTO `productdetails` VALUES (41, NULL, NULL, 54, 1223);
INSERT INTO `productdetails` VALUES (41, NULL, NULL, 55, 1245);
INSERT INTO `productdetails` VALUES (41, NULL, NULL, 56, 1267);
INSERT INTO `productdetails` VALUES (41, NULL, NULL, 57, 1289);
INSERT INTO `productdetails` VALUES (41, NULL, NULL, 58, 1311);
INSERT INTO `productdetails` VALUES (41, NULL, NULL, 59, 1333);
INSERT INTO `productdetails` VALUES (41, NULL, NULL, 60, 1355);
INSERT INTO `productdetails` VALUES (41, NULL, NULL, 61, 1377);
INSERT INTO `productdetails` VALUES (41, NULL, NULL, 62, 1399);
INSERT INTO `productdetails` VALUES (41, NULL, NULL, 63, 1421);
INSERT INTO `productdetails` VALUES (41, NULL, NULL, 64, 1443);
INSERT INTO `productdetails` VALUES (41, NULL, NULL, 65, 1465);
INSERT INTO `productdetails` VALUES (41, NULL, NULL, 66, 1487);
INSERT INTO `productdetails` VALUES (41, NULL, NULL, 67, 1509);
INSERT INTO `productdetails` VALUES (41, NULL, NULL, 68, 1531);
INSERT INTO `productdetails` VALUES (41, NULL, NULL, 69, 1553);
INSERT INTO `productdetails` VALUES (41, NULL, NULL, 70, 1575);
INSERT INTO `productdetails` VALUES (41, NULL, NULL, 71, 1597);
INSERT INTO `productdetails` VALUES (41, NULL, NULL, 72, 1619);
INSERT INTO `productdetails` VALUES (41, NULL, NULL, 73, 1641);
INSERT INTO `productdetails` VALUES (41, NULL, NULL, 74, 1663);
INSERT INTO `productdetails` VALUES (41, NULL, NULL, 75, 1685);
INSERT INTO `productdetails` VALUES (41, NULL, NULL, 76, 1707);
INSERT INTO `productdetails` VALUES (41, NULL, NULL, 77, 1729);
INSERT INTO `productdetails` VALUES (41, NULL, NULL, 78, 1751);
INSERT INTO `productdetails` VALUES (41, NULL, NULL, 79, 1773);
INSERT INTO `productdetails` VALUES (41, NULL, NULL, 80, 1795);
INSERT INTO `productdetails` VALUES (41, NULL, NULL, 81, 1817);
INSERT INTO `productdetails` VALUES (41, NULL, NULL, 82, 1839);
INSERT INTO `productdetails` VALUES (41, NULL, NULL, 83, 1861);
INSERT INTO `productdetails` VALUES (41, NULL, NULL, 84, 1883);
INSERT INTO `productdetails` VALUES (41, NULL, NULL, 85, 1905);
INSERT INTO `productdetails` VALUES (41, NULL, NULL, 86, 1927);
INSERT INTO `productdetails` VALUES (41, NULL, NULL, 87, 1949);
INSERT INTO `productdetails` VALUES (41, NULL, NULL, 88, 1971);
INSERT INTO `productdetails` VALUES (41, NULL, NULL, 89, 1993);
INSERT INTO `productdetails` VALUES (41, NULL, NULL, 90, 2015);
INSERT INTO `productdetails` VALUES (41, NULL, NULL, 91, 2037);
INSERT INTO `productdetails` VALUES (41, NULL, NULL, 92, 2059);
INSERT INTO `productdetails` VALUES (41, NULL, NULL, 93, 2081);
INSERT INTO `productdetails` VALUES (41, NULL, NULL, 94, 2103);
INSERT INTO `productdetails` VALUES (41, NULL, NULL, 95, 2125);
INSERT INTO `productdetails` VALUES (41, NULL, NULL, 96, 2147);
INSERT INTO `productdetails` VALUES (41, NULL, NULL, 97, 2169);
INSERT INTO `productdetails` VALUES (41, NULL, NULL, 98, 2191);
INSERT INTO `productdetails` VALUES (41, NULL, NULL, 99, 2213);
INSERT INTO `productdetails` VALUES (41, NULL, NULL, 100, 2235);
INSERT INTO `productdetails` VALUES (41, NULL, NULL, 101, 2257);
INSERT INTO `productdetails` VALUES (41, NULL, NULL, 102, 2279);
INSERT INTO `productdetails` VALUES (41, NULL, NULL, 103, 2301);
INSERT INTO `productdetails` VALUES (41, NULL, NULL, 104, 2323);
INSERT INTO `productdetails` VALUES (41, NULL, NULL, 105, 2345);
INSERT INTO `productdetails` VALUES (41, NULL, NULL, 106, 2367);
INSERT INTO `productdetails` VALUES (41, NULL, NULL, 107, 2389);
INSERT INTO `productdetails` VALUES (41, NULL, NULL, 108, 2411);
INSERT INTO `productdetails` VALUES (41, NULL, NULL, 109, 2433);
INSERT INTO `productdetails` VALUES (41, NULL, NULL, 110, 2455);
INSERT INTO `productdetails` VALUES (41, NULL, NULL, 111, 2477);
INSERT INTO `productdetails` VALUES (41, NULL, NULL, 112, 2499);
INSERT INTO `productdetails` VALUES (41, NULL, NULL, 113, 2521);
INSERT INTO `productdetails` VALUES (41, NULL, NULL, 114, 2543);
INSERT INTO `productdetails` VALUES (41, NULL, NULL, 115, 2565);
INSERT INTO `productdetails` VALUES (41, NULL, NULL, 116, 2587);
INSERT INTO `productdetails` VALUES (41, NULL, NULL, 117, 2609);
INSERT INTO `productdetails` VALUES (41, NULL, NULL, 118, 2631);
INSERT INTO `productdetails` VALUES (41, NULL, NULL, 119, 2653);
INSERT INTO `productdetails` VALUES (41, NULL, NULL, 120, 2675);
INSERT INTO `productdetails` VALUES (41, NULL, NULL, 121, 2697);
INSERT INTO `productdetails` VALUES (41, NULL, NULL, 122, 2719);
INSERT INTO `productdetails` VALUES (41, NULL, NULL, 123, 2741);
INSERT INTO `productdetails` VALUES (41, NULL, NULL, 124, 2763);
INSERT INTO `productdetails` VALUES (41, NULL, NULL, 125, 2785);
INSERT INTO `productdetails` VALUES (41, NULL, NULL, 126, 2807);
INSERT INTO `productdetails` VALUES (41, NULL, NULL, 127, 2829);
INSERT INTO `productdetails` VALUES (41, NULL, NULL, 128, 2851);
INSERT INTO `productdetails` VALUES (41, NULL, NULL, 129, 2873);
INSERT INTO `productdetails` VALUES (41, NULL, NULL, 130, 2895);
INSERT INTO `productdetails` VALUES (41, NULL, NULL, 131, 2917);
INSERT INTO `productdetails` VALUES (41, NULL, NULL, 132, 2939);
INSERT INTO `productdetails` VALUES (41, NULL, NULL, 133, 2961);
INSERT INTO `productdetails` VALUES (41, NULL, NULL, 134, 2983);
INSERT INTO `productdetails` VALUES (41, NULL, NULL, 135, 3005);
INSERT INTO `productdetails` VALUES (41, NULL, NULL, 136, 3027);
INSERT INTO `productdetails` VALUES (41, NULL, NULL, 137, 3049);
INSERT INTO `productdetails` VALUES (41, NULL, NULL, 138, 3071);
INSERT INTO `productdetails` VALUES (41, NULL, NULL, 139, 3093);
INSERT INTO `productdetails` VALUES (41, NULL, NULL, 140, 3115);
INSERT INTO `productdetails` VALUES (41, NULL, NULL, 141, 3137);
INSERT INTO `productdetails` VALUES (41, NULL, NULL, 142, 3159);
INSERT INTO `productdetails` VALUES (41, NULL, NULL, 143, 3181);
INSERT INTO `productdetails` VALUES (41, NULL, NULL, 144, 3203);
INSERT INTO `productdetails` VALUES (41, NULL, NULL, 145, 3225);
INSERT INTO `productdetails` VALUES (41, NULL, NULL, 146, 3247);
INSERT INTO `productdetails` VALUES (41, NULL, NULL, 147, 3269);
INSERT INTO `productdetails` VALUES (41, NULL, NULL, 148, 3291);
INSERT INTO `productdetails` VALUES (41, NULL, NULL, 149, 3313);
INSERT INTO `productdetails` VALUES (41, NULL, NULL, 150, 3335);
INSERT INTO `productdetails` VALUES (42, NULL, NULL, 2, 36);
INSERT INTO `productdetails` VALUES (43, NULL, NULL, 3, 63);
INSERT INTO `productdetails` VALUES (44, NULL, NULL, 4, 90);
INSERT INTO `productdetails` VALUES (45, NULL, NULL, 5, 117);
INSERT INTO `productdetails` VALUES (45, NULL, NULL, 163, 3359);
INSERT INTO `productdetails` VALUES (45, NULL, NULL, 164, 3385);
INSERT INTO `productdetails` VALUES (45, NULL, NULL, 165, 3410);
INSERT INTO `productdetails` VALUES (45, NULL, NULL, 166, 3433);
INSERT INTO `productdetails` VALUES (46, NULL, NULL, 1, 10);
INSERT INTO `productdetails` VALUES (46, NULL, NULL, 6, 145);
INSERT INTO `productdetails` VALUES (46, NULL, NULL, 7, 172);
INSERT INTO `productdetails` VALUES (46, NULL, NULL, 8, 199);
INSERT INTO `productdetails` VALUES (46, NULL, NULL, 9, 226);
INSERT INTO `productdetails` VALUES (46, NULL, NULL, 10, 253);
INSERT INTO `productdetails` VALUES (46, NULL, NULL, 11, 278);
INSERT INTO `productdetails` VALUES (46, NULL, NULL, 12, 300);
INSERT INTO `productdetails` VALUES (46, NULL, NULL, 13, 322);
INSERT INTO `productdetails` VALUES (46, NULL, NULL, 14, 344);
INSERT INTO `productdetails` VALUES (46, NULL, NULL, 15, 366);
INSERT INTO `productdetails` VALUES (46, NULL, NULL, 16, 388);
INSERT INTO `productdetails` VALUES (46, NULL, NULL, 17, 410);
INSERT INTO `productdetails` VALUES (46, NULL, NULL, 18, 432);
INSERT INTO `productdetails` VALUES (46, NULL, NULL, 19, 454);
INSERT INTO `productdetails` VALUES (46, NULL, NULL, 20, 476);
INSERT INTO `productdetails` VALUES (46, NULL, NULL, 21, 498);
INSERT INTO `productdetails` VALUES (46, NULL, NULL, 22, 520);
INSERT INTO `productdetails` VALUES (46, NULL, NULL, 23, 542);
INSERT INTO `productdetails` VALUES (46, NULL, NULL, 24, 564);
INSERT INTO `productdetails` VALUES (46, NULL, NULL, 25, 586);
INSERT INTO `productdetails` VALUES (46, NULL, NULL, 26, 608);
INSERT INTO `productdetails` VALUES (46, NULL, NULL, 27, 630);
INSERT INTO `productdetails` VALUES (46, NULL, NULL, 28, 652);
INSERT INTO `productdetails` VALUES (46, NULL, NULL, 29, 674);
INSERT INTO `productdetails` VALUES (46, NULL, NULL, 30, 696);
INSERT INTO `productdetails` VALUES (46, NULL, NULL, 31, 718);
INSERT INTO `productdetails` VALUES (46, NULL, NULL, 32, 740);
INSERT INTO `productdetails` VALUES (46, NULL, NULL, 33, 762);
INSERT INTO `productdetails` VALUES (46, NULL, NULL, 34, 784);
INSERT INTO `productdetails` VALUES (46, NULL, NULL, 35, 806);
INSERT INTO `productdetails` VALUES (46, NULL, NULL, 36, 828);
INSERT INTO `productdetails` VALUES (46, NULL, NULL, 37, 850);
INSERT INTO `productdetails` VALUES (46, NULL, NULL, 38, 872);
INSERT INTO `productdetails` VALUES (46, NULL, NULL, 39, 894);
INSERT INTO `productdetails` VALUES (46, NULL, NULL, 40, 916);
INSERT INTO `productdetails` VALUES (46, NULL, NULL, 41, 938);
INSERT INTO `productdetails` VALUES (46, NULL, NULL, 42, 960);
INSERT INTO `productdetails` VALUES (46, NULL, NULL, 43, 982);
INSERT INTO `productdetails` VALUES (46, NULL, NULL, 44, 1004);
INSERT INTO `productdetails` VALUES (46, NULL, NULL, 45, 1026);
INSERT INTO `productdetails` VALUES (46, NULL, NULL, 46, 1048);
INSERT INTO `productdetails` VALUES (46, NULL, NULL, 47, 1070);
INSERT INTO `productdetails` VALUES (46, NULL, NULL, 48, 1092);
INSERT INTO `productdetails` VALUES (46, NULL, NULL, 49, 1114);
INSERT INTO `productdetails` VALUES (46, NULL, NULL, 50, 1136);
INSERT INTO `productdetails` VALUES (46, NULL, NULL, 51, 1158);
INSERT INTO `productdetails` VALUES (46, NULL, NULL, 52, 1180);
INSERT INTO `productdetails` VALUES (46, NULL, NULL, 53, 1202);
INSERT INTO `productdetails` VALUES (46, NULL, NULL, 54, 1224);
INSERT INTO `productdetails` VALUES (46, NULL, NULL, 55, 1246);
INSERT INTO `productdetails` VALUES (46, NULL, NULL, 56, 1268);
INSERT INTO `productdetails` VALUES (46, NULL, NULL, 57, 1290);
INSERT INTO `productdetails` VALUES (46, NULL, NULL, 58, 1312);
INSERT INTO `productdetails` VALUES (46, NULL, NULL, 59, 1334);
INSERT INTO `productdetails` VALUES (46, NULL, NULL, 60, 1356);
INSERT INTO `productdetails` VALUES (46, NULL, NULL, 61, 1378);
INSERT INTO `productdetails` VALUES (46, NULL, NULL, 62, 1400);
INSERT INTO `productdetails` VALUES (46, NULL, NULL, 63, 1422);
INSERT INTO `productdetails` VALUES (46, NULL, NULL, 64, 1444);
INSERT INTO `productdetails` VALUES (46, NULL, NULL, 65, 1466);
INSERT INTO `productdetails` VALUES (46, NULL, NULL, 66, 1488);
INSERT INTO `productdetails` VALUES (46, NULL, NULL, 67, 1510);
INSERT INTO `productdetails` VALUES (46, NULL, NULL, 68, 1532);
INSERT INTO `productdetails` VALUES (46, NULL, NULL, 69, 1554);
INSERT INTO `productdetails` VALUES (46, NULL, NULL, 70, 1576);
INSERT INTO `productdetails` VALUES (46, NULL, NULL, 71, 1598);
INSERT INTO `productdetails` VALUES (46, NULL, NULL, 72, 1620);
INSERT INTO `productdetails` VALUES (46, NULL, NULL, 73, 1642);
INSERT INTO `productdetails` VALUES (46, NULL, NULL, 74, 1664);
INSERT INTO `productdetails` VALUES (46, NULL, NULL, 75, 1686);
INSERT INTO `productdetails` VALUES (46, NULL, NULL, 76, 1708);
INSERT INTO `productdetails` VALUES (46, NULL, NULL, 77, 1730);
INSERT INTO `productdetails` VALUES (46, NULL, NULL, 78, 1752);
INSERT INTO `productdetails` VALUES (46, NULL, NULL, 79, 1774);
INSERT INTO `productdetails` VALUES (46, NULL, NULL, 80, 1796);
INSERT INTO `productdetails` VALUES (46, NULL, NULL, 81, 1818);
INSERT INTO `productdetails` VALUES (46, NULL, NULL, 82, 1840);
INSERT INTO `productdetails` VALUES (46, NULL, NULL, 83, 1862);
INSERT INTO `productdetails` VALUES (46, NULL, NULL, 84, 1884);
INSERT INTO `productdetails` VALUES (46, NULL, NULL, 85, 1906);
INSERT INTO `productdetails` VALUES (46, NULL, NULL, 86, 1928);
INSERT INTO `productdetails` VALUES (46, NULL, NULL, 87, 1950);
INSERT INTO `productdetails` VALUES (46, NULL, NULL, 88, 1972);
INSERT INTO `productdetails` VALUES (46, NULL, NULL, 89, 1994);
INSERT INTO `productdetails` VALUES (46, NULL, NULL, 90, 2016);
INSERT INTO `productdetails` VALUES (46, NULL, NULL, 91, 2038);
INSERT INTO `productdetails` VALUES (46, NULL, NULL, 92, 2060);
INSERT INTO `productdetails` VALUES (46, NULL, NULL, 93, 2082);
INSERT INTO `productdetails` VALUES (46, NULL, NULL, 94, 2104);
INSERT INTO `productdetails` VALUES (46, NULL, NULL, 95, 2126);
INSERT INTO `productdetails` VALUES (46, NULL, NULL, 96, 2148);
INSERT INTO `productdetails` VALUES (46, NULL, NULL, 97, 2170);
INSERT INTO `productdetails` VALUES (46, NULL, NULL, 98, 2192);
INSERT INTO `productdetails` VALUES (46, NULL, NULL, 99, 2214);
INSERT INTO `productdetails` VALUES (46, NULL, NULL, 100, 2236);
INSERT INTO `productdetails` VALUES (46, NULL, NULL, 101, 2258);
INSERT INTO `productdetails` VALUES (46, NULL, NULL, 102, 2280);
INSERT INTO `productdetails` VALUES (46, NULL, NULL, 103, 2302);
INSERT INTO `productdetails` VALUES (46, NULL, NULL, 104, 2324);
INSERT INTO `productdetails` VALUES (46, NULL, NULL, 105, 2346);
INSERT INTO `productdetails` VALUES (46, NULL, NULL, 106, 2368);
INSERT INTO `productdetails` VALUES (46, NULL, NULL, 107, 2390);
INSERT INTO `productdetails` VALUES (46, NULL, NULL, 108, 2412);
INSERT INTO `productdetails` VALUES (46, NULL, NULL, 109, 2434);
INSERT INTO `productdetails` VALUES (46, NULL, NULL, 110, 2456);
INSERT INTO `productdetails` VALUES (46, NULL, NULL, 111, 2478);
INSERT INTO `productdetails` VALUES (46, NULL, NULL, 112, 2500);
INSERT INTO `productdetails` VALUES (46, NULL, NULL, 113, 2522);
INSERT INTO `productdetails` VALUES (46, NULL, NULL, 114, 2544);
INSERT INTO `productdetails` VALUES (46, NULL, NULL, 115, 2566);
INSERT INTO `productdetails` VALUES (46, NULL, NULL, 116, 2588);
INSERT INTO `productdetails` VALUES (46, NULL, NULL, 117, 2610);
INSERT INTO `productdetails` VALUES (46, NULL, NULL, 118, 2632);
INSERT INTO `productdetails` VALUES (46, NULL, NULL, 119, 2654);
INSERT INTO `productdetails` VALUES (46, NULL, NULL, 120, 2676);
INSERT INTO `productdetails` VALUES (46, NULL, NULL, 121, 2698);
INSERT INTO `productdetails` VALUES (46, NULL, NULL, 122, 2720);
INSERT INTO `productdetails` VALUES (46, NULL, NULL, 123, 2742);
INSERT INTO `productdetails` VALUES (46, NULL, NULL, 124, 2764);
INSERT INTO `productdetails` VALUES (46, NULL, NULL, 125, 2786);
INSERT INTO `productdetails` VALUES (46, NULL, NULL, 126, 2808);
INSERT INTO `productdetails` VALUES (46, NULL, NULL, 127, 2830);
INSERT INTO `productdetails` VALUES (46, NULL, NULL, 128, 2852);
INSERT INTO `productdetails` VALUES (46, NULL, NULL, 129, 2874);
INSERT INTO `productdetails` VALUES (46, NULL, NULL, 130, 2896);
INSERT INTO `productdetails` VALUES (46, NULL, NULL, 131, 2918);
INSERT INTO `productdetails` VALUES (46, NULL, NULL, 132, 2940);
INSERT INTO `productdetails` VALUES (46, NULL, NULL, 133, 2962);
INSERT INTO `productdetails` VALUES (46, NULL, NULL, 134, 2984);
INSERT INTO `productdetails` VALUES (46, NULL, NULL, 135, 3006);
INSERT INTO `productdetails` VALUES (46, NULL, NULL, 136, 3028);
INSERT INTO `productdetails` VALUES (46, NULL, NULL, 137, 3050);
INSERT INTO `productdetails` VALUES (46, NULL, NULL, 138, 3072);
INSERT INTO `productdetails` VALUES (46, NULL, NULL, 139, 3094);
INSERT INTO `productdetails` VALUES (46, NULL, NULL, 140, 3116);
INSERT INTO `productdetails` VALUES (46, NULL, NULL, 141, 3138);
INSERT INTO `productdetails` VALUES (46, NULL, NULL, 142, 3160);
INSERT INTO `productdetails` VALUES (46, NULL, NULL, 143, 3182);
INSERT INTO `productdetails` VALUES (46, NULL, NULL, 144, 3204);
INSERT INTO `productdetails` VALUES (46, NULL, NULL, 145, 3226);
INSERT INTO `productdetails` VALUES (46, NULL, NULL, 146, 3248);
INSERT INTO `productdetails` VALUES (46, NULL, NULL, 147, 3270);
INSERT INTO `productdetails` VALUES (46, NULL, NULL, 148, 3292);
INSERT INTO `productdetails` VALUES (46, NULL, NULL, 149, 3314);
INSERT INTO `productdetails` VALUES (46, NULL, NULL, 150, 3336);
INSERT INTO `productdetails` VALUES (47, NULL, NULL, 2, 37);
INSERT INTO `productdetails` VALUES (48, NULL, NULL, 3, 64);
INSERT INTO `productdetails` VALUES (49, NULL, NULL, 4, 91);
INSERT INTO `productdetails` VALUES (50, NULL, NULL, 5, 118);
INSERT INTO `productdetails` VALUES (50, NULL, NULL, 163, 3360);
INSERT INTO `productdetails` VALUES (50, NULL, NULL, 164, 3386);
INSERT INTO `productdetails` VALUES (50, NULL, NULL, 165, 3411);
INSERT INTO `productdetails` VALUES (50, NULL, NULL, 166, 3434);
INSERT INTO `productdetails` VALUES (51, NULL, NULL, 1, 11);
INSERT INTO `productdetails` VALUES (51, NULL, NULL, 6, 146);
INSERT INTO `productdetails` VALUES (51, NULL, NULL, 7, 173);
INSERT INTO `productdetails` VALUES (51, NULL, NULL, 8, 200);
INSERT INTO `productdetails` VALUES (51, NULL, NULL, 9, 227);
INSERT INTO `productdetails` VALUES (51, NULL, NULL, 10, 254);
INSERT INTO `productdetails` VALUES (51, NULL, NULL, 11, 279);
INSERT INTO `productdetails` VALUES (51, NULL, NULL, 12, 301);
INSERT INTO `productdetails` VALUES (51, NULL, NULL, 13, 323);
INSERT INTO `productdetails` VALUES (51, NULL, NULL, 14, 345);
INSERT INTO `productdetails` VALUES (51, NULL, NULL, 15, 367);
INSERT INTO `productdetails` VALUES (51, NULL, NULL, 16, 389);
INSERT INTO `productdetails` VALUES (51, NULL, NULL, 17, 411);
INSERT INTO `productdetails` VALUES (51, NULL, NULL, 18, 433);
INSERT INTO `productdetails` VALUES (51, NULL, NULL, 19, 455);
INSERT INTO `productdetails` VALUES (51, NULL, NULL, 20, 477);
INSERT INTO `productdetails` VALUES (51, NULL, NULL, 21, 499);
INSERT INTO `productdetails` VALUES (51, NULL, NULL, 22, 521);
INSERT INTO `productdetails` VALUES (51, NULL, NULL, 23, 543);
INSERT INTO `productdetails` VALUES (51, NULL, NULL, 24, 565);
INSERT INTO `productdetails` VALUES (51, NULL, NULL, 25, 587);
INSERT INTO `productdetails` VALUES (51, NULL, NULL, 26, 609);
INSERT INTO `productdetails` VALUES (51, NULL, NULL, 27, 631);
INSERT INTO `productdetails` VALUES (51, NULL, NULL, 28, 653);
INSERT INTO `productdetails` VALUES (51, NULL, NULL, 29, 675);
INSERT INTO `productdetails` VALUES (51, NULL, NULL, 30, 697);
INSERT INTO `productdetails` VALUES (51, NULL, NULL, 31, 719);
INSERT INTO `productdetails` VALUES (51, NULL, NULL, 32, 741);
INSERT INTO `productdetails` VALUES (51, NULL, NULL, 33, 763);
INSERT INTO `productdetails` VALUES (51, NULL, NULL, 34, 785);
INSERT INTO `productdetails` VALUES (51, NULL, NULL, 35, 807);
INSERT INTO `productdetails` VALUES (51, NULL, NULL, 36, 829);
INSERT INTO `productdetails` VALUES (51, NULL, NULL, 37, 851);
INSERT INTO `productdetails` VALUES (51, NULL, NULL, 38, 873);
INSERT INTO `productdetails` VALUES (51, NULL, NULL, 39, 895);
INSERT INTO `productdetails` VALUES (51, NULL, NULL, 40, 917);
INSERT INTO `productdetails` VALUES (51, NULL, NULL, 41, 939);
INSERT INTO `productdetails` VALUES (51, NULL, NULL, 42, 961);
INSERT INTO `productdetails` VALUES (51, NULL, NULL, 43, 983);
INSERT INTO `productdetails` VALUES (51, NULL, NULL, 44, 1005);
INSERT INTO `productdetails` VALUES (51, NULL, NULL, 45, 1027);
INSERT INTO `productdetails` VALUES (51, NULL, NULL, 46, 1049);
INSERT INTO `productdetails` VALUES (51, NULL, NULL, 47, 1071);
INSERT INTO `productdetails` VALUES (51, NULL, NULL, 48, 1093);
INSERT INTO `productdetails` VALUES (51, NULL, NULL, 49, 1115);
INSERT INTO `productdetails` VALUES (51, NULL, NULL, 50, 1137);
INSERT INTO `productdetails` VALUES (51, NULL, NULL, 51, 1159);
INSERT INTO `productdetails` VALUES (51, NULL, NULL, 52, 1181);
INSERT INTO `productdetails` VALUES (51, NULL, NULL, 53, 1203);
INSERT INTO `productdetails` VALUES (51, NULL, NULL, 54, 1225);
INSERT INTO `productdetails` VALUES (51, NULL, NULL, 55, 1247);
INSERT INTO `productdetails` VALUES (51, NULL, NULL, 56, 1269);
INSERT INTO `productdetails` VALUES (51, NULL, NULL, 57, 1291);
INSERT INTO `productdetails` VALUES (51, NULL, NULL, 58, 1313);
INSERT INTO `productdetails` VALUES (51, NULL, NULL, 59, 1335);
INSERT INTO `productdetails` VALUES (51, NULL, NULL, 60, 1357);
INSERT INTO `productdetails` VALUES (51, NULL, NULL, 61, 1379);
INSERT INTO `productdetails` VALUES (51, NULL, NULL, 62, 1401);
INSERT INTO `productdetails` VALUES (51, NULL, NULL, 63, 1423);
INSERT INTO `productdetails` VALUES (51, NULL, NULL, 64, 1445);
INSERT INTO `productdetails` VALUES (51, NULL, NULL, 65, 1467);
INSERT INTO `productdetails` VALUES (51, NULL, NULL, 66, 1489);
INSERT INTO `productdetails` VALUES (51, NULL, NULL, 67, 1511);
INSERT INTO `productdetails` VALUES (51, NULL, NULL, 68, 1533);
INSERT INTO `productdetails` VALUES (51, NULL, NULL, 69, 1555);
INSERT INTO `productdetails` VALUES (51, NULL, NULL, 70, 1577);
INSERT INTO `productdetails` VALUES (51, NULL, NULL, 71, 1599);
INSERT INTO `productdetails` VALUES (51, NULL, NULL, 72, 1621);
INSERT INTO `productdetails` VALUES (51, NULL, NULL, 73, 1643);
INSERT INTO `productdetails` VALUES (51, NULL, NULL, 74, 1665);
INSERT INTO `productdetails` VALUES (51, NULL, NULL, 75, 1687);
INSERT INTO `productdetails` VALUES (51, NULL, NULL, 76, 1709);
INSERT INTO `productdetails` VALUES (51, NULL, NULL, 77, 1731);
INSERT INTO `productdetails` VALUES (51, NULL, NULL, 78, 1753);
INSERT INTO `productdetails` VALUES (51, NULL, NULL, 79, 1775);
INSERT INTO `productdetails` VALUES (51, NULL, NULL, 80, 1797);
INSERT INTO `productdetails` VALUES (51, NULL, NULL, 81, 1819);
INSERT INTO `productdetails` VALUES (51, NULL, NULL, 82, 1841);
INSERT INTO `productdetails` VALUES (51, NULL, NULL, 83, 1863);
INSERT INTO `productdetails` VALUES (51, NULL, NULL, 84, 1885);
INSERT INTO `productdetails` VALUES (51, NULL, NULL, 85, 1907);
INSERT INTO `productdetails` VALUES (51, NULL, NULL, 86, 1929);
INSERT INTO `productdetails` VALUES (51, NULL, NULL, 87, 1951);
INSERT INTO `productdetails` VALUES (51, NULL, NULL, 88, 1973);
INSERT INTO `productdetails` VALUES (51, NULL, NULL, 89, 1995);
INSERT INTO `productdetails` VALUES (51, NULL, NULL, 90, 2017);
INSERT INTO `productdetails` VALUES (51, NULL, NULL, 91, 2039);
INSERT INTO `productdetails` VALUES (51, NULL, NULL, 92, 2061);
INSERT INTO `productdetails` VALUES (51, NULL, NULL, 93, 2083);
INSERT INTO `productdetails` VALUES (51, NULL, NULL, 94, 2105);
INSERT INTO `productdetails` VALUES (51, NULL, NULL, 95, 2127);
INSERT INTO `productdetails` VALUES (51, NULL, NULL, 96, 2149);
INSERT INTO `productdetails` VALUES (51, NULL, NULL, 97, 2171);
INSERT INTO `productdetails` VALUES (51, NULL, NULL, 98, 2193);
INSERT INTO `productdetails` VALUES (51, NULL, NULL, 99, 2215);
INSERT INTO `productdetails` VALUES (51, NULL, NULL, 100, 2237);
INSERT INTO `productdetails` VALUES (51, NULL, NULL, 101, 2259);
INSERT INTO `productdetails` VALUES (51, NULL, NULL, 102, 2281);
INSERT INTO `productdetails` VALUES (51, NULL, NULL, 103, 2303);
INSERT INTO `productdetails` VALUES (51, NULL, NULL, 104, 2325);
INSERT INTO `productdetails` VALUES (51, NULL, NULL, 105, 2347);
INSERT INTO `productdetails` VALUES (51, NULL, NULL, 106, 2369);
INSERT INTO `productdetails` VALUES (51, NULL, NULL, 107, 2391);
INSERT INTO `productdetails` VALUES (51, NULL, NULL, 108, 2413);
INSERT INTO `productdetails` VALUES (51, NULL, NULL, 109, 2435);
INSERT INTO `productdetails` VALUES (51, NULL, NULL, 110, 2457);
INSERT INTO `productdetails` VALUES (51, NULL, NULL, 111, 2479);
INSERT INTO `productdetails` VALUES (51, NULL, NULL, 112, 2501);
INSERT INTO `productdetails` VALUES (51, NULL, NULL, 113, 2523);
INSERT INTO `productdetails` VALUES (51, NULL, NULL, 114, 2545);
INSERT INTO `productdetails` VALUES (51, NULL, NULL, 115, 2567);
INSERT INTO `productdetails` VALUES (51, NULL, NULL, 116, 2589);
INSERT INTO `productdetails` VALUES (51, NULL, NULL, 117, 2611);
INSERT INTO `productdetails` VALUES (51, NULL, NULL, 118, 2633);
INSERT INTO `productdetails` VALUES (51, NULL, NULL, 119, 2655);
INSERT INTO `productdetails` VALUES (51, NULL, NULL, 120, 2677);
INSERT INTO `productdetails` VALUES (51, NULL, NULL, 121, 2699);
INSERT INTO `productdetails` VALUES (51, NULL, NULL, 122, 2721);
INSERT INTO `productdetails` VALUES (51, NULL, NULL, 123, 2743);
INSERT INTO `productdetails` VALUES (51, NULL, NULL, 124, 2765);
INSERT INTO `productdetails` VALUES (51, NULL, NULL, 125, 2787);
INSERT INTO `productdetails` VALUES (51, NULL, NULL, 126, 2809);
INSERT INTO `productdetails` VALUES (51, NULL, NULL, 127, 2831);
INSERT INTO `productdetails` VALUES (51, NULL, NULL, 128, 2853);
INSERT INTO `productdetails` VALUES (51, NULL, NULL, 129, 2875);
INSERT INTO `productdetails` VALUES (51, NULL, NULL, 130, 2897);
INSERT INTO `productdetails` VALUES (51, NULL, NULL, 131, 2919);
INSERT INTO `productdetails` VALUES (51, NULL, NULL, 132, 2941);
INSERT INTO `productdetails` VALUES (51, NULL, NULL, 133, 2963);
INSERT INTO `productdetails` VALUES (51, NULL, NULL, 134, 2985);
INSERT INTO `productdetails` VALUES (51, NULL, NULL, 135, 3007);
INSERT INTO `productdetails` VALUES (51, NULL, NULL, 136, 3029);
INSERT INTO `productdetails` VALUES (51, NULL, NULL, 137, 3051);
INSERT INTO `productdetails` VALUES (51, NULL, NULL, 138, 3073);
INSERT INTO `productdetails` VALUES (51, NULL, NULL, 139, 3095);
INSERT INTO `productdetails` VALUES (51, NULL, NULL, 140, 3117);
INSERT INTO `productdetails` VALUES (51, NULL, NULL, 141, 3139);
INSERT INTO `productdetails` VALUES (51, NULL, NULL, 142, 3161);
INSERT INTO `productdetails` VALUES (51, NULL, NULL, 143, 3183);
INSERT INTO `productdetails` VALUES (51, NULL, NULL, 144, 3205);
INSERT INTO `productdetails` VALUES (51, NULL, NULL, 145, 3227);
INSERT INTO `productdetails` VALUES (51, NULL, NULL, 146, 3249);
INSERT INTO `productdetails` VALUES (51, NULL, NULL, 147, 3271);
INSERT INTO `productdetails` VALUES (51, NULL, NULL, 148, 3293);
INSERT INTO `productdetails` VALUES (51, NULL, NULL, 149, 3315);
INSERT INTO `productdetails` VALUES (51, NULL, NULL, 150, 3337);
INSERT INTO `productdetails` VALUES (52, NULL, NULL, 2, 38);
INSERT INTO `productdetails` VALUES (53, NULL, NULL, 3, 65);
INSERT INTO `productdetails` VALUES (54, NULL, NULL, 4, 92);
INSERT INTO `productdetails` VALUES (55, NULL, NULL, 5, 119);
INSERT INTO `productdetails` VALUES (55, NULL, NULL, 163, 3361);
INSERT INTO `productdetails` VALUES (55, NULL, NULL, 164, 3387);
INSERT INTO `productdetails` VALUES (55, NULL, NULL, 165, 3412);
INSERT INTO `productdetails` VALUES (55, NULL, NULL, 166, 3435);
INSERT INTO `productdetails` VALUES (56, NULL, NULL, 1, 12);
INSERT INTO `productdetails` VALUES (56, NULL, NULL, 6, 147);
INSERT INTO `productdetails` VALUES (56, NULL, NULL, 7, 174);
INSERT INTO `productdetails` VALUES (56, NULL, NULL, 8, 201);
INSERT INTO `productdetails` VALUES (56, NULL, NULL, 9, 228);
INSERT INTO `productdetails` VALUES (56, NULL, NULL, 10, 255);
INSERT INTO `productdetails` VALUES (56, NULL, NULL, 11, 280);
INSERT INTO `productdetails` VALUES (56, NULL, NULL, 12, 302);
INSERT INTO `productdetails` VALUES (56, NULL, NULL, 13, 324);
INSERT INTO `productdetails` VALUES (56, NULL, NULL, 14, 346);
INSERT INTO `productdetails` VALUES (56, NULL, NULL, 15, 368);
INSERT INTO `productdetails` VALUES (56, NULL, NULL, 16, 390);
INSERT INTO `productdetails` VALUES (56, NULL, NULL, 17, 412);
INSERT INTO `productdetails` VALUES (56, NULL, NULL, 18, 434);
INSERT INTO `productdetails` VALUES (56, NULL, NULL, 19, 456);
INSERT INTO `productdetails` VALUES (56, NULL, NULL, 20, 478);
INSERT INTO `productdetails` VALUES (56, NULL, NULL, 21, 500);
INSERT INTO `productdetails` VALUES (56, NULL, NULL, 22, 522);
INSERT INTO `productdetails` VALUES (56, NULL, NULL, 23, 544);
INSERT INTO `productdetails` VALUES (56, NULL, NULL, 24, 566);
INSERT INTO `productdetails` VALUES (56, NULL, NULL, 25, 588);
INSERT INTO `productdetails` VALUES (56, NULL, NULL, 26, 610);
INSERT INTO `productdetails` VALUES (56, NULL, NULL, 27, 632);
INSERT INTO `productdetails` VALUES (56, NULL, NULL, 28, 654);
INSERT INTO `productdetails` VALUES (56, NULL, NULL, 29, 676);
INSERT INTO `productdetails` VALUES (56, NULL, NULL, 30, 698);
INSERT INTO `productdetails` VALUES (56, NULL, NULL, 31, 720);
INSERT INTO `productdetails` VALUES (56, NULL, NULL, 32, 742);
INSERT INTO `productdetails` VALUES (56, NULL, NULL, 33, 764);
INSERT INTO `productdetails` VALUES (56, NULL, NULL, 34, 786);
INSERT INTO `productdetails` VALUES (56, NULL, NULL, 35, 808);
INSERT INTO `productdetails` VALUES (56, NULL, NULL, 36, 830);
INSERT INTO `productdetails` VALUES (56, NULL, NULL, 37, 852);
INSERT INTO `productdetails` VALUES (56, NULL, NULL, 38, 874);
INSERT INTO `productdetails` VALUES (56, NULL, NULL, 39, 896);
INSERT INTO `productdetails` VALUES (56, NULL, NULL, 40, 918);
INSERT INTO `productdetails` VALUES (56, NULL, NULL, 41, 940);
INSERT INTO `productdetails` VALUES (56, NULL, NULL, 42, 962);
INSERT INTO `productdetails` VALUES (56, NULL, NULL, 43, 984);
INSERT INTO `productdetails` VALUES (56, NULL, NULL, 44, 1006);
INSERT INTO `productdetails` VALUES (56, NULL, NULL, 45, 1028);
INSERT INTO `productdetails` VALUES (56, NULL, NULL, 46, 1050);
INSERT INTO `productdetails` VALUES (56, NULL, NULL, 47, 1072);
INSERT INTO `productdetails` VALUES (56, NULL, NULL, 48, 1094);
INSERT INTO `productdetails` VALUES (56, NULL, NULL, 49, 1116);
INSERT INTO `productdetails` VALUES (56, NULL, NULL, 50, 1138);
INSERT INTO `productdetails` VALUES (56, NULL, NULL, 51, 1160);
INSERT INTO `productdetails` VALUES (56, NULL, NULL, 52, 1182);
INSERT INTO `productdetails` VALUES (56, NULL, NULL, 53, 1204);
INSERT INTO `productdetails` VALUES (56, NULL, NULL, 54, 1226);
INSERT INTO `productdetails` VALUES (56, NULL, NULL, 55, 1248);
INSERT INTO `productdetails` VALUES (56, NULL, NULL, 56, 1270);
INSERT INTO `productdetails` VALUES (56, NULL, NULL, 57, 1292);
INSERT INTO `productdetails` VALUES (56, NULL, NULL, 58, 1314);
INSERT INTO `productdetails` VALUES (56, NULL, NULL, 59, 1336);
INSERT INTO `productdetails` VALUES (56, NULL, NULL, 60, 1358);
INSERT INTO `productdetails` VALUES (56, NULL, NULL, 61, 1380);
INSERT INTO `productdetails` VALUES (56, NULL, NULL, 62, 1402);
INSERT INTO `productdetails` VALUES (56, NULL, NULL, 63, 1424);
INSERT INTO `productdetails` VALUES (56, NULL, NULL, 64, 1446);
INSERT INTO `productdetails` VALUES (56, NULL, NULL, 65, 1468);
INSERT INTO `productdetails` VALUES (56, NULL, NULL, 66, 1490);
INSERT INTO `productdetails` VALUES (56, NULL, NULL, 67, 1512);
INSERT INTO `productdetails` VALUES (56, NULL, NULL, 68, 1534);
INSERT INTO `productdetails` VALUES (56, NULL, NULL, 69, 1556);
INSERT INTO `productdetails` VALUES (56, NULL, NULL, 70, 1578);
INSERT INTO `productdetails` VALUES (56, NULL, NULL, 71, 1600);
INSERT INTO `productdetails` VALUES (56, NULL, NULL, 72, 1622);
INSERT INTO `productdetails` VALUES (56, NULL, NULL, 73, 1644);
INSERT INTO `productdetails` VALUES (56, NULL, NULL, 74, 1666);
INSERT INTO `productdetails` VALUES (56, NULL, NULL, 75, 1688);
INSERT INTO `productdetails` VALUES (56, NULL, NULL, 76, 1710);
INSERT INTO `productdetails` VALUES (56, NULL, NULL, 77, 1732);
INSERT INTO `productdetails` VALUES (56, NULL, NULL, 78, 1754);
INSERT INTO `productdetails` VALUES (56, NULL, NULL, 79, 1776);
INSERT INTO `productdetails` VALUES (56, NULL, NULL, 80, 1798);
INSERT INTO `productdetails` VALUES (56, NULL, NULL, 81, 1820);
INSERT INTO `productdetails` VALUES (56, NULL, NULL, 82, 1842);
INSERT INTO `productdetails` VALUES (56, NULL, NULL, 83, 1864);
INSERT INTO `productdetails` VALUES (56, NULL, NULL, 84, 1886);
INSERT INTO `productdetails` VALUES (56, NULL, NULL, 85, 1908);
INSERT INTO `productdetails` VALUES (56, NULL, NULL, 86, 1930);
INSERT INTO `productdetails` VALUES (56, NULL, NULL, 87, 1952);
INSERT INTO `productdetails` VALUES (56, NULL, NULL, 88, 1974);
INSERT INTO `productdetails` VALUES (56, NULL, NULL, 89, 1996);
INSERT INTO `productdetails` VALUES (56, NULL, NULL, 90, 2018);
INSERT INTO `productdetails` VALUES (56, NULL, NULL, 91, 2040);
INSERT INTO `productdetails` VALUES (56, NULL, NULL, 92, 2062);
INSERT INTO `productdetails` VALUES (56, NULL, NULL, 93, 2084);
INSERT INTO `productdetails` VALUES (56, NULL, NULL, 94, 2106);
INSERT INTO `productdetails` VALUES (56, NULL, NULL, 95, 2128);
INSERT INTO `productdetails` VALUES (56, NULL, NULL, 96, 2150);
INSERT INTO `productdetails` VALUES (56, NULL, NULL, 97, 2172);
INSERT INTO `productdetails` VALUES (56, NULL, NULL, 98, 2194);
INSERT INTO `productdetails` VALUES (56, NULL, NULL, 99, 2216);
INSERT INTO `productdetails` VALUES (56, NULL, NULL, 100, 2238);
INSERT INTO `productdetails` VALUES (56, NULL, NULL, 101, 2260);
INSERT INTO `productdetails` VALUES (56, NULL, NULL, 102, 2282);
INSERT INTO `productdetails` VALUES (56, NULL, NULL, 103, 2304);
INSERT INTO `productdetails` VALUES (56, NULL, NULL, 104, 2326);
INSERT INTO `productdetails` VALUES (56, NULL, NULL, 105, 2348);
INSERT INTO `productdetails` VALUES (56, NULL, NULL, 106, 2370);
INSERT INTO `productdetails` VALUES (56, NULL, NULL, 107, 2392);
INSERT INTO `productdetails` VALUES (56, NULL, NULL, 108, 2414);
INSERT INTO `productdetails` VALUES (56, NULL, NULL, 109, 2436);
INSERT INTO `productdetails` VALUES (56, NULL, NULL, 110, 2458);
INSERT INTO `productdetails` VALUES (56, NULL, NULL, 111, 2480);
INSERT INTO `productdetails` VALUES (56, NULL, NULL, 112, 2502);
INSERT INTO `productdetails` VALUES (56, NULL, NULL, 113, 2524);
INSERT INTO `productdetails` VALUES (56, NULL, NULL, 114, 2546);
INSERT INTO `productdetails` VALUES (56, NULL, NULL, 115, 2568);
INSERT INTO `productdetails` VALUES (56, NULL, NULL, 116, 2590);
INSERT INTO `productdetails` VALUES (56, NULL, NULL, 117, 2612);
INSERT INTO `productdetails` VALUES (56, NULL, NULL, 118, 2634);
INSERT INTO `productdetails` VALUES (56, NULL, NULL, 119, 2656);
INSERT INTO `productdetails` VALUES (56, NULL, NULL, 120, 2678);
INSERT INTO `productdetails` VALUES (56, NULL, NULL, 121, 2700);
INSERT INTO `productdetails` VALUES (56, NULL, NULL, 122, 2722);
INSERT INTO `productdetails` VALUES (56, NULL, NULL, 123, 2744);
INSERT INTO `productdetails` VALUES (56, NULL, NULL, 124, 2766);
INSERT INTO `productdetails` VALUES (56, NULL, NULL, 125, 2788);
INSERT INTO `productdetails` VALUES (56, NULL, NULL, 126, 2810);
INSERT INTO `productdetails` VALUES (56, NULL, NULL, 127, 2832);
INSERT INTO `productdetails` VALUES (56, NULL, NULL, 128, 2854);
INSERT INTO `productdetails` VALUES (56, NULL, NULL, 129, 2876);
INSERT INTO `productdetails` VALUES (56, NULL, NULL, 130, 2898);
INSERT INTO `productdetails` VALUES (56, NULL, NULL, 131, 2920);
INSERT INTO `productdetails` VALUES (56, NULL, NULL, 132, 2942);
INSERT INTO `productdetails` VALUES (56, NULL, NULL, 133, 2964);
INSERT INTO `productdetails` VALUES (56, NULL, NULL, 134, 2986);
INSERT INTO `productdetails` VALUES (56, NULL, NULL, 135, 3008);
INSERT INTO `productdetails` VALUES (56, NULL, NULL, 136, 3030);
INSERT INTO `productdetails` VALUES (56, NULL, NULL, 137, 3052);
INSERT INTO `productdetails` VALUES (56, NULL, NULL, 138, 3074);
INSERT INTO `productdetails` VALUES (56, NULL, NULL, 139, 3096);
INSERT INTO `productdetails` VALUES (56, NULL, NULL, 140, 3118);
INSERT INTO `productdetails` VALUES (56, NULL, NULL, 141, 3140);
INSERT INTO `productdetails` VALUES (56, NULL, NULL, 142, 3162);
INSERT INTO `productdetails` VALUES (56, NULL, NULL, 143, 3184);
INSERT INTO `productdetails` VALUES (56, NULL, NULL, 144, 3206);
INSERT INTO `productdetails` VALUES (56, NULL, NULL, 145, 3228);
INSERT INTO `productdetails` VALUES (56, NULL, NULL, 146, 3250);
INSERT INTO `productdetails` VALUES (56, NULL, NULL, 147, 3272);
INSERT INTO `productdetails` VALUES (56, NULL, NULL, 148, 3294);
INSERT INTO `productdetails` VALUES (56, NULL, NULL, 149, 3316);
INSERT INTO `productdetails` VALUES (56, NULL, NULL, 150, 3338);
INSERT INTO `productdetails` VALUES (57, NULL, NULL, 2, 39);
INSERT INTO `productdetails` VALUES (58, NULL, NULL, 3, 66);
INSERT INTO `productdetails` VALUES (59, NULL, NULL, 4, 93);
INSERT INTO `productdetails` VALUES (60, NULL, NULL, 5, 120);
INSERT INTO `productdetails` VALUES (60, NULL, NULL, 163, 3362);
INSERT INTO `productdetails` VALUES (60, NULL, NULL, 164, 3388);
INSERT INTO `productdetails` VALUES (60, NULL, NULL, 165, 3413);
INSERT INTO `productdetails` VALUES (60, NULL, NULL, 166, 3436);
INSERT INTO `productdetails` VALUES (61, NULL, NULL, 1, 13);
INSERT INTO `productdetails` VALUES (61, NULL, NULL, 6, 148);
INSERT INTO `productdetails` VALUES (61, NULL, NULL, 7, 175);
INSERT INTO `productdetails` VALUES (61, NULL, NULL, 8, 202);
INSERT INTO `productdetails` VALUES (61, NULL, NULL, 9, 229);
INSERT INTO `productdetails` VALUES (61, NULL, NULL, 10, 256);
INSERT INTO `productdetails` VALUES (61, NULL, NULL, 11, 281);
INSERT INTO `productdetails` VALUES (61, NULL, NULL, 12, 303);
INSERT INTO `productdetails` VALUES (61, NULL, NULL, 13, 325);
INSERT INTO `productdetails` VALUES (61, NULL, NULL, 14, 347);
INSERT INTO `productdetails` VALUES (61, NULL, NULL, 15, 369);
INSERT INTO `productdetails` VALUES (61, NULL, NULL, 16, 391);
INSERT INTO `productdetails` VALUES (61, NULL, NULL, 17, 413);
INSERT INTO `productdetails` VALUES (61, NULL, NULL, 18, 435);
INSERT INTO `productdetails` VALUES (61, NULL, NULL, 19, 457);
INSERT INTO `productdetails` VALUES (61, NULL, NULL, 20, 479);
INSERT INTO `productdetails` VALUES (61, NULL, NULL, 21, 501);
INSERT INTO `productdetails` VALUES (61, NULL, NULL, 22, 523);
INSERT INTO `productdetails` VALUES (61, NULL, NULL, 23, 545);
INSERT INTO `productdetails` VALUES (61, NULL, NULL, 24, 567);
INSERT INTO `productdetails` VALUES (61, NULL, NULL, 25, 589);
INSERT INTO `productdetails` VALUES (61, NULL, NULL, 26, 611);
INSERT INTO `productdetails` VALUES (61, NULL, NULL, 27, 633);
INSERT INTO `productdetails` VALUES (61, NULL, NULL, 28, 655);
INSERT INTO `productdetails` VALUES (61, NULL, NULL, 29, 677);
INSERT INTO `productdetails` VALUES (61, NULL, NULL, 30, 699);
INSERT INTO `productdetails` VALUES (61, NULL, NULL, 31, 721);
INSERT INTO `productdetails` VALUES (61, NULL, NULL, 32, 743);
INSERT INTO `productdetails` VALUES (61, NULL, NULL, 33, 765);
INSERT INTO `productdetails` VALUES (61, NULL, NULL, 34, 787);
INSERT INTO `productdetails` VALUES (61, NULL, NULL, 35, 809);
INSERT INTO `productdetails` VALUES (61, NULL, NULL, 36, 831);
INSERT INTO `productdetails` VALUES (61, NULL, NULL, 37, 853);
INSERT INTO `productdetails` VALUES (61, NULL, NULL, 38, 875);
INSERT INTO `productdetails` VALUES (61, NULL, NULL, 39, 897);
INSERT INTO `productdetails` VALUES (61, NULL, NULL, 40, 919);
INSERT INTO `productdetails` VALUES (61, NULL, NULL, 41, 941);
INSERT INTO `productdetails` VALUES (61, NULL, NULL, 42, 963);
INSERT INTO `productdetails` VALUES (61, NULL, NULL, 43, 985);
INSERT INTO `productdetails` VALUES (61, NULL, NULL, 44, 1007);
INSERT INTO `productdetails` VALUES (61, NULL, NULL, 45, 1029);
INSERT INTO `productdetails` VALUES (61, NULL, NULL, 46, 1051);
INSERT INTO `productdetails` VALUES (61, NULL, NULL, 47, 1073);
INSERT INTO `productdetails` VALUES (61, NULL, NULL, 48, 1095);
INSERT INTO `productdetails` VALUES (61, NULL, NULL, 49, 1117);
INSERT INTO `productdetails` VALUES (61, NULL, NULL, 50, 1139);
INSERT INTO `productdetails` VALUES (61, NULL, NULL, 51, 1161);
INSERT INTO `productdetails` VALUES (61, NULL, NULL, 52, 1183);
INSERT INTO `productdetails` VALUES (61, NULL, NULL, 53, 1205);
INSERT INTO `productdetails` VALUES (61, NULL, NULL, 54, 1227);
INSERT INTO `productdetails` VALUES (61, NULL, NULL, 55, 1249);
INSERT INTO `productdetails` VALUES (61, NULL, NULL, 56, 1271);
INSERT INTO `productdetails` VALUES (61, NULL, NULL, 57, 1293);
INSERT INTO `productdetails` VALUES (61, NULL, NULL, 58, 1315);
INSERT INTO `productdetails` VALUES (61, NULL, NULL, 59, 1337);
INSERT INTO `productdetails` VALUES (61, NULL, NULL, 60, 1359);
INSERT INTO `productdetails` VALUES (61, NULL, NULL, 61, 1381);
INSERT INTO `productdetails` VALUES (61, NULL, NULL, 62, 1403);
INSERT INTO `productdetails` VALUES (61, NULL, NULL, 63, 1425);
INSERT INTO `productdetails` VALUES (61, NULL, NULL, 64, 1447);
INSERT INTO `productdetails` VALUES (61, NULL, NULL, 65, 1469);
INSERT INTO `productdetails` VALUES (61, NULL, NULL, 66, 1491);
INSERT INTO `productdetails` VALUES (61, NULL, NULL, 67, 1513);
INSERT INTO `productdetails` VALUES (61, NULL, NULL, 68, 1535);
INSERT INTO `productdetails` VALUES (61, NULL, NULL, 69, 1557);
INSERT INTO `productdetails` VALUES (61, NULL, NULL, 70, 1579);
INSERT INTO `productdetails` VALUES (61, NULL, NULL, 71, 1601);
INSERT INTO `productdetails` VALUES (61, NULL, NULL, 72, 1623);
INSERT INTO `productdetails` VALUES (61, NULL, NULL, 73, 1645);
INSERT INTO `productdetails` VALUES (61, NULL, NULL, 74, 1667);
INSERT INTO `productdetails` VALUES (61, NULL, NULL, 75, 1689);
INSERT INTO `productdetails` VALUES (61, NULL, NULL, 76, 1711);
INSERT INTO `productdetails` VALUES (61, NULL, NULL, 77, 1733);
INSERT INTO `productdetails` VALUES (61, NULL, NULL, 78, 1755);
INSERT INTO `productdetails` VALUES (61, NULL, NULL, 79, 1777);
INSERT INTO `productdetails` VALUES (61, NULL, NULL, 80, 1799);
INSERT INTO `productdetails` VALUES (61, NULL, NULL, 81, 1821);
INSERT INTO `productdetails` VALUES (61, NULL, NULL, 82, 1843);
INSERT INTO `productdetails` VALUES (61, NULL, NULL, 83, 1865);
INSERT INTO `productdetails` VALUES (61, NULL, NULL, 84, 1887);
INSERT INTO `productdetails` VALUES (61, NULL, NULL, 85, 1909);
INSERT INTO `productdetails` VALUES (61, NULL, NULL, 86, 1931);
INSERT INTO `productdetails` VALUES (61, NULL, NULL, 87, 1953);
INSERT INTO `productdetails` VALUES (61, NULL, NULL, 88, 1975);
INSERT INTO `productdetails` VALUES (61, NULL, NULL, 89, 1997);
INSERT INTO `productdetails` VALUES (61, NULL, NULL, 90, 2019);
INSERT INTO `productdetails` VALUES (61, NULL, NULL, 91, 2041);
INSERT INTO `productdetails` VALUES (61, NULL, NULL, 92, 2063);
INSERT INTO `productdetails` VALUES (61, NULL, NULL, 93, 2085);
INSERT INTO `productdetails` VALUES (61, NULL, NULL, 94, 2107);
INSERT INTO `productdetails` VALUES (61, NULL, NULL, 95, 2129);
INSERT INTO `productdetails` VALUES (61, NULL, NULL, 96, 2151);
INSERT INTO `productdetails` VALUES (61, NULL, NULL, 97, 2173);
INSERT INTO `productdetails` VALUES (61, NULL, NULL, 98, 2195);
INSERT INTO `productdetails` VALUES (61, NULL, NULL, 99, 2217);
INSERT INTO `productdetails` VALUES (61, NULL, NULL, 100, 2239);
INSERT INTO `productdetails` VALUES (61, NULL, NULL, 101, 2261);
INSERT INTO `productdetails` VALUES (61, NULL, NULL, 102, 2283);
INSERT INTO `productdetails` VALUES (61, NULL, NULL, 103, 2305);
INSERT INTO `productdetails` VALUES (61, NULL, NULL, 104, 2327);
INSERT INTO `productdetails` VALUES (61, NULL, NULL, 105, 2349);
INSERT INTO `productdetails` VALUES (61, NULL, NULL, 106, 2371);
INSERT INTO `productdetails` VALUES (61, NULL, NULL, 107, 2393);
INSERT INTO `productdetails` VALUES (61, NULL, NULL, 108, 2415);
INSERT INTO `productdetails` VALUES (61, NULL, NULL, 109, 2437);
INSERT INTO `productdetails` VALUES (61, NULL, NULL, 110, 2459);
INSERT INTO `productdetails` VALUES (61, NULL, NULL, 111, 2481);
INSERT INTO `productdetails` VALUES (61, NULL, NULL, 112, 2503);
INSERT INTO `productdetails` VALUES (61, NULL, NULL, 113, 2525);
INSERT INTO `productdetails` VALUES (61, NULL, NULL, 114, 2547);
INSERT INTO `productdetails` VALUES (61, NULL, NULL, 115, 2569);
INSERT INTO `productdetails` VALUES (61, NULL, NULL, 116, 2591);
INSERT INTO `productdetails` VALUES (61, NULL, NULL, 117, 2613);
INSERT INTO `productdetails` VALUES (61, NULL, NULL, 118, 2635);
INSERT INTO `productdetails` VALUES (61, NULL, NULL, 119, 2657);
INSERT INTO `productdetails` VALUES (61, NULL, NULL, 120, 2679);
INSERT INTO `productdetails` VALUES (61, NULL, NULL, 121, 2701);
INSERT INTO `productdetails` VALUES (61, NULL, NULL, 122, 2723);
INSERT INTO `productdetails` VALUES (61, NULL, NULL, 123, 2745);
INSERT INTO `productdetails` VALUES (61, NULL, NULL, 124, 2767);
INSERT INTO `productdetails` VALUES (61, NULL, NULL, 125, 2789);
INSERT INTO `productdetails` VALUES (61, NULL, NULL, 126, 2811);
INSERT INTO `productdetails` VALUES (61, NULL, NULL, 127, 2833);
INSERT INTO `productdetails` VALUES (61, NULL, NULL, 128, 2855);
INSERT INTO `productdetails` VALUES (61, NULL, NULL, 129, 2877);
INSERT INTO `productdetails` VALUES (61, NULL, NULL, 130, 2899);
INSERT INTO `productdetails` VALUES (61, NULL, NULL, 131, 2921);
INSERT INTO `productdetails` VALUES (61, NULL, NULL, 132, 2943);
INSERT INTO `productdetails` VALUES (61, NULL, NULL, 133, 2965);
INSERT INTO `productdetails` VALUES (61, NULL, NULL, 134, 2987);
INSERT INTO `productdetails` VALUES (61, NULL, NULL, 135, 3009);
INSERT INTO `productdetails` VALUES (61, NULL, NULL, 136, 3031);
INSERT INTO `productdetails` VALUES (61, NULL, NULL, 137, 3053);
INSERT INTO `productdetails` VALUES (61, NULL, NULL, 138, 3075);
INSERT INTO `productdetails` VALUES (61, NULL, NULL, 139, 3097);
INSERT INTO `productdetails` VALUES (61, NULL, NULL, 140, 3119);
INSERT INTO `productdetails` VALUES (61, NULL, NULL, 141, 3141);
INSERT INTO `productdetails` VALUES (61, NULL, NULL, 142, 3163);
INSERT INTO `productdetails` VALUES (61, NULL, NULL, 143, 3185);
INSERT INTO `productdetails` VALUES (61, NULL, NULL, 144, 3207);
INSERT INTO `productdetails` VALUES (61, NULL, NULL, 145, 3229);
INSERT INTO `productdetails` VALUES (61, NULL, NULL, 146, 3251);
INSERT INTO `productdetails` VALUES (61, NULL, NULL, 147, 3273);
INSERT INTO `productdetails` VALUES (61, NULL, NULL, 148, 3295);
INSERT INTO `productdetails` VALUES (61, NULL, NULL, 149, 3317);
INSERT INTO `productdetails` VALUES (61, NULL, NULL, 150, 3339);
INSERT INTO `productdetails` VALUES (62, NULL, NULL, 2, 40);
INSERT INTO `productdetails` VALUES (63, NULL, NULL, 3, 67);
INSERT INTO `productdetails` VALUES (64, NULL, NULL, 4, 94);
INSERT INTO `productdetails` VALUES (65, NULL, NULL, 5, 121);
INSERT INTO `productdetails` VALUES (66, NULL, NULL, 1, 14);
INSERT INTO `productdetails` VALUES (66, NULL, NULL, 6, 149);
INSERT INTO `productdetails` VALUES (66, NULL, NULL, 7, 176);
INSERT INTO `productdetails` VALUES (66, NULL, NULL, 8, 203);
INSERT INTO `productdetails` VALUES (66, NULL, NULL, 9, 230);
INSERT INTO `productdetails` VALUES (66, NULL, NULL, 10, 257);
INSERT INTO `productdetails` VALUES (66, NULL, NULL, 11, 282);
INSERT INTO `productdetails` VALUES (66, NULL, NULL, 12, 304);
INSERT INTO `productdetails` VALUES (66, NULL, NULL, 13, 326);
INSERT INTO `productdetails` VALUES (66, NULL, NULL, 14, 348);
INSERT INTO `productdetails` VALUES (66, NULL, NULL, 15, 370);
INSERT INTO `productdetails` VALUES (66, NULL, NULL, 16, 392);
INSERT INTO `productdetails` VALUES (66, NULL, NULL, 17, 414);
INSERT INTO `productdetails` VALUES (66, NULL, NULL, 18, 436);
INSERT INTO `productdetails` VALUES (66, NULL, NULL, 19, 458);
INSERT INTO `productdetails` VALUES (66, NULL, NULL, 20, 480);
INSERT INTO `productdetails` VALUES (66, NULL, NULL, 21, 502);
INSERT INTO `productdetails` VALUES (66, NULL, NULL, 22, 524);
INSERT INTO `productdetails` VALUES (66, NULL, NULL, 23, 546);
INSERT INTO `productdetails` VALUES (66, NULL, NULL, 24, 568);
INSERT INTO `productdetails` VALUES (66, NULL, NULL, 25, 590);
INSERT INTO `productdetails` VALUES (66, NULL, NULL, 26, 612);
INSERT INTO `productdetails` VALUES (66, NULL, NULL, 27, 634);
INSERT INTO `productdetails` VALUES (66, NULL, NULL, 28, 656);
INSERT INTO `productdetails` VALUES (66, NULL, NULL, 29, 678);
INSERT INTO `productdetails` VALUES (66, NULL, NULL, 30, 700);
INSERT INTO `productdetails` VALUES (66, NULL, NULL, 31, 722);
INSERT INTO `productdetails` VALUES (66, NULL, NULL, 32, 744);
INSERT INTO `productdetails` VALUES (66, NULL, NULL, 33, 766);
INSERT INTO `productdetails` VALUES (66, NULL, NULL, 34, 788);
INSERT INTO `productdetails` VALUES (66, NULL, NULL, 35, 810);
INSERT INTO `productdetails` VALUES (66, NULL, NULL, 36, 832);
INSERT INTO `productdetails` VALUES (66, NULL, NULL, 37, 854);
INSERT INTO `productdetails` VALUES (66, NULL, NULL, 38, 876);
INSERT INTO `productdetails` VALUES (66, NULL, NULL, 39, 898);
INSERT INTO `productdetails` VALUES (66, NULL, NULL, 40, 920);
INSERT INTO `productdetails` VALUES (66, NULL, NULL, 41, 942);
INSERT INTO `productdetails` VALUES (66, NULL, NULL, 42, 964);
INSERT INTO `productdetails` VALUES (66, NULL, NULL, 43, 986);
INSERT INTO `productdetails` VALUES (66, NULL, NULL, 44, 1008);
INSERT INTO `productdetails` VALUES (66, NULL, NULL, 45, 1030);
INSERT INTO `productdetails` VALUES (66, NULL, NULL, 46, 1052);
INSERT INTO `productdetails` VALUES (66, NULL, NULL, 47, 1074);
INSERT INTO `productdetails` VALUES (66, NULL, NULL, 48, 1096);
INSERT INTO `productdetails` VALUES (66, NULL, NULL, 49, 1118);
INSERT INTO `productdetails` VALUES (66, NULL, NULL, 50, 1140);
INSERT INTO `productdetails` VALUES (66, NULL, NULL, 51, 1162);
INSERT INTO `productdetails` VALUES (66, NULL, NULL, 52, 1184);
INSERT INTO `productdetails` VALUES (66, NULL, NULL, 53, 1206);
INSERT INTO `productdetails` VALUES (66, NULL, NULL, 54, 1228);
INSERT INTO `productdetails` VALUES (66, NULL, NULL, 55, 1250);
INSERT INTO `productdetails` VALUES (66, NULL, NULL, 56, 1272);
INSERT INTO `productdetails` VALUES (66, NULL, NULL, 57, 1294);
INSERT INTO `productdetails` VALUES (66, NULL, NULL, 58, 1316);
INSERT INTO `productdetails` VALUES (66, NULL, NULL, 59, 1338);
INSERT INTO `productdetails` VALUES (66, NULL, NULL, 60, 1360);
INSERT INTO `productdetails` VALUES (66, NULL, NULL, 61, 1382);
INSERT INTO `productdetails` VALUES (66, NULL, NULL, 62, 1404);
INSERT INTO `productdetails` VALUES (66, NULL, NULL, 63, 1426);
INSERT INTO `productdetails` VALUES (66, NULL, NULL, 64, 1448);
INSERT INTO `productdetails` VALUES (66, NULL, NULL, 65, 1470);
INSERT INTO `productdetails` VALUES (66, NULL, NULL, 66, 1492);
INSERT INTO `productdetails` VALUES (66, NULL, NULL, 67, 1514);
INSERT INTO `productdetails` VALUES (66, NULL, NULL, 68, 1536);
INSERT INTO `productdetails` VALUES (66, NULL, NULL, 69, 1558);
INSERT INTO `productdetails` VALUES (66, NULL, NULL, 70, 1580);
INSERT INTO `productdetails` VALUES (66, NULL, NULL, 71, 1602);
INSERT INTO `productdetails` VALUES (66, NULL, NULL, 72, 1624);
INSERT INTO `productdetails` VALUES (66, NULL, NULL, 73, 1646);
INSERT INTO `productdetails` VALUES (66, NULL, NULL, 74, 1668);
INSERT INTO `productdetails` VALUES (66, NULL, NULL, 75, 1690);
INSERT INTO `productdetails` VALUES (66, NULL, NULL, 76, 1712);
INSERT INTO `productdetails` VALUES (66, NULL, NULL, 77, 1734);
INSERT INTO `productdetails` VALUES (66, NULL, NULL, 78, 1756);
INSERT INTO `productdetails` VALUES (66, NULL, NULL, 79, 1778);
INSERT INTO `productdetails` VALUES (66, NULL, NULL, 80, 1800);
INSERT INTO `productdetails` VALUES (66, NULL, NULL, 81, 1822);
INSERT INTO `productdetails` VALUES (66, NULL, NULL, 82, 1844);
INSERT INTO `productdetails` VALUES (66, NULL, NULL, 83, 1866);
INSERT INTO `productdetails` VALUES (66, NULL, NULL, 84, 1888);
INSERT INTO `productdetails` VALUES (66, NULL, NULL, 85, 1910);
INSERT INTO `productdetails` VALUES (66, NULL, NULL, 86, 1932);
INSERT INTO `productdetails` VALUES (66, NULL, NULL, 87, 1954);
INSERT INTO `productdetails` VALUES (66, NULL, NULL, 88, 1976);
INSERT INTO `productdetails` VALUES (66, NULL, NULL, 89, 1998);
INSERT INTO `productdetails` VALUES (66, NULL, NULL, 90, 2020);
INSERT INTO `productdetails` VALUES (66, NULL, NULL, 91, 2042);
INSERT INTO `productdetails` VALUES (66, NULL, NULL, 92, 2064);
INSERT INTO `productdetails` VALUES (66, NULL, NULL, 93, 2086);
INSERT INTO `productdetails` VALUES (66, NULL, NULL, 94, 2108);
INSERT INTO `productdetails` VALUES (66, NULL, NULL, 95, 2130);
INSERT INTO `productdetails` VALUES (66, NULL, NULL, 96, 2152);
INSERT INTO `productdetails` VALUES (66, NULL, NULL, 97, 2174);
INSERT INTO `productdetails` VALUES (66, NULL, NULL, 98, 2196);
INSERT INTO `productdetails` VALUES (66, NULL, NULL, 99, 2218);
INSERT INTO `productdetails` VALUES (66, NULL, NULL, 100, 2240);
INSERT INTO `productdetails` VALUES (66, NULL, NULL, 101, 2262);
INSERT INTO `productdetails` VALUES (66, NULL, NULL, 102, 2284);
INSERT INTO `productdetails` VALUES (66, NULL, NULL, 103, 2306);
INSERT INTO `productdetails` VALUES (66, NULL, NULL, 104, 2328);
INSERT INTO `productdetails` VALUES (66, NULL, NULL, 105, 2350);
INSERT INTO `productdetails` VALUES (66, NULL, NULL, 106, 2372);
INSERT INTO `productdetails` VALUES (66, NULL, NULL, 107, 2394);
INSERT INTO `productdetails` VALUES (66, NULL, NULL, 108, 2416);
INSERT INTO `productdetails` VALUES (66, NULL, NULL, 109, 2438);
INSERT INTO `productdetails` VALUES (66, NULL, NULL, 110, 2460);
INSERT INTO `productdetails` VALUES (66, NULL, NULL, 111, 2482);
INSERT INTO `productdetails` VALUES (66, NULL, NULL, 112, 2504);
INSERT INTO `productdetails` VALUES (66, NULL, NULL, 113, 2526);
INSERT INTO `productdetails` VALUES (66, NULL, NULL, 114, 2548);
INSERT INTO `productdetails` VALUES (66, NULL, NULL, 115, 2570);
INSERT INTO `productdetails` VALUES (66, NULL, NULL, 116, 2592);
INSERT INTO `productdetails` VALUES (66, NULL, NULL, 117, 2614);
INSERT INTO `productdetails` VALUES (66, NULL, NULL, 118, 2636);
INSERT INTO `productdetails` VALUES (66, NULL, NULL, 119, 2658);
INSERT INTO `productdetails` VALUES (66, NULL, NULL, 120, 2680);
INSERT INTO `productdetails` VALUES (66, NULL, NULL, 121, 2702);
INSERT INTO `productdetails` VALUES (66, NULL, NULL, 122, 2724);
INSERT INTO `productdetails` VALUES (66, NULL, NULL, 123, 2746);
INSERT INTO `productdetails` VALUES (66, NULL, NULL, 124, 2768);
INSERT INTO `productdetails` VALUES (66, NULL, NULL, 125, 2790);
INSERT INTO `productdetails` VALUES (66, NULL, NULL, 126, 2812);
INSERT INTO `productdetails` VALUES (66, NULL, NULL, 127, 2834);
INSERT INTO `productdetails` VALUES (66, NULL, NULL, 128, 2856);
INSERT INTO `productdetails` VALUES (66, NULL, NULL, 129, 2878);
INSERT INTO `productdetails` VALUES (66, NULL, NULL, 130, 2900);
INSERT INTO `productdetails` VALUES (66, NULL, NULL, 131, 2922);
INSERT INTO `productdetails` VALUES (66, NULL, NULL, 132, 2944);
INSERT INTO `productdetails` VALUES (66, NULL, NULL, 133, 2966);
INSERT INTO `productdetails` VALUES (66, NULL, NULL, 134, 2988);
INSERT INTO `productdetails` VALUES (66, NULL, NULL, 135, 3010);
INSERT INTO `productdetails` VALUES (66, NULL, NULL, 136, 3032);
INSERT INTO `productdetails` VALUES (66, NULL, NULL, 137, 3054);
INSERT INTO `productdetails` VALUES (66, NULL, NULL, 138, 3076);
INSERT INTO `productdetails` VALUES (66, NULL, NULL, 139, 3098);
INSERT INTO `productdetails` VALUES (66, NULL, NULL, 140, 3120);
INSERT INTO `productdetails` VALUES (66, NULL, NULL, 141, 3142);
INSERT INTO `productdetails` VALUES (66, NULL, NULL, 142, 3164);
INSERT INTO `productdetails` VALUES (66, NULL, NULL, 143, 3186);
INSERT INTO `productdetails` VALUES (66, NULL, NULL, 144, 3208);
INSERT INTO `productdetails` VALUES (66, NULL, NULL, 145, 3230);
INSERT INTO `productdetails` VALUES (66, NULL, NULL, 146, 3252);
INSERT INTO `productdetails` VALUES (66, NULL, NULL, 147, 3274);
INSERT INTO `productdetails` VALUES (66, NULL, NULL, 148, 3296);
INSERT INTO `productdetails` VALUES (66, NULL, NULL, 149, 3318);
INSERT INTO `productdetails` VALUES (66, NULL, NULL, 150, 3340);
INSERT INTO `productdetails` VALUES (66, NULL, NULL, 166, 3437);
INSERT INTO `productdetails` VALUES (67, NULL, NULL, 2, 41);
INSERT INTO `productdetails` VALUES (68, NULL, NULL, 3, 68);
INSERT INTO `productdetails` VALUES (69, NULL, NULL, 4, 95);
INSERT INTO `productdetails` VALUES (69, NULL, NULL, 163, 3363);
INSERT INTO `productdetails` VALUES (69, NULL, NULL, 164, 3389);
INSERT INTO `productdetails` VALUES (69, NULL, NULL, 165, 3414);
INSERT INTO `productdetails` VALUES (70, NULL, NULL, 5, 122);
INSERT INTO `productdetails` VALUES (71, NULL, NULL, 1, 15);
INSERT INTO `productdetails` VALUES (71, NULL, NULL, 6, 150);
INSERT INTO `productdetails` VALUES (71, NULL, NULL, 7, 177);
INSERT INTO `productdetails` VALUES (71, NULL, NULL, 8, 204);
INSERT INTO `productdetails` VALUES (71, NULL, NULL, 9, 231);
INSERT INTO `productdetails` VALUES (71, NULL, NULL, 10, 258);
INSERT INTO `productdetails` VALUES (72, NULL, NULL, 2, 42);
INSERT INTO `productdetails` VALUES (73, NULL, NULL, 3, 69);
INSERT INTO `productdetails` VALUES (74, NULL, NULL, 4, 96);
INSERT INTO `productdetails` VALUES (75, NULL, NULL, 5, 123);
INSERT INTO `productdetails` VALUES (75, NULL, NULL, 163, 3364);
INSERT INTO `productdetails` VALUES (75, NULL, NULL, 164, 3390);
INSERT INTO `productdetails` VALUES (75, NULL, NULL, 165, 3415);
INSERT INTO `productdetails` VALUES (75, NULL, NULL, 166, 3438);
INSERT INTO `productdetails` VALUES (76, NULL, NULL, 1, 16);
INSERT INTO `productdetails` VALUES (76, NULL, NULL, 6, 151);
INSERT INTO `productdetails` VALUES (76, NULL, NULL, 7, 178);
INSERT INTO `productdetails` VALUES (76, NULL, NULL, 8, 205);
INSERT INTO `productdetails` VALUES (76, NULL, NULL, 9, 232);
INSERT INTO `productdetails` VALUES (76, NULL, NULL, 10, 259);
INSERT INTO `productdetails` VALUES (76, NULL, NULL, 11, 283);
INSERT INTO `productdetails` VALUES (76, NULL, NULL, 12, 305);
INSERT INTO `productdetails` VALUES (76, NULL, NULL, 13, 327);
INSERT INTO `productdetails` VALUES (76, NULL, NULL, 14, 349);
INSERT INTO `productdetails` VALUES (76, NULL, NULL, 15, 371);
INSERT INTO `productdetails` VALUES (76, NULL, NULL, 16, 393);
INSERT INTO `productdetails` VALUES (76, NULL, NULL, 17, 415);
INSERT INTO `productdetails` VALUES (76, NULL, NULL, 18, 437);
INSERT INTO `productdetails` VALUES (76, NULL, NULL, 19, 459);
INSERT INTO `productdetails` VALUES (76, NULL, NULL, 20, 481);
INSERT INTO `productdetails` VALUES (76, NULL, NULL, 21, 503);
INSERT INTO `productdetails` VALUES (76, NULL, NULL, 22, 525);
INSERT INTO `productdetails` VALUES (76, NULL, NULL, 23, 547);
INSERT INTO `productdetails` VALUES (76, NULL, NULL, 24, 569);
INSERT INTO `productdetails` VALUES (76, NULL, NULL, 25, 591);
INSERT INTO `productdetails` VALUES (76, NULL, NULL, 26, 613);
INSERT INTO `productdetails` VALUES (76, NULL, NULL, 27, 635);
INSERT INTO `productdetails` VALUES (76, NULL, NULL, 28, 657);
INSERT INTO `productdetails` VALUES (76, NULL, NULL, 29, 679);
INSERT INTO `productdetails` VALUES (76, NULL, NULL, 30, 701);
INSERT INTO `productdetails` VALUES (76, NULL, NULL, 31, 723);
INSERT INTO `productdetails` VALUES (76, NULL, NULL, 32, 745);
INSERT INTO `productdetails` VALUES (76, NULL, NULL, 33, 767);
INSERT INTO `productdetails` VALUES (76, NULL, NULL, 34, 789);
INSERT INTO `productdetails` VALUES (76, NULL, NULL, 35, 811);
INSERT INTO `productdetails` VALUES (76, NULL, NULL, 36, 833);
INSERT INTO `productdetails` VALUES (76, NULL, NULL, 37, 855);
INSERT INTO `productdetails` VALUES (76, NULL, NULL, 38, 877);
INSERT INTO `productdetails` VALUES (76, NULL, NULL, 39, 899);
INSERT INTO `productdetails` VALUES (76, NULL, NULL, 40, 921);
INSERT INTO `productdetails` VALUES (76, NULL, NULL, 41, 943);
INSERT INTO `productdetails` VALUES (76, NULL, NULL, 42, 965);
INSERT INTO `productdetails` VALUES (76, NULL, NULL, 43, 987);
INSERT INTO `productdetails` VALUES (76, NULL, NULL, 44, 1009);
INSERT INTO `productdetails` VALUES (76, NULL, NULL, 45, 1031);
INSERT INTO `productdetails` VALUES (76, NULL, NULL, 46, 1053);
INSERT INTO `productdetails` VALUES (76, NULL, NULL, 47, 1075);
INSERT INTO `productdetails` VALUES (76, NULL, NULL, 48, 1097);
INSERT INTO `productdetails` VALUES (76, NULL, NULL, 49, 1119);
INSERT INTO `productdetails` VALUES (76, NULL, NULL, 50, 1141);
INSERT INTO `productdetails` VALUES (76, NULL, NULL, 51, 1163);
INSERT INTO `productdetails` VALUES (76, NULL, NULL, 52, 1185);
INSERT INTO `productdetails` VALUES (76, NULL, NULL, 53, 1207);
INSERT INTO `productdetails` VALUES (76, NULL, NULL, 54, 1229);
INSERT INTO `productdetails` VALUES (76, NULL, NULL, 55, 1251);
INSERT INTO `productdetails` VALUES (76, NULL, NULL, 56, 1273);
INSERT INTO `productdetails` VALUES (76, NULL, NULL, 57, 1295);
INSERT INTO `productdetails` VALUES (76, NULL, NULL, 58, 1317);
INSERT INTO `productdetails` VALUES (76, NULL, NULL, 59, 1339);
INSERT INTO `productdetails` VALUES (76, NULL, NULL, 60, 1361);
INSERT INTO `productdetails` VALUES (76, NULL, NULL, 61, 1383);
INSERT INTO `productdetails` VALUES (76, NULL, NULL, 62, 1405);
INSERT INTO `productdetails` VALUES (76, NULL, NULL, 63, 1427);
INSERT INTO `productdetails` VALUES (76, NULL, NULL, 64, 1449);
INSERT INTO `productdetails` VALUES (76, NULL, NULL, 65, 1471);
INSERT INTO `productdetails` VALUES (76, NULL, NULL, 66, 1493);
INSERT INTO `productdetails` VALUES (76, NULL, NULL, 67, 1515);
INSERT INTO `productdetails` VALUES (76, NULL, NULL, 68, 1537);
INSERT INTO `productdetails` VALUES (76, NULL, NULL, 69, 1559);
INSERT INTO `productdetails` VALUES (76, NULL, NULL, 70, 1581);
INSERT INTO `productdetails` VALUES (76, NULL, NULL, 71, 1603);
INSERT INTO `productdetails` VALUES (76, NULL, NULL, 72, 1625);
INSERT INTO `productdetails` VALUES (76, NULL, NULL, 73, 1647);
INSERT INTO `productdetails` VALUES (76, NULL, NULL, 74, 1669);
INSERT INTO `productdetails` VALUES (76, NULL, NULL, 75, 1691);
INSERT INTO `productdetails` VALUES (76, NULL, NULL, 76, 1713);
INSERT INTO `productdetails` VALUES (76, NULL, NULL, 77, 1735);
INSERT INTO `productdetails` VALUES (76, NULL, NULL, 78, 1757);
INSERT INTO `productdetails` VALUES (76, NULL, NULL, 79, 1779);
INSERT INTO `productdetails` VALUES (76, NULL, NULL, 80, 1801);
INSERT INTO `productdetails` VALUES (76, NULL, NULL, 81, 1823);
INSERT INTO `productdetails` VALUES (76, NULL, NULL, 82, 1845);
INSERT INTO `productdetails` VALUES (76, NULL, NULL, 83, 1867);
INSERT INTO `productdetails` VALUES (76, NULL, NULL, 84, 1889);
INSERT INTO `productdetails` VALUES (76, NULL, NULL, 85, 1911);
INSERT INTO `productdetails` VALUES (76, NULL, NULL, 86, 1933);
INSERT INTO `productdetails` VALUES (76, NULL, NULL, 87, 1955);
INSERT INTO `productdetails` VALUES (76, NULL, NULL, 88, 1977);
INSERT INTO `productdetails` VALUES (76, NULL, NULL, 89, 1999);
INSERT INTO `productdetails` VALUES (76, NULL, NULL, 90, 2021);
INSERT INTO `productdetails` VALUES (76, NULL, NULL, 91, 2043);
INSERT INTO `productdetails` VALUES (76, NULL, NULL, 92, 2065);
INSERT INTO `productdetails` VALUES (76, NULL, NULL, 93, 2087);
INSERT INTO `productdetails` VALUES (76, NULL, NULL, 94, 2109);
INSERT INTO `productdetails` VALUES (76, NULL, NULL, 95, 2131);
INSERT INTO `productdetails` VALUES (76, NULL, NULL, 96, 2153);
INSERT INTO `productdetails` VALUES (76, NULL, NULL, 97, 2175);
INSERT INTO `productdetails` VALUES (76, NULL, NULL, 98, 2197);
INSERT INTO `productdetails` VALUES (76, NULL, NULL, 99, 2219);
INSERT INTO `productdetails` VALUES (76, NULL, NULL, 100, 2241);
INSERT INTO `productdetails` VALUES (76, NULL, NULL, 101, 2263);
INSERT INTO `productdetails` VALUES (76, NULL, NULL, 102, 2285);
INSERT INTO `productdetails` VALUES (76, NULL, NULL, 103, 2307);
INSERT INTO `productdetails` VALUES (76, NULL, NULL, 104, 2329);
INSERT INTO `productdetails` VALUES (76, NULL, NULL, 105, 2351);
INSERT INTO `productdetails` VALUES (76, NULL, NULL, 106, 2373);
INSERT INTO `productdetails` VALUES (76, NULL, NULL, 107, 2395);
INSERT INTO `productdetails` VALUES (76, NULL, NULL, 108, 2417);
INSERT INTO `productdetails` VALUES (76, NULL, NULL, 109, 2439);
INSERT INTO `productdetails` VALUES (76, NULL, NULL, 110, 2461);
INSERT INTO `productdetails` VALUES (76, NULL, NULL, 111, 2483);
INSERT INTO `productdetails` VALUES (76, NULL, NULL, 112, 2505);
INSERT INTO `productdetails` VALUES (76, NULL, NULL, 113, 2527);
INSERT INTO `productdetails` VALUES (76, NULL, NULL, 114, 2549);
INSERT INTO `productdetails` VALUES (76, NULL, NULL, 115, 2571);
INSERT INTO `productdetails` VALUES (76, NULL, NULL, 116, 2593);
INSERT INTO `productdetails` VALUES (76, NULL, NULL, 117, 2615);
INSERT INTO `productdetails` VALUES (76, NULL, NULL, 118, 2637);
INSERT INTO `productdetails` VALUES (76, NULL, NULL, 119, 2659);
INSERT INTO `productdetails` VALUES (76, NULL, NULL, 120, 2681);
INSERT INTO `productdetails` VALUES (76, NULL, NULL, 121, 2703);
INSERT INTO `productdetails` VALUES (76, NULL, NULL, 122, 2725);
INSERT INTO `productdetails` VALUES (76, NULL, NULL, 123, 2747);
INSERT INTO `productdetails` VALUES (76, NULL, NULL, 124, 2769);
INSERT INTO `productdetails` VALUES (76, NULL, NULL, 125, 2791);
INSERT INTO `productdetails` VALUES (76, NULL, NULL, 126, 2813);
INSERT INTO `productdetails` VALUES (76, NULL, NULL, 127, 2835);
INSERT INTO `productdetails` VALUES (76, NULL, NULL, 128, 2857);
INSERT INTO `productdetails` VALUES (76, NULL, NULL, 129, 2879);
INSERT INTO `productdetails` VALUES (76, NULL, NULL, 130, 2901);
INSERT INTO `productdetails` VALUES (76, NULL, NULL, 131, 2923);
INSERT INTO `productdetails` VALUES (76, NULL, NULL, 132, 2945);
INSERT INTO `productdetails` VALUES (76, NULL, NULL, 133, 2967);
INSERT INTO `productdetails` VALUES (76, NULL, NULL, 134, 2989);
INSERT INTO `productdetails` VALUES (76, NULL, NULL, 135, 3011);
INSERT INTO `productdetails` VALUES (76, NULL, NULL, 136, 3033);
INSERT INTO `productdetails` VALUES (76, NULL, NULL, 137, 3055);
INSERT INTO `productdetails` VALUES (76, NULL, NULL, 138, 3077);
INSERT INTO `productdetails` VALUES (76, NULL, NULL, 139, 3099);
INSERT INTO `productdetails` VALUES (76, NULL, NULL, 140, 3121);
INSERT INTO `productdetails` VALUES (76, NULL, NULL, 141, 3143);
INSERT INTO `productdetails` VALUES (76, NULL, NULL, 142, 3165);
INSERT INTO `productdetails` VALUES (76, NULL, NULL, 143, 3187);
INSERT INTO `productdetails` VALUES (76, NULL, NULL, 144, 3209);
INSERT INTO `productdetails` VALUES (76, NULL, NULL, 145, 3231);
INSERT INTO `productdetails` VALUES (76, NULL, NULL, 146, 3253);
INSERT INTO `productdetails` VALUES (76, NULL, NULL, 147, 3275);
INSERT INTO `productdetails` VALUES (76, NULL, NULL, 148, 3297);
INSERT INTO `productdetails` VALUES (76, NULL, NULL, 149, 3319);
INSERT INTO `productdetails` VALUES (76, NULL, NULL, 150, 3341);
INSERT INTO `productdetails` VALUES (77, NULL, NULL, 2, 43);
INSERT INTO `productdetails` VALUES (78, NULL, NULL, 3, 70);
INSERT INTO `productdetails` VALUES (79, NULL, NULL, 4, 97);
INSERT INTO `productdetails` VALUES (80, NULL, NULL, 5, 124);
INSERT INTO `productdetails` VALUES (80, NULL, NULL, 163, 3365);
INSERT INTO `productdetails` VALUES (80, NULL, NULL, 164, 3391);
INSERT INTO `productdetails` VALUES (80, NULL, NULL, 165, 3416);
INSERT INTO `productdetails` VALUES (81, NULL, NULL, 1, 17);
INSERT INTO `productdetails` VALUES (81, NULL, NULL, 6, 152);
INSERT INTO `productdetails` VALUES (81, NULL, NULL, 7, 179);
INSERT INTO `productdetails` VALUES (81, NULL, NULL, 8, 206);
INSERT INTO `productdetails` VALUES (81, NULL, NULL, 9, 233);
INSERT INTO `productdetails` VALUES (81, NULL, NULL, 10, 260);
INSERT INTO `productdetails` VALUES (81, NULL, NULL, 11, 284);
INSERT INTO `productdetails` VALUES (81, NULL, NULL, 12, 306);
INSERT INTO `productdetails` VALUES (81, NULL, NULL, 13, 328);
INSERT INTO `productdetails` VALUES (81, NULL, NULL, 14, 350);
INSERT INTO `productdetails` VALUES (81, NULL, NULL, 15, 372);
INSERT INTO `productdetails` VALUES (81, NULL, NULL, 16, 394);
INSERT INTO `productdetails` VALUES (81, NULL, NULL, 17, 416);
INSERT INTO `productdetails` VALUES (81, NULL, NULL, 18, 438);
INSERT INTO `productdetails` VALUES (81, NULL, NULL, 19, 460);
INSERT INTO `productdetails` VALUES (81, NULL, NULL, 20, 482);
INSERT INTO `productdetails` VALUES (81, NULL, NULL, 21, 504);
INSERT INTO `productdetails` VALUES (81, NULL, NULL, 22, 526);
INSERT INTO `productdetails` VALUES (81, NULL, NULL, 23, 548);
INSERT INTO `productdetails` VALUES (81, NULL, NULL, 24, 570);
INSERT INTO `productdetails` VALUES (81, NULL, NULL, 25, 592);
INSERT INTO `productdetails` VALUES (81, NULL, NULL, 26, 614);
INSERT INTO `productdetails` VALUES (81, NULL, NULL, 27, 636);
INSERT INTO `productdetails` VALUES (81, NULL, NULL, 28, 658);
INSERT INTO `productdetails` VALUES (81, NULL, NULL, 29, 680);
INSERT INTO `productdetails` VALUES (81, NULL, NULL, 30, 702);
INSERT INTO `productdetails` VALUES (81, NULL, NULL, 31, 724);
INSERT INTO `productdetails` VALUES (81, NULL, NULL, 32, 746);
INSERT INTO `productdetails` VALUES (81, NULL, NULL, 33, 768);
INSERT INTO `productdetails` VALUES (81, NULL, NULL, 34, 790);
INSERT INTO `productdetails` VALUES (81, NULL, NULL, 35, 812);
INSERT INTO `productdetails` VALUES (81, NULL, NULL, 36, 834);
INSERT INTO `productdetails` VALUES (81, NULL, NULL, 37, 856);
INSERT INTO `productdetails` VALUES (81, NULL, NULL, 38, 878);
INSERT INTO `productdetails` VALUES (81, NULL, NULL, 39, 900);
INSERT INTO `productdetails` VALUES (81, NULL, NULL, 40, 922);
INSERT INTO `productdetails` VALUES (81, NULL, NULL, 41, 944);
INSERT INTO `productdetails` VALUES (81, NULL, NULL, 42, 966);
INSERT INTO `productdetails` VALUES (81, NULL, NULL, 43, 988);
INSERT INTO `productdetails` VALUES (81, NULL, NULL, 44, 1010);
INSERT INTO `productdetails` VALUES (81, NULL, NULL, 45, 1032);
INSERT INTO `productdetails` VALUES (81, NULL, NULL, 46, 1054);
INSERT INTO `productdetails` VALUES (81, NULL, NULL, 47, 1076);
INSERT INTO `productdetails` VALUES (81, NULL, NULL, 48, 1098);
INSERT INTO `productdetails` VALUES (81, NULL, NULL, 49, 1120);
INSERT INTO `productdetails` VALUES (81, NULL, NULL, 50, 1142);
INSERT INTO `productdetails` VALUES (81, NULL, NULL, 51, 1164);
INSERT INTO `productdetails` VALUES (81, NULL, NULL, 52, 1186);
INSERT INTO `productdetails` VALUES (81, NULL, NULL, 53, 1208);
INSERT INTO `productdetails` VALUES (81, NULL, NULL, 54, 1230);
INSERT INTO `productdetails` VALUES (81, NULL, NULL, 55, 1252);
INSERT INTO `productdetails` VALUES (81, NULL, NULL, 56, 1274);
INSERT INTO `productdetails` VALUES (81, NULL, NULL, 57, 1296);
INSERT INTO `productdetails` VALUES (81, NULL, NULL, 58, 1318);
INSERT INTO `productdetails` VALUES (81, NULL, NULL, 59, 1340);
INSERT INTO `productdetails` VALUES (81, NULL, NULL, 60, 1362);
INSERT INTO `productdetails` VALUES (81, NULL, NULL, 61, 1384);
INSERT INTO `productdetails` VALUES (81, NULL, NULL, 62, 1406);
INSERT INTO `productdetails` VALUES (81, NULL, NULL, 63, 1428);
INSERT INTO `productdetails` VALUES (81, NULL, NULL, 64, 1450);
INSERT INTO `productdetails` VALUES (81, NULL, NULL, 65, 1472);
INSERT INTO `productdetails` VALUES (81, NULL, NULL, 66, 1494);
INSERT INTO `productdetails` VALUES (81, NULL, NULL, 67, 1516);
INSERT INTO `productdetails` VALUES (81, NULL, NULL, 68, 1538);
INSERT INTO `productdetails` VALUES (81, NULL, NULL, 69, 1560);
INSERT INTO `productdetails` VALUES (81, NULL, NULL, 70, 1582);
INSERT INTO `productdetails` VALUES (81, NULL, NULL, 71, 1604);
INSERT INTO `productdetails` VALUES (81, NULL, NULL, 72, 1626);
INSERT INTO `productdetails` VALUES (81, NULL, NULL, 73, 1648);
INSERT INTO `productdetails` VALUES (81, NULL, NULL, 74, 1670);
INSERT INTO `productdetails` VALUES (81, NULL, NULL, 75, 1692);
INSERT INTO `productdetails` VALUES (81, NULL, NULL, 76, 1714);
INSERT INTO `productdetails` VALUES (81, NULL, NULL, 77, 1736);
INSERT INTO `productdetails` VALUES (81, NULL, NULL, 78, 1758);
INSERT INTO `productdetails` VALUES (81, NULL, NULL, 79, 1780);
INSERT INTO `productdetails` VALUES (81, NULL, NULL, 80, 1802);
INSERT INTO `productdetails` VALUES (81, NULL, NULL, 81, 1824);
INSERT INTO `productdetails` VALUES (81, NULL, NULL, 82, 1846);
INSERT INTO `productdetails` VALUES (81, NULL, NULL, 83, 1868);
INSERT INTO `productdetails` VALUES (81, NULL, NULL, 84, 1890);
INSERT INTO `productdetails` VALUES (81, NULL, NULL, 85, 1912);
INSERT INTO `productdetails` VALUES (81, NULL, NULL, 86, 1934);
INSERT INTO `productdetails` VALUES (81, NULL, NULL, 87, 1956);
INSERT INTO `productdetails` VALUES (81, NULL, NULL, 88, 1978);
INSERT INTO `productdetails` VALUES (81, NULL, NULL, 89, 2000);
INSERT INTO `productdetails` VALUES (81, NULL, NULL, 90, 2022);
INSERT INTO `productdetails` VALUES (81, NULL, NULL, 91, 2044);
INSERT INTO `productdetails` VALUES (81, NULL, NULL, 92, 2066);
INSERT INTO `productdetails` VALUES (81, NULL, NULL, 93, 2088);
INSERT INTO `productdetails` VALUES (81, NULL, NULL, 94, 2110);
INSERT INTO `productdetails` VALUES (81, NULL, NULL, 95, 2132);
INSERT INTO `productdetails` VALUES (81, NULL, NULL, 96, 2154);
INSERT INTO `productdetails` VALUES (81, NULL, NULL, 97, 2176);
INSERT INTO `productdetails` VALUES (81, NULL, NULL, 98, 2198);
INSERT INTO `productdetails` VALUES (81, NULL, NULL, 99, 2220);
INSERT INTO `productdetails` VALUES (81, NULL, NULL, 100, 2242);
INSERT INTO `productdetails` VALUES (81, NULL, NULL, 101, 2264);
INSERT INTO `productdetails` VALUES (81, NULL, NULL, 102, 2286);
INSERT INTO `productdetails` VALUES (81, NULL, NULL, 103, 2308);
INSERT INTO `productdetails` VALUES (81, NULL, NULL, 104, 2330);
INSERT INTO `productdetails` VALUES (81, NULL, NULL, 105, 2352);
INSERT INTO `productdetails` VALUES (81, NULL, NULL, 106, 2374);
INSERT INTO `productdetails` VALUES (81, NULL, NULL, 107, 2396);
INSERT INTO `productdetails` VALUES (81, NULL, NULL, 108, 2418);
INSERT INTO `productdetails` VALUES (81, NULL, NULL, 109, 2440);
INSERT INTO `productdetails` VALUES (81, NULL, NULL, 110, 2462);
INSERT INTO `productdetails` VALUES (81, NULL, NULL, 111, 2484);
INSERT INTO `productdetails` VALUES (81, NULL, NULL, 112, 2506);
INSERT INTO `productdetails` VALUES (81, NULL, NULL, 113, 2528);
INSERT INTO `productdetails` VALUES (81, NULL, NULL, 114, 2550);
INSERT INTO `productdetails` VALUES (81, NULL, NULL, 115, 2572);
INSERT INTO `productdetails` VALUES (81, NULL, NULL, 116, 2594);
INSERT INTO `productdetails` VALUES (81, NULL, NULL, 117, 2616);
INSERT INTO `productdetails` VALUES (81, NULL, NULL, 118, 2638);
INSERT INTO `productdetails` VALUES (81, NULL, NULL, 119, 2660);
INSERT INTO `productdetails` VALUES (81, NULL, NULL, 120, 2682);
INSERT INTO `productdetails` VALUES (81, NULL, NULL, 121, 2704);
INSERT INTO `productdetails` VALUES (81, NULL, NULL, 122, 2726);
INSERT INTO `productdetails` VALUES (81, NULL, NULL, 123, 2748);
INSERT INTO `productdetails` VALUES (81, NULL, NULL, 124, 2770);
INSERT INTO `productdetails` VALUES (81, NULL, NULL, 125, 2792);
INSERT INTO `productdetails` VALUES (81, NULL, NULL, 126, 2814);
INSERT INTO `productdetails` VALUES (81, NULL, NULL, 127, 2836);
INSERT INTO `productdetails` VALUES (81, NULL, NULL, 128, 2858);
INSERT INTO `productdetails` VALUES (81, NULL, NULL, 129, 2880);
INSERT INTO `productdetails` VALUES (81, NULL, NULL, 130, 2902);
INSERT INTO `productdetails` VALUES (81, NULL, NULL, 131, 2924);
INSERT INTO `productdetails` VALUES (81, NULL, NULL, 132, 2946);
INSERT INTO `productdetails` VALUES (81, NULL, NULL, 133, 2968);
INSERT INTO `productdetails` VALUES (81, NULL, NULL, 134, 2990);
INSERT INTO `productdetails` VALUES (81, NULL, NULL, 135, 3012);
INSERT INTO `productdetails` VALUES (81, NULL, NULL, 136, 3034);
INSERT INTO `productdetails` VALUES (81, NULL, NULL, 137, 3056);
INSERT INTO `productdetails` VALUES (81, NULL, NULL, 138, 3078);
INSERT INTO `productdetails` VALUES (81, NULL, NULL, 139, 3100);
INSERT INTO `productdetails` VALUES (81, NULL, NULL, 140, 3122);
INSERT INTO `productdetails` VALUES (81, NULL, NULL, 141, 3144);
INSERT INTO `productdetails` VALUES (81, NULL, NULL, 142, 3166);
INSERT INTO `productdetails` VALUES (81, NULL, NULL, 143, 3188);
INSERT INTO `productdetails` VALUES (81, NULL, NULL, 144, 3210);
INSERT INTO `productdetails` VALUES (81, NULL, NULL, 145, 3232);
INSERT INTO `productdetails` VALUES (81, NULL, NULL, 146, 3254);
INSERT INTO `productdetails` VALUES (81, NULL, NULL, 147, 3276);
INSERT INTO `productdetails` VALUES (81, NULL, NULL, 148, 3298);
INSERT INTO `productdetails` VALUES (81, NULL, NULL, 149, 3320);
INSERT INTO `productdetails` VALUES (81, NULL, NULL, 150, 3342);
INSERT INTO `productdetails` VALUES (82, NULL, NULL, 2, 44);
INSERT INTO `productdetails` VALUES (83, NULL, NULL, 3, 71);
INSERT INTO `productdetails` VALUES (83, NULL, NULL, 166, 3439);
INSERT INTO `productdetails` VALUES (84, NULL, NULL, 4, 98);
INSERT INTO `productdetails` VALUES (85, NULL, NULL, 5, 125);
INSERT INTO `productdetails` VALUES (85, NULL, NULL, 163, 3366);
INSERT INTO `productdetails` VALUES (85, NULL, NULL, 164, 3392);
INSERT INTO `productdetails` VALUES (85, NULL, NULL, 165, 3417);
INSERT INTO `productdetails` VALUES (86, NULL, NULL, 1, 18);
INSERT INTO `productdetails` VALUES (86, NULL, NULL, 6, 153);
INSERT INTO `productdetails` VALUES (86, NULL, NULL, 7, 180);
INSERT INTO `productdetails` VALUES (86, NULL, NULL, 8, 207);
INSERT INTO `productdetails` VALUES (86, NULL, NULL, 9, 234);
INSERT INTO `productdetails` VALUES (86, NULL, NULL, 10, 261);
INSERT INTO `productdetails` VALUES (86, NULL, NULL, 11, 285);
INSERT INTO `productdetails` VALUES (86, NULL, NULL, 12, 307);
INSERT INTO `productdetails` VALUES (86, NULL, NULL, 13, 329);
INSERT INTO `productdetails` VALUES (86, NULL, NULL, 14, 351);
INSERT INTO `productdetails` VALUES (86, NULL, NULL, 15, 373);
INSERT INTO `productdetails` VALUES (86, NULL, NULL, 16, 395);
INSERT INTO `productdetails` VALUES (86, NULL, NULL, 17, 417);
INSERT INTO `productdetails` VALUES (86, NULL, NULL, 18, 439);
INSERT INTO `productdetails` VALUES (86, NULL, NULL, 19, 461);
INSERT INTO `productdetails` VALUES (86, NULL, NULL, 20, 483);
INSERT INTO `productdetails` VALUES (86, NULL, NULL, 21, 505);
INSERT INTO `productdetails` VALUES (86, NULL, NULL, 22, 527);
INSERT INTO `productdetails` VALUES (86, NULL, NULL, 23, 549);
INSERT INTO `productdetails` VALUES (86, NULL, NULL, 24, 571);
INSERT INTO `productdetails` VALUES (86, NULL, NULL, 25, 593);
INSERT INTO `productdetails` VALUES (86, NULL, NULL, 26, 615);
INSERT INTO `productdetails` VALUES (86, NULL, NULL, 27, 637);
INSERT INTO `productdetails` VALUES (86, NULL, NULL, 28, 659);
INSERT INTO `productdetails` VALUES (86, NULL, NULL, 29, 681);
INSERT INTO `productdetails` VALUES (86, NULL, NULL, 30, 703);
INSERT INTO `productdetails` VALUES (86, NULL, NULL, 31, 725);
INSERT INTO `productdetails` VALUES (86, NULL, NULL, 32, 747);
INSERT INTO `productdetails` VALUES (86, NULL, NULL, 33, 769);
INSERT INTO `productdetails` VALUES (86, NULL, NULL, 34, 791);
INSERT INTO `productdetails` VALUES (86, NULL, NULL, 35, 813);
INSERT INTO `productdetails` VALUES (86, NULL, NULL, 36, 835);
INSERT INTO `productdetails` VALUES (86, NULL, NULL, 37, 857);
INSERT INTO `productdetails` VALUES (86, NULL, NULL, 38, 879);
INSERT INTO `productdetails` VALUES (86, NULL, NULL, 39, 901);
INSERT INTO `productdetails` VALUES (86, NULL, NULL, 40, 923);
INSERT INTO `productdetails` VALUES (86, NULL, NULL, 41, 945);
INSERT INTO `productdetails` VALUES (86, NULL, NULL, 42, 967);
INSERT INTO `productdetails` VALUES (86, NULL, NULL, 43, 989);
INSERT INTO `productdetails` VALUES (86, NULL, NULL, 44, 1011);
INSERT INTO `productdetails` VALUES (86, NULL, NULL, 45, 1033);
INSERT INTO `productdetails` VALUES (86, NULL, NULL, 46, 1055);
INSERT INTO `productdetails` VALUES (86, NULL, NULL, 47, 1077);
INSERT INTO `productdetails` VALUES (86, NULL, NULL, 48, 1099);
INSERT INTO `productdetails` VALUES (86, NULL, NULL, 49, 1121);
INSERT INTO `productdetails` VALUES (86, NULL, NULL, 50, 1143);
INSERT INTO `productdetails` VALUES (86, NULL, NULL, 51, 1165);
INSERT INTO `productdetails` VALUES (86, NULL, NULL, 52, 1187);
INSERT INTO `productdetails` VALUES (86, NULL, NULL, 53, 1209);
INSERT INTO `productdetails` VALUES (86, NULL, NULL, 54, 1231);
INSERT INTO `productdetails` VALUES (86, NULL, NULL, 55, 1253);
INSERT INTO `productdetails` VALUES (86, NULL, NULL, 56, 1275);
INSERT INTO `productdetails` VALUES (86, NULL, NULL, 57, 1297);
INSERT INTO `productdetails` VALUES (86, NULL, NULL, 58, 1319);
INSERT INTO `productdetails` VALUES (86, NULL, NULL, 59, 1341);
INSERT INTO `productdetails` VALUES (86, NULL, NULL, 60, 1363);
INSERT INTO `productdetails` VALUES (86, NULL, NULL, 61, 1385);
INSERT INTO `productdetails` VALUES (86, NULL, NULL, 62, 1407);
INSERT INTO `productdetails` VALUES (86, NULL, NULL, 63, 1429);
INSERT INTO `productdetails` VALUES (86, NULL, NULL, 64, 1451);
INSERT INTO `productdetails` VALUES (86, NULL, NULL, 65, 1473);
INSERT INTO `productdetails` VALUES (86, NULL, NULL, 66, 1495);
INSERT INTO `productdetails` VALUES (86, NULL, NULL, 67, 1517);
INSERT INTO `productdetails` VALUES (86, NULL, NULL, 68, 1539);
INSERT INTO `productdetails` VALUES (86, NULL, NULL, 69, 1561);
INSERT INTO `productdetails` VALUES (86, NULL, NULL, 70, 1583);
INSERT INTO `productdetails` VALUES (86, NULL, NULL, 71, 1605);
INSERT INTO `productdetails` VALUES (86, NULL, NULL, 72, 1627);
INSERT INTO `productdetails` VALUES (86, NULL, NULL, 73, 1649);
INSERT INTO `productdetails` VALUES (86, NULL, NULL, 74, 1671);
INSERT INTO `productdetails` VALUES (86, NULL, NULL, 75, 1693);
INSERT INTO `productdetails` VALUES (86, NULL, NULL, 76, 1715);
INSERT INTO `productdetails` VALUES (86, NULL, NULL, 77, 1737);
INSERT INTO `productdetails` VALUES (86, NULL, NULL, 78, 1759);
INSERT INTO `productdetails` VALUES (86, NULL, NULL, 79, 1781);
INSERT INTO `productdetails` VALUES (86, NULL, NULL, 80, 1803);
INSERT INTO `productdetails` VALUES (86, NULL, NULL, 81, 1825);
INSERT INTO `productdetails` VALUES (86, NULL, NULL, 82, 1847);
INSERT INTO `productdetails` VALUES (86, NULL, NULL, 83, 1869);
INSERT INTO `productdetails` VALUES (86, NULL, NULL, 84, 1891);
INSERT INTO `productdetails` VALUES (86, NULL, NULL, 85, 1913);
INSERT INTO `productdetails` VALUES (86, NULL, NULL, 86, 1935);
INSERT INTO `productdetails` VALUES (86, NULL, NULL, 87, 1957);
INSERT INTO `productdetails` VALUES (86, NULL, NULL, 88, 1979);
INSERT INTO `productdetails` VALUES (86, NULL, NULL, 89, 2001);
INSERT INTO `productdetails` VALUES (86, NULL, NULL, 90, 2023);
INSERT INTO `productdetails` VALUES (86, NULL, NULL, 91, 2045);
INSERT INTO `productdetails` VALUES (86, NULL, NULL, 92, 2067);
INSERT INTO `productdetails` VALUES (86, NULL, NULL, 93, 2089);
INSERT INTO `productdetails` VALUES (86, NULL, NULL, 94, 2111);
INSERT INTO `productdetails` VALUES (86, NULL, NULL, 95, 2133);
INSERT INTO `productdetails` VALUES (86, NULL, NULL, 96, 2155);
INSERT INTO `productdetails` VALUES (86, NULL, NULL, 97, 2177);
INSERT INTO `productdetails` VALUES (86, NULL, NULL, 98, 2199);
INSERT INTO `productdetails` VALUES (86, NULL, NULL, 99, 2221);
INSERT INTO `productdetails` VALUES (86, NULL, NULL, 100, 2243);
INSERT INTO `productdetails` VALUES (86, NULL, NULL, 101, 2265);
INSERT INTO `productdetails` VALUES (86, NULL, NULL, 102, 2287);
INSERT INTO `productdetails` VALUES (86, NULL, NULL, 103, 2309);
INSERT INTO `productdetails` VALUES (86, NULL, NULL, 104, 2331);
INSERT INTO `productdetails` VALUES (86, NULL, NULL, 105, 2353);
INSERT INTO `productdetails` VALUES (86, NULL, NULL, 106, 2375);
INSERT INTO `productdetails` VALUES (86, NULL, NULL, 107, 2397);
INSERT INTO `productdetails` VALUES (86, NULL, NULL, 108, 2419);
INSERT INTO `productdetails` VALUES (86, NULL, NULL, 109, 2441);
INSERT INTO `productdetails` VALUES (86, NULL, NULL, 110, 2463);
INSERT INTO `productdetails` VALUES (86, NULL, NULL, 111, 2485);
INSERT INTO `productdetails` VALUES (86, NULL, NULL, 112, 2507);
INSERT INTO `productdetails` VALUES (86, NULL, NULL, 113, 2529);
INSERT INTO `productdetails` VALUES (86, NULL, NULL, 114, 2551);
INSERT INTO `productdetails` VALUES (86, NULL, NULL, 115, 2573);
INSERT INTO `productdetails` VALUES (86, NULL, NULL, 116, 2595);
INSERT INTO `productdetails` VALUES (86, NULL, NULL, 117, 2617);
INSERT INTO `productdetails` VALUES (86, NULL, NULL, 118, 2639);
INSERT INTO `productdetails` VALUES (86, NULL, NULL, 119, 2661);
INSERT INTO `productdetails` VALUES (86, NULL, NULL, 120, 2683);
INSERT INTO `productdetails` VALUES (86, NULL, NULL, 121, 2705);
INSERT INTO `productdetails` VALUES (86, NULL, NULL, 122, 2727);
INSERT INTO `productdetails` VALUES (86, NULL, NULL, 123, 2749);
INSERT INTO `productdetails` VALUES (86, NULL, NULL, 124, 2771);
INSERT INTO `productdetails` VALUES (86, NULL, NULL, 125, 2793);
INSERT INTO `productdetails` VALUES (86, NULL, NULL, 126, 2815);
INSERT INTO `productdetails` VALUES (86, NULL, NULL, 127, 2837);
INSERT INTO `productdetails` VALUES (86, NULL, NULL, 128, 2859);
INSERT INTO `productdetails` VALUES (86, NULL, NULL, 129, 2881);
INSERT INTO `productdetails` VALUES (86, NULL, NULL, 130, 2903);
INSERT INTO `productdetails` VALUES (86, NULL, NULL, 131, 2925);
INSERT INTO `productdetails` VALUES (86, NULL, NULL, 132, 2947);
INSERT INTO `productdetails` VALUES (86, NULL, NULL, 133, 2969);
INSERT INTO `productdetails` VALUES (86, NULL, NULL, 134, 2991);
INSERT INTO `productdetails` VALUES (86, NULL, NULL, 135, 3013);
INSERT INTO `productdetails` VALUES (86, NULL, NULL, 136, 3035);
INSERT INTO `productdetails` VALUES (86, NULL, NULL, 137, 3057);
INSERT INTO `productdetails` VALUES (86, NULL, NULL, 138, 3079);
INSERT INTO `productdetails` VALUES (86, NULL, NULL, 139, 3101);
INSERT INTO `productdetails` VALUES (86, NULL, NULL, 140, 3123);
INSERT INTO `productdetails` VALUES (86, NULL, NULL, 141, 3145);
INSERT INTO `productdetails` VALUES (86, NULL, NULL, 142, 3167);
INSERT INTO `productdetails` VALUES (86, NULL, NULL, 143, 3189);
INSERT INTO `productdetails` VALUES (86, NULL, NULL, 144, 3211);
INSERT INTO `productdetails` VALUES (86, NULL, NULL, 145, 3233);
INSERT INTO `productdetails` VALUES (86, NULL, NULL, 146, 3255);
INSERT INTO `productdetails` VALUES (86, NULL, NULL, 147, 3277);
INSERT INTO `productdetails` VALUES (86, NULL, NULL, 148, 3299);
INSERT INTO `productdetails` VALUES (86, NULL, NULL, 149, 3321);
INSERT INTO `productdetails` VALUES (86, NULL, NULL, 150, 3343);
INSERT INTO `productdetails` VALUES (87, NULL, NULL, 2, 45);
INSERT INTO `productdetails` VALUES (88, NULL, NULL, 3, 72);
INSERT INTO `productdetails` VALUES (89, NULL, NULL, 4, 99);
INSERT INTO `productdetails` VALUES (90, NULL, NULL, 5, 126);
INSERT INTO `productdetails` VALUES (90, NULL, NULL, 163, 3367);
INSERT INTO `productdetails` VALUES (90, NULL, NULL, 164, 3393);
INSERT INTO `productdetails` VALUES (90, NULL, NULL, 165, 3418);
INSERT INTO `productdetails` VALUES (91, NULL, NULL, 1, 19);
INSERT INTO `productdetails` VALUES (91, NULL, NULL, 6, 154);
INSERT INTO `productdetails` VALUES (91, NULL, NULL, 7, 181);
INSERT INTO `productdetails` VALUES (91, NULL, NULL, 8, 208);
INSERT INTO `productdetails` VALUES (91, NULL, NULL, 9, 235);
INSERT INTO `productdetails` VALUES (91, NULL, NULL, 10, 262);
INSERT INTO `productdetails` VALUES (92, NULL, NULL, 2, 46);
INSERT INTO `productdetails` VALUES (93, NULL, NULL, 3, 73);
INSERT INTO `productdetails` VALUES (94, NULL, NULL, 4, 100);
INSERT INTO `productdetails` VALUES (95, NULL, NULL, 5, 127);
INSERT INTO `productdetails` VALUES (95, NULL, NULL, 163, 3368);
INSERT INTO `productdetails` VALUES (95, NULL, NULL, 164, 3394);
INSERT INTO `productdetails` VALUES (95, NULL, NULL, 165, 3419);
INSERT INTO `productdetails` VALUES (95, NULL, NULL, 166, 3440);
INSERT INTO `productdetails` VALUES (96, NULL, NULL, 1, 20);
INSERT INTO `productdetails` VALUES (96, NULL, NULL, 6, 155);
INSERT INTO `productdetails` VALUES (96, NULL, NULL, 7, 182);
INSERT INTO `productdetails` VALUES (96, NULL, NULL, 8, 209);
INSERT INTO `productdetails` VALUES (96, NULL, NULL, 9, 236);
INSERT INTO `productdetails` VALUES (96, NULL, NULL, 10, 263);
INSERT INTO `productdetails` VALUES (96, NULL, NULL, 11, 286);
INSERT INTO `productdetails` VALUES (96, NULL, NULL, 12, 308);
INSERT INTO `productdetails` VALUES (96, NULL, NULL, 13, 330);
INSERT INTO `productdetails` VALUES (96, NULL, NULL, 14, 352);
INSERT INTO `productdetails` VALUES (96, NULL, NULL, 15, 374);
INSERT INTO `productdetails` VALUES (96, NULL, NULL, 16, 396);
INSERT INTO `productdetails` VALUES (96, NULL, NULL, 17, 418);
INSERT INTO `productdetails` VALUES (96, NULL, NULL, 18, 440);
INSERT INTO `productdetails` VALUES (96, NULL, NULL, 19, 462);
INSERT INTO `productdetails` VALUES (96, NULL, NULL, 20, 484);
INSERT INTO `productdetails` VALUES (96, NULL, NULL, 21, 506);
INSERT INTO `productdetails` VALUES (96, NULL, NULL, 22, 528);
INSERT INTO `productdetails` VALUES (96, NULL, NULL, 23, 550);
INSERT INTO `productdetails` VALUES (96, NULL, NULL, 24, 572);
INSERT INTO `productdetails` VALUES (96, NULL, NULL, 25, 594);
INSERT INTO `productdetails` VALUES (96, NULL, NULL, 26, 616);
INSERT INTO `productdetails` VALUES (96, NULL, NULL, 27, 638);
INSERT INTO `productdetails` VALUES (96, NULL, NULL, 28, 660);
INSERT INTO `productdetails` VALUES (96, NULL, NULL, 29, 682);
INSERT INTO `productdetails` VALUES (96, NULL, NULL, 30, 704);
INSERT INTO `productdetails` VALUES (96, NULL, NULL, 31, 726);
INSERT INTO `productdetails` VALUES (96, NULL, NULL, 32, 748);
INSERT INTO `productdetails` VALUES (96, NULL, NULL, 33, 770);
INSERT INTO `productdetails` VALUES (96, NULL, NULL, 34, 792);
INSERT INTO `productdetails` VALUES (96, NULL, NULL, 35, 814);
INSERT INTO `productdetails` VALUES (96, NULL, NULL, 36, 836);
INSERT INTO `productdetails` VALUES (96, NULL, NULL, 37, 858);
INSERT INTO `productdetails` VALUES (96, NULL, NULL, 38, 880);
INSERT INTO `productdetails` VALUES (96, NULL, NULL, 39, 902);
INSERT INTO `productdetails` VALUES (96, NULL, NULL, 40, 924);
INSERT INTO `productdetails` VALUES (96, NULL, NULL, 41, 946);
INSERT INTO `productdetails` VALUES (96, NULL, NULL, 42, 968);
INSERT INTO `productdetails` VALUES (96, NULL, NULL, 43, 990);
INSERT INTO `productdetails` VALUES (96, NULL, NULL, 44, 1012);
INSERT INTO `productdetails` VALUES (96, NULL, NULL, 45, 1034);
INSERT INTO `productdetails` VALUES (96, NULL, NULL, 46, 1056);
INSERT INTO `productdetails` VALUES (96, NULL, NULL, 47, 1078);
INSERT INTO `productdetails` VALUES (96, NULL, NULL, 48, 1100);
INSERT INTO `productdetails` VALUES (96, NULL, NULL, 49, 1122);
INSERT INTO `productdetails` VALUES (96, NULL, NULL, 50, 1144);
INSERT INTO `productdetails` VALUES (96, NULL, NULL, 51, 1166);
INSERT INTO `productdetails` VALUES (96, NULL, NULL, 52, 1188);
INSERT INTO `productdetails` VALUES (96, NULL, NULL, 53, 1210);
INSERT INTO `productdetails` VALUES (96, NULL, NULL, 54, 1232);
INSERT INTO `productdetails` VALUES (96, NULL, NULL, 55, 1254);
INSERT INTO `productdetails` VALUES (96, NULL, NULL, 56, 1276);
INSERT INTO `productdetails` VALUES (96, NULL, NULL, 57, 1298);
INSERT INTO `productdetails` VALUES (96, NULL, NULL, 58, 1320);
INSERT INTO `productdetails` VALUES (96, NULL, NULL, 59, 1342);
INSERT INTO `productdetails` VALUES (96, NULL, NULL, 60, 1364);
INSERT INTO `productdetails` VALUES (96, NULL, NULL, 61, 1386);
INSERT INTO `productdetails` VALUES (96, NULL, NULL, 62, 1408);
INSERT INTO `productdetails` VALUES (96, NULL, NULL, 63, 1430);
INSERT INTO `productdetails` VALUES (96, NULL, NULL, 64, 1452);
INSERT INTO `productdetails` VALUES (96, NULL, NULL, 65, 1474);
INSERT INTO `productdetails` VALUES (96, NULL, NULL, 66, 1496);
INSERT INTO `productdetails` VALUES (96, NULL, NULL, 67, 1518);
INSERT INTO `productdetails` VALUES (96, NULL, NULL, 68, 1540);
INSERT INTO `productdetails` VALUES (96, NULL, NULL, 69, 1562);
INSERT INTO `productdetails` VALUES (96, NULL, NULL, 70, 1584);
INSERT INTO `productdetails` VALUES (96, NULL, NULL, 71, 1606);
INSERT INTO `productdetails` VALUES (96, NULL, NULL, 72, 1628);
INSERT INTO `productdetails` VALUES (96, NULL, NULL, 73, 1650);
INSERT INTO `productdetails` VALUES (96, NULL, NULL, 74, 1672);
INSERT INTO `productdetails` VALUES (96, NULL, NULL, 75, 1694);
INSERT INTO `productdetails` VALUES (96, NULL, NULL, 76, 1716);
INSERT INTO `productdetails` VALUES (96, NULL, NULL, 77, 1738);
INSERT INTO `productdetails` VALUES (96, NULL, NULL, 78, 1760);
INSERT INTO `productdetails` VALUES (96, NULL, NULL, 79, 1782);
INSERT INTO `productdetails` VALUES (96, NULL, NULL, 80, 1804);
INSERT INTO `productdetails` VALUES (96, NULL, NULL, 81, 1826);
INSERT INTO `productdetails` VALUES (96, NULL, NULL, 82, 1848);
INSERT INTO `productdetails` VALUES (96, NULL, NULL, 83, 1870);
INSERT INTO `productdetails` VALUES (96, NULL, NULL, 84, 1892);
INSERT INTO `productdetails` VALUES (96, NULL, NULL, 85, 1914);
INSERT INTO `productdetails` VALUES (96, NULL, NULL, 86, 1936);
INSERT INTO `productdetails` VALUES (96, NULL, NULL, 87, 1958);
INSERT INTO `productdetails` VALUES (96, NULL, NULL, 88, 1980);
INSERT INTO `productdetails` VALUES (96, NULL, NULL, 89, 2002);
INSERT INTO `productdetails` VALUES (96, NULL, NULL, 90, 2024);
INSERT INTO `productdetails` VALUES (96, NULL, NULL, 91, 2046);
INSERT INTO `productdetails` VALUES (96, NULL, NULL, 92, 2068);
INSERT INTO `productdetails` VALUES (96, NULL, NULL, 93, 2090);
INSERT INTO `productdetails` VALUES (96, NULL, NULL, 94, 2112);
INSERT INTO `productdetails` VALUES (96, NULL, NULL, 95, 2134);
INSERT INTO `productdetails` VALUES (96, NULL, NULL, 96, 2156);
INSERT INTO `productdetails` VALUES (96, NULL, NULL, 97, 2178);
INSERT INTO `productdetails` VALUES (96, NULL, NULL, 98, 2200);
INSERT INTO `productdetails` VALUES (96, NULL, NULL, 99, 2222);
INSERT INTO `productdetails` VALUES (96, NULL, NULL, 100, 2244);
INSERT INTO `productdetails` VALUES (96, NULL, NULL, 101, 2266);
INSERT INTO `productdetails` VALUES (96, NULL, NULL, 102, 2288);
INSERT INTO `productdetails` VALUES (96, NULL, NULL, 103, 2310);
INSERT INTO `productdetails` VALUES (96, NULL, NULL, 104, 2332);
INSERT INTO `productdetails` VALUES (96, NULL, NULL, 105, 2354);
INSERT INTO `productdetails` VALUES (96, NULL, NULL, 106, 2376);
INSERT INTO `productdetails` VALUES (96, NULL, NULL, 107, 2398);
INSERT INTO `productdetails` VALUES (96, NULL, NULL, 108, 2420);
INSERT INTO `productdetails` VALUES (96, NULL, NULL, 109, 2442);
INSERT INTO `productdetails` VALUES (96, NULL, NULL, 110, 2464);
INSERT INTO `productdetails` VALUES (96, NULL, NULL, 111, 2486);
INSERT INTO `productdetails` VALUES (96, NULL, NULL, 112, 2508);
INSERT INTO `productdetails` VALUES (96, NULL, NULL, 113, 2530);
INSERT INTO `productdetails` VALUES (96, NULL, NULL, 114, 2552);
INSERT INTO `productdetails` VALUES (96, NULL, NULL, 115, 2574);
INSERT INTO `productdetails` VALUES (96, NULL, NULL, 116, 2596);
INSERT INTO `productdetails` VALUES (96, NULL, NULL, 117, 2618);
INSERT INTO `productdetails` VALUES (96, NULL, NULL, 118, 2640);
INSERT INTO `productdetails` VALUES (96, NULL, NULL, 119, 2662);
INSERT INTO `productdetails` VALUES (96, NULL, NULL, 120, 2684);
INSERT INTO `productdetails` VALUES (96, NULL, NULL, 121, 2706);
INSERT INTO `productdetails` VALUES (96, NULL, NULL, 122, 2728);
INSERT INTO `productdetails` VALUES (96, NULL, NULL, 123, 2750);
INSERT INTO `productdetails` VALUES (96, NULL, NULL, 124, 2772);
INSERT INTO `productdetails` VALUES (96, NULL, NULL, 125, 2794);
INSERT INTO `productdetails` VALUES (96, NULL, NULL, 126, 2816);
INSERT INTO `productdetails` VALUES (96, NULL, NULL, 127, 2838);
INSERT INTO `productdetails` VALUES (96, NULL, NULL, 128, 2860);
INSERT INTO `productdetails` VALUES (96, NULL, NULL, 129, 2882);
INSERT INTO `productdetails` VALUES (96, NULL, NULL, 130, 2904);
INSERT INTO `productdetails` VALUES (96, NULL, NULL, 131, 2926);
INSERT INTO `productdetails` VALUES (96, NULL, NULL, 132, 2948);
INSERT INTO `productdetails` VALUES (96, NULL, NULL, 133, 2970);
INSERT INTO `productdetails` VALUES (96, NULL, NULL, 134, 2992);
INSERT INTO `productdetails` VALUES (96, NULL, NULL, 135, 3014);
INSERT INTO `productdetails` VALUES (96, NULL, NULL, 136, 3036);
INSERT INTO `productdetails` VALUES (96, NULL, NULL, 137, 3058);
INSERT INTO `productdetails` VALUES (96, NULL, NULL, 138, 3080);
INSERT INTO `productdetails` VALUES (96, NULL, NULL, 139, 3102);
INSERT INTO `productdetails` VALUES (96, NULL, NULL, 140, 3124);
INSERT INTO `productdetails` VALUES (96, NULL, NULL, 141, 3146);
INSERT INTO `productdetails` VALUES (96, NULL, NULL, 142, 3168);
INSERT INTO `productdetails` VALUES (96, NULL, NULL, 143, 3190);
INSERT INTO `productdetails` VALUES (96, NULL, NULL, 144, 3212);
INSERT INTO `productdetails` VALUES (96, NULL, NULL, 145, 3234);
INSERT INTO `productdetails` VALUES (96, NULL, NULL, 146, 3256);
INSERT INTO `productdetails` VALUES (96, NULL, NULL, 147, 3278);
INSERT INTO `productdetails` VALUES (96, NULL, NULL, 148, 3300);
INSERT INTO `productdetails` VALUES (96, NULL, NULL, 149, 3322);
INSERT INTO `productdetails` VALUES (96, NULL, NULL, 150, 3344);
INSERT INTO `productdetails` VALUES (97, NULL, NULL, 2, 47);
INSERT INTO `productdetails` VALUES (98, NULL, NULL, 3, 74);
INSERT INTO `productdetails` VALUES (99, NULL, NULL, 4, 101);
INSERT INTO `productdetails` VALUES (100, NULL, NULL, 5, 128);
INSERT INTO `productdetails` VALUES (100, NULL, NULL, 163, 3369);
INSERT INTO `productdetails` VALUES (100, NULL, NULL, 164, 3395);
INSERT INTO `productdetails` VALUES (100, NULL, NULL, 165, 3420);
INSERT INTO `productdetails` VALUES (101, NULL, NULL, 1, 21);
INSERT INTO `productdetails` VALUES (101, NULL, NULL, 6, 156);
INSERT INTO `productdetails` VALUES (101, NULL, NULL, 7, 183);
INSERT INTO `productdetails` VALUES (101, NULL, NULL, 8, 210);
INSERT INTO `productdetails` VALUES (101, NULL, NULL, 9, 237);
INSERT INTO `productdetails` VALUES (101, NULL, NULL, 10, 264);
INSERT INTO `productdetails` VALUES (102, NULL, NULL, 2, 48);
INSERT INTO `productdetails` VALUES (103, NULL, NULL, 3, 75);
INSERT INTO `productdetails` VALUES (103, NULL, NULL, 166, 3441);
INSERT INTO `productdetails` VALUES (104, NULL, NULL, 4, 102);
INSERT INTO `productdetails` VALUES (105, NULL, NULL, 5, 129);
INSERT INTO `productdetails` VALUES (105, NULL, NULL, 163, 3370);
INSERT INTO `productdetails` VALUES (105, NULL, NULL, 164, 3396);
INSERT INTO `productdetails` VALUES (106, NULL, NULL, 1, 22);
INSERT INTO `productdetails` VALUES (106, NULL, NULL, 6, 157);
INSERT INTO `productdetails` VALUES (106, NULL, NULL, 7, 184);
INSERT INTO `productdetails` VALUES (106, NULL, NULL, 8, 211);
INSERT INTO `productdetails` VALUES (106, NULL, NULL, 9, 238);
INSERT INTO `productdetails` VALUES (106, NULL, NULL, 10, 265);
INSERT INTO `productdetails` VALUES (106, NULL, NULL, 11, 287);
INSERT INTO `productdetails` VALUES (106, NULL, NULL, 12, 309);
INSERT INTO `productdetails` VALUES (106, NULL, NULL, 13, 331);
INSERT INTO `productdetails` VALUES (106, NULL, NULL, 14, 353);
INSERT INTO `productdetails` VALUES (106, NULL, NULL, 15, 375);
INSERT INTO `productdetails` VALUES (106, NULL, NULL, 16, 397);
INSERT INTO `productdetails` VALUES (106, NULL, NULL, 17, 419);
INSERT INTO `productdetails` VALUES (106, NULL, NULL, 18, 441);
INSERT INTO `productdetails` VALUES (106, NULL, NULL, 19, 463);
INSERT INTO `productdetails` VALUES (106, NULL, NULL, 20, 485);
INSERT INTO `productdetails` VALUES (106, NULL, NULL, 21, 507);
INSERT INTO `productdetails` VALUES (106, NULL, NULL, 22, 529);
INSERT INTO `productdetails` VALUES (106, NULL, NULL, 23, 551);
INSERT INTO `productdetails` VALUES (106, NULL, NULL, 24, 573);
INSERT INTO `productdetails` VALUES (106, NULL, NULL, 25, 595);
INSERT INTO `productdetails` VALUES (106, NULL, NULL, 26, 617);
INSERT INTO `productdetails` VALUES (106, NULL, NULL, 27, 639);
INSERT INTO `productdetails` VALUES (106, NULL, NULL, 28, 661);
INSERT INTO `productdetails` VALUES (106, NULL, NULL, 29, 683);
INSERT INTO `productdetails` VALUES (106, NULL, NULL, 30, 705);
INSERT INTO `productdetails` VALUES (106, NULL, NULL, 31, 727);
INSERT INTO `productdetails` VALUES (106, NULL, NULL, 32, 749);
INSERT INTO `productdetails` VALUES (106, NULL, NULL, 33, 771);
INSERT INTO `productdetails` VALUES (106, NULL, NULL, 34, 793);
INSERT INTO `productdetails` VALUES (106, NULL, NULL, 35, 815);
INSERT INTO `productdetails` VALUES (106, NULL, NULL, 36, 837);
INSERT INTO `productdetails` VALUES (106, NULL, NULL, 37, 859);
INSERT INTO `productdetails` VALUES (106, NULL, NULL, 38, 881);
INSERT INTO `productdetails` VALUES (106, NULL, NULL, 39, 903);
INSERT INTO `productdetails` VALUES (106, NULL, NULL, 40, 925);
INSERT INTO `productdetails` VALUES (106, NULL, NULL, 41, 947);
INSERT INTO `productdetails` VALUES (106, NULL, NULL, 42, 969);
INSERT INTO `productdetails` VALUES (106, NULL, NULL, 43, 991);
INSERT INTO `productdetails` VALUES (106, NULL, NULL, 44, 1013);
INSERT INTO `productdetails` VALUES (106, NULL, NULL, 45, 1035);
INSERT INTO `productdetails` VALUES (106, NULL, NULL, 46, 1057);
INSERT INTO `productdetails` VALUES (106, NULL, NULL, 47, 1079);
INSERT INTO `productdetails` VALUES (106, NULL, NULL, 48, 1101);
INSERT INTO `productdetails` VALUES (106, NULL, NULL, 49, 1123);
INSERT INTO `productdetails` VALUES (106, NULL, NULL, 50, 1145);
INSERT INTO `productdetails` VALUES (106, NULL, NULL, 51, 1167);
INSERT INTO `productdetails` VALUES (106, NULL, NULL, 52, 1189);
INSERT INTO `productdetails` VALUES (106, NULL, NULL, 53, 1211);
INSERT INTO `productdetails` VALUES (106, NULL, NULL, 54, 1233);
INSERT INTO `productdetails` VALUES (106, NULL, NULL, 55, 1255);
INSERT INTO `productdetails` VALUES (106, NULL, NULL, 56, 1277);
INSERT INTO `productdetails` VALUES (106, NULL, NULL, 57, 1299);
INSERT INTO `productdetails` VALUES (106, NULL, NULL, 58, 1321);
INSERT INTO `productdetails` VALUES (106, NULL, NULL, 59, 1343);
INSERT INTO `productdetails` VALUES (106, NULL, NULL, 60, 1365);
INSERT INTO `productdetails` VALUES (106, NULL, NULL, 61, 1387);
INSERT INTO `productdetails` VALUES (106, NULL, NULL, 62, 1409);
INSERT INTO `productdetails` VALUES (106, NULL, NULL, 63, 1431);
INSERT INTO `productdetails` VALUES (106, NULL, NULL, 64, 1453);
INSERT INTO `productdetails` VALUES (106, NULL, NULL, 65, 1475);
INSERT INTO `productdetails` VALUES (106, NULL, NULL, 66, 1497);
INSERT INTO `productdetails` VALUES (106, NULL, NULL, 67, 1519);
INSERT INTO `productdetails` VALUES (106, NULL, NULL, 68, 1541);
INSERT INTO `productdetails` VALUES (106, NULL, NULL, 69, 1563);
INSERT INTO `productdetails` VALUES (106, NULL, NULL, 70, 1585);
INSERT INTO `productdetails` VALUES (106, NULL, NULL, 71, 1607);
INSERT INTO `productdetails` VALUES (106, NULL, NULL, 72, 1629);
INSERT INTO `productdetails` VALUES (106, NULL, NULL, 73, 1651);
INSERT INTO `productdetails` VALUES (106, NULL, NULL, 74, 1673);
INSERT INTO `productdetails` VALUES (106, NULL, NULL, 75, 1695);
INSERT INTO `productdetails` VALUES (106, NULL, NULL, 76, 1717);
INSERT INTO `productdetails` VALUES (106, NULL, NULL, 77, 1739);
INSERT INTO `productdetails` VALUES (106, NULL, NULL, 78, 1761);
INSERT INTO `productdetails` VALUES (106, NULL, NULL, 79, 1783);
INSERT INTO `productdetails` VALUES (106, NULL, NULL, 80, 1805);
INSERT INTO `productdetails` VALUES (106, NULL, NULL, 81, 1827);
INSERT INTO `productdetails` VALUES (106, NULL, NULL, 82, 1849);
INSERT INTO `productdetails` VALUES (106, NULL, NULL, 83, 1871);
INSERT INTO `productdetails` VALUES (106, NULL, NULL, 84, 1893);
INSERT INTO `productdetails` VALUES (106, NULL, NULL, 85, 1915);
INSERT INTO `productdetails` VALUES (106, NULL, NULL, 86, 1937);
INSERT INTO `productdetails` VALUES (106, NULL, NULL, 87, 1959);
INSERT INTO `productdetails` VALUES (106, NULL, NULL, 88, 1981);
INSERT INTO `productdetails` VALUES (106, NULL, NULL, 89, 2003);
INSERT INTO `productdetails` VALUES (106, NULL, NULL, 90, 2025);
INSERT INTO `productdetails` VALUES (106, NULL, NULL, 91, 2047);
INSERT INTO `productdetails` VALUES (106, NULL, NULL, 92, 2069);
INSERT INTO `productdetails` VALUES (106, NULL, NULL, 93, 2091);
INSERT INTO `productdetails` VALUES (106, NULL, NULL, 94, 2113);
INSERT INTO `productdetails` VALUES (106, NULL, NULL, 95, 2135);
INSERT INTO `productdetails` VALUES (106, NULL, NULL, 96, 2157);
INSERT INTO `productdetails` VALUES (106, NULL, NULL, 97, 2179);
INSERT INTO `productdetails` VALUES (106, NULL, NULL, 98, 2201);
INSERT INTO `productdetails` VALUES (106, NULL, NULL, 99, 2223);
INSERT INTO `productdetails` VALUES (106, NULL, NULL, 100, 2245);
INSERT INTO `productdetails` VALUES (106, NULL, NULL, 101, 2267);
INSERT INTO `productdetails` VALUES (106, NULL, NULL, 102, 2289);
INSERT INTO `productdetails` VALUES (106, NULL, NULL, 103, 2311);
INSERT INTO `productdetails` VALUES (106, NULL, NULL, 104, 2333);
INSERT INTO `productdetails` VALUES (106, NULL, NULL, 105, 2355);
INSERT INTO `productdetails` VALUES (106, NULL, NULL, 106, 2377);
INSERT INTO `productdetails` VALUES (106, NULL, NULL, 107, 2399);
INSERT INTO `productdetails` VALUES (106, NULL, NULL, 108, 2421);
INSERT INTO `productdetails` VALUES (106, NULL, NULL, 109, 2443);
INSERT INTO `productdetails` VALUES (106, NULL, NULL, 110, 2465);
INSERT INTO `productdetails` VALUES (106, NULL, NULL, 111, 2487);
INSERT INTO `productdetails` VALUES (106, NULL, NULL, 112, 2509);
INSERT INTO `productdetails` VALUES (106, NULL, NULL, 113, 2531);
INSERT INTO `productdetails` VALUES (106, NULL, NULL, 114, 2553);
INSERT INTO `productdetails` VALUES (106, NULL, NULL, 115, 2575);
INSERT INTO `productdetails` VALUES (106, NULL, NULL, 116, 2597);
INSERT INTO `productdetails` VALUES (106, NULL, NULL, 117, 2619);
INSERT INTO `productdetails` VALUES (106, NULL, NULL, 118, 2641);
INSERT INTO `productdetails` VALUES (106, NULL, NULL, 119, 2663);
INSERT INTO `productdetails` VALUES (106, NULL, NULL, 120, 2685);
INSERT INTO `productdetails` VALUES (106, NULL, NULL, 121, 2707);
INSERT INTO `productdetails` VALUES (106, NULL, NULL, 122, 2729);
INSERT INTO `productdetails` VALUES (106, NULL, NULL, 123, 2751);
INSERT INTO `productdetails` VALUES (106, NULL, NULL, 124, 2773);
INSERT INTO `productdetails` VALUES (106, NULL, NULL, 125, 2795);
INSERT INTO `productdetails` VALUES (106, NULL, NULL, 126, 2817);
INSERT INTO `productdetails` VALUES (106, NULL, NULL, 127, 2839);
INSERT INTO `productdetails` VALUES (106, NULL, NULL, 128, 2861);
INSERT INTO `productdetails` VALUES (106, NULL, NULL, 129, 2883);
INSERT INTO `productdetails` VALUES (106, NULL, NULL, 130, 2905);
INSERT INTO `productdetails` VALUES (106, NULL, NULL, 131, 2927);
INSERT INTO `productdetails` VALUES (106, NULL, NULL, 132, 2949);
INSERT INTO `productdetails` VALUES (106, NULL, NULL, 133, 2971);
INSERT INTO `productdetails` VALUES (106, NULL, NULL, 134, 2993);
INSERT INTO `productdetails` VALUES (106, NULL, NULL, 135, 3015);
INSERT INTO `productdetails` VALUES (106, NULL, NULL, 136, 3037);
INSERT INTO `productdetails` VALUES (106, NULL, NULL, 137, 3059);
INSERT INTO `productdetails` VALUES (106, NULL, NULL, 138, 3081);
INSERT INTO `productdetails` VALUES (106, NULL, NULL, 139, 3103);
INSERT INTO `productdetails` VALUES (106, NULL, NULL, 140, 3125);
INSERT INTO `productdetails` VALUES (106, NULL, NULL, 141, 3147);
INSERT INTO `productdetails` VALUES (106, NULL, NULL, 142, 3169);
INSERT INTO `productdetails` VALUES (106, NULL, NULL, 143, 3191);
INSERT INTO `productdetails` VALUES (106, NULL, NULL, 144, 3213);
INSERT INTO `productdetails` VALUES (106, NULL, NULL, 145, 3235);
INSERT INTO `productdetails` VALUES (106, NULL, NULL, 146, 3257);
INSERT INTO `productdetails` VALUES (106, NULL, NULL, 147, 3279);
INSERT INTO `productdetails` VALUES (106, NULL, NULL, 148, 3301);
INSERT INTO `productdetails` VALUES (106, NULL, NULL, 149, 3323);
INSERT INTO `productdetails` VALUES (106, NULL, NULL, 150, 3345);
INSERT INTO `productdetails` VALUES (107, NULL, NULL, 2, 49);
INSERT INTO `productdetails` VALUES (108, NULL, NULL, 3, 76);
INSERT INTO `productdetails` VALUES (109, NULL, NULL, 4, 103);
INSERT INTO `productdetails` VALUES (110, NULL, NULL, 5, 130);
INSERT INTO `productdetails` VALUES (110, NULL, NULL, 163, 3371);
INSERT INTO `productdetails` VALUES (110, NULL, NULL, 164, 3397);
INSERT INTO `productdetails` VALUES (110, NULL, NULL, 165, 3421);
INSERT INTO `productdetails` VALUES (110, NULL, NULL, 166, 3442);
INSERT INTO `productdetails` VALUES (111, NULL, NULL, 1, 23);
INSERT INTO `productdetails` VALUES (111, NULL, NULL, 6, 158);
INSERT INTO `productdetails` VALUES (111, NULL, NULL, 7, 185);
INSERT INTO `productdetails` VALUES (111, NULL, NULL, 8, 212);
INSERT INTO `productdetails` VALUES (111, NULL, NULL, 9, 239);
INSERT INTO `productdetails` VALUES (111, NULL, NULL, 10, 266);
INSERT INTO `productdetails` VALUES (111, NULL, NULL, 11, 288);
INSERT INTO `productdetails` VALUES (111, NULL, NULL, 12, 310);
INSERT INTO `productdetails` VALUES (111, NULL, NULL, 13, 332);
INSERT INTO `productdetails` VALUES (111, NULL, NULL, 14, 354);
INSERT INTO `productdetails` VALUES (111, NULL, NULL, 15, 376);
INSERT INTO `productdetails` VALUES (111, NULL, NULL, 16, 398);
INSERT INTO `productdetails` VALUES (111, NULL, NULL, 17, 420);
INSERT INTO `productdetails` VALUES (111, NULL, NULL, 18, 442);
INSERT INTO `productdetails` VALUES (111, NULL, NULL, 19, 464);
INSERT INTO `productdetails` VALUES (111, NULL, NULL, 20, 486);
INSERT INTO `productdetails` VALUES (111, NULL, NULL, 21, 508);
INSERT INTO `productdetails` VALUES (111, NULL, NULL, 22, 530);
INSERT INTO `productdetails` VALUES (111, NULL, NULL, 23, 552);
INSERT INTO `productdetails` VALUES (111, NULL, NULL, 24, 574);
INSERT INTO `productdetails` VALUES (111, NULL, NULL, 25, 596);
INSERT INTO `productdetails` VALUES (111, NULL, NULL, 26, 618);
INSERT INTO `productdetails` VALUES (111, NULL, NULL, 27, 640);
INSERT INTO `productdetails` VALUES (111, NULL, NULL, 28, 662);
INSERT INTO `productdetails` VALUES (111, NULL, NULL, 29, 684);
INSERT INTO `productdetails` VALUES (111, NULL, NULL, 30, 706);
INSERT INTO `productdetails` VALUES (111, NULL, NULL, 31, 728);
INSERT INTO `productdetails` VALUES (111, NULL, NULL, 32, 750);
INSERT INTO `productdetails` VALUES (111, NULL, NULL, 33, 772);
INSERT INTO `productdetails` VALUES (111, NULL, NULL, 34, 794);
INSERT INTO `productdetails` VALUES (111, NULL, NULL, 35, 816);
INSERT INTO `productdetails` VALUES (111, NULL, NULL, 36, 838);
INSERT INTO `productdetails` VALUES (111, NULL, NULL, 37, 860);
INSERT INTO `productdetails` VALUES (111, NULL, NULL, 38, 882);
INSERT INTO `productdetails` VALUES (111, NULL, NULL, 39, 904);
INSERT INTO `productdetails` VALUES (111, NULL, NULL, 40, 926);
INSERT INTO `productdetails` VALUES (111, NULL, NULL, 41, 948);
INSERT INTO `productdetails` VALUES (111, NULL, NULL, 42, 970);
INSERT INTO `productdetails` VALUES (111, NULL, NULL, 43, 992);
INSERT INTO `productdetails` VALUES (111, NULL, NULL, 44, 1014);
INSERT INTO `productdetails` VALUES (111, NULL, NULL, 45, 1036);
INSERT INTO `productdetails` VALUES (111, NULL, NULL, 46, 1058);
INSERT INTO `productdetails` VALUES (111, NULL, NULL, 47, 1080);
INSERT INTO `productdetails` VALUES (111, NULL, NULL, 48, 1102);
INSERT INTO `productdetails` VALUES (111, NULL, NULL, 49, 1124);
INSERT INTO `productdetails` VALUES (111, NULL, NULL, 50, 1146);
INSERT INTO `productdetails` VALUES (111, NULL, NULL, 51, 1168);
INSERT INTO `productdetails` VALUES (111, NULL, NULL, 52, 1190);
INSERT INTO `productdetails` VALUES (111, NULL, NULL, 53, 1212);
INSERT INTO `productdetails` VALUES (111, NULL, NULL, 54, 1234);
INSERT INTO `productdetails` VALUES (111, NULL, NULL, 55, 1256);
INSERT INTO `productdetails` VALUES (111, NULL, NULL, 56, 1278);
INSERT INTO `productdetails` VALUES (111, NULL, NULL, 57, 1300);
INSERT INTO `productdetails` VALUES (111, NULL, NULL, 58, 1322);
INSERT INTO `productdetails` VALUES (111, NULL, NULL, 59, 1344);
INSERT INTO `productdetails` VALUES (111, NULL, NULL, 60, 1366);
INSERT INTO `productdetails` VALUES (111, NULL, NULL, 61, 1388);
INSERT INTO `productdetails` VALUES (111, NULL, NULL, 62, 1410);
INSERT INTO `productdetails` VALUES (111, NULL, NULL, 63, 1432);
INSERT INTO `productdetails` VALUES (111, NULL, NULL, 64, 1454);
INSERT INTO `productdetails` VALUES (111, NULL, NULL, 65, 1476);
INSERT INTO `productdetails` VALUES (111, NULL, NULL, 66, 1498);
INSERT INTO `productdetails` VALUES (111, NULL, NULL, 67, 1520);
INSERT INTO `productdetails` VALUES (111, NULL, NULL, 68, 1542);
INSERT INTO `productdetails` VALUES (111, NULL, NULL, 69, 1564);
INSERT INTO `productdetails` VALUES (111, NULL, NULL, 70, 1586);
INSERT INTO `productdetails` VALUES (111, NULL, NULL, 71, 1608);
INSERT INTO `productdetails` VALUES (111, NULL, NULL, 72, 1630);
INSERT INTO `productdetails` VALUES (111, NULL, NULL, 73, 1652);
INSERT INTO `productdetails` VALUES (111, NULL, NULL, 74, 1674);
INSERT INTO `productdetails` VALUES (111, NULL, NULL, 75, 1696);
INSERT INTO `productdetails` VALUES (111, NULL, NULL, 76, 1718);
INSERT INTO `productdetails` VALUES (111, NULL, NULL, 77, 1740);
INSERT INTO `productdetails` VALUES (111, NULL, NULL, 78, 1762);
INSERT INTO `productdetails` VALUES (111, NULL, NULL, 79, 1784);
INSERT INTO `productdetails` VALUES (111, NULL, NULL, 80, 1806);
INSERT INTO `productdetails` VALUES (111, NULL, NULL, 81, 1828);
INSERT INTO `productdetails` VALUES (111, NULL, NULL, 82, 1850);
INSERT INTO `productdetails` VALUES (111, NULL, NULL, 83, 1872);
INSERT INTO `productdetails` VALUES (111, NULL, NULL, 84, 1894);
INSERT INTO `productdetails` VALUES (111, NULL, NULL, 85, 1916);
INSERT INTO `productdetails` VALUES (111, NULL, NULL, 86, 1938);
INSERT INTO `productdetails` VALUES (111, NULL, NULL, 87, 1960);
INSERT INTO `productdetails` VALUES (111, NULL, NULL, 88, 1982);
INSERT INTO `productdetails` VALUES (111, NULL, NULL, 89, 2004);
INSERT INTO `productdetails` VALUES (111, NULL, NULL, 90, 2026);
INSERT INTO `productdetails` VALUES (111, NULL, NULL, 91, 2048);
INSERT INTO `productdetails` VALUES (111, NULL, NULL, 92, 2070);
INSERT INTO `productdetails` VALUES (111, NULL, NULL, 93, 2092);
INSERT INTO `productdetails` VALUES (111, NULL, NULL, 94, 2114);
INSERT INTO `productdetails` VALUES (111, NULL, NULL, 95, 2136);
INSERT INTO `productdetails` VALUES (111, NULL, NULL, 96, 2158);
INSERT INTO `productdetails` VALUES (111, NULL, NULL, 97, 2180);
INSERT INTO `productdetails` VALUES (111, NULL, NULL, 98, 2202);
INSERT INTO `productdetails` VALUES (111, NULL, NULL, 99, 2224);
INSERT INTO `productdetails` VALUES (111, NULL, NULL, 100, 2246);
INSERT INTO `productdetails` VALUES (111, NULL, NULL, 101, 2268);
INSERT INTO `productdetails` VALUES (111, NULL, NULL, 102, 2290);
INSERT INTO `productdetails` VALUES (111, NULL, NULL, 103, 2312);
INSERT INTO `productdetails` VALUES (111, NULL, NULL, 104, 2334);
INSERT INTO `productdetails` VALUES (111, NULL, NULL, 105, 2356);
INSERT INTO `productdetails` VALUES (111, NULL, NULL, 106, 2378);
INSERT INTO `productdetails` VALUES (111, NULL, NULL, 107, 2400);
INSERT INTO `productdetails` VALUES (111, NULL, NULL, 108, 2422);
INSERT INTO `productdetails` VALUES (111, NULL, NULL, 109, 2444);
INSERT INTO `productdetails` VALUES (111, NULL, NULL, 110, 2466);
INSERT INTO `productdetails` VALUES (111, NULL, NULL, 111, 2488);
INSERT INTO `productdetails` VALUES (111, NULL, NULL, 112, 2510);
INSERT INTO `productdetails` VALUES (111, NULL, NULL, 113, 2532);
INSERT INTO `productdetails` VALUES (111, NULL, NULL, 114, 2554);
INSERT INTO `productdetails` VALUES (111, NULL, NULL, 115, 2576);
INSERT INTO `productdetails` VALUES (111, NULL, NULL, 116, 2598);
INSERT INTO `productdetails` VALUES (111, NULL, NULL, 117, 2620);
INSERT INTO `productdetails` VALUES (111, NULL, NULL, 118, 2642);
INSERT INTO `productdetails` VALUES (111, NULL, NULL, 119, 2664);
INSERT INTO `productdetails` VALUES (111, NULL, NULL, 120, 2686);
INSERT INTO `productdetails` VALUES (111, NULL, NULL, 121, 2708);
INSERT INTO `productdetails` VALUES (111, NULL, NULL, 122, 2730);
INSERT INTO `productdetails` VALUES (111, NULL, NULL, 123, 2752);
INSERT INTO `productdetails` VALUES (111, NULL, NULL, 124, 2774);
INSERT INTO `productdetails` VALUES (111, NULL, NULL, 125, 2796);
INSERT INTO `productdetails` VALUES (111, NULL, NULL, 126, 2818);
INSERT INTO `productdetails` VALUES (111, NULL, NULL, 127, 2840);
INSERT INTO `productdetails` VALUES (111, NULL, NULL, 128, 2862);
INSERT INTO `productdetails` VALUES (111, NULL, NULL, 129, 2884);
INSERT INTO `productdetails` VALUES (111, NULL, NULL, 130, 2906);
INSERT INTO `productdetails` VALUES (111, NULL, NULL, 131, 2928);
INSERT INTO `productdetails` VALUES (111, NULL, NULL, 132, 2950);
INSERT INTO `productdetails` VALUES (111, NULL, NULL, 133, 2972);
INSERT INTO `productdetails` VALUES (111, NULL, NULL, 134, 2994);
INSERT INTO `productdetails` VALUES (111, NULL, NULL, 135, 3016);
INSERT INTO `productdetails` VALUES (111, NULL, NULL, 136, 3038);
INSERT INTO `productdetails` VALUES (111, NULL, NULL, 137, 3060);
INSERT INTO `productdetails` VALUES (111, NULL, NULL, 138, 3082);
INSERT INTO `productdetails` VALUES (111, NULL, NULL, 139, 3104);
INSERT INTO `productdetails` VALUES (111, NULL, NULL, 140, 3126);
INSERT INTO `productdetails` VALUES (111, NULL, NULL, 141, 3148);
INSERT INTO `productdetails` VALUES (111, NULL, NULL, 142, 3170);
INSERT INTO `productdetails` VALUES (111, NULL, NULL, 143, 3192);
INSERT INTO `productdetails` VALUES (111, NULL, NULL, 144, 3214);
INSERT INTO `productdetails` VALUES (111, NULL, NULL, 145, 3236);
INSERT INTO `productdetails` VALUES (111, NULL, NULL, 146, 3258);
INSERT INTO `productdetails` VALUES (111, NULL, NULL, 147, 3280);
INSERT INTO `productdetails` VALUES (111, NULL, NULL, 148, 3302);
INSERT INTO `productdetails` VALUES (111, NULL, NULL, 149, 3324);
INSERT INTO `productdetails` VALUES (111, NULL, NULL, 150, 3346);
INSERT INTO `productdetails` VALUES (112, NULL, NULL, 2, 50);
INSERT INTO `productdetails` VALUES (112, NULL, NULL, 166, 3443);
INSERT INTO `productdetails` VALUES (113, NULL, NULL, 3, 77);
INSERT INTO `productdetails` VALUES (114, NULL, NULL, 4, 104);
INSERT INTO `productdetails` VALUES (115, NULL, NULL, 5, 131);
INSERT INTO `productdetails` VALUES (115, NULL, NULL, 163, 3372);
INSERT INTO `productdetails` VALUES (115, NULL, NULL, 164, 3398);
INSERT INTO `productdetails` VALUES (115, NULL, NULL, 165, 3422);
INSERT INTO `productdetails` VALUES (116, NULL, NULL, 1, 24);
INSERT INTO `productdetails` VALUES (116, NULL, NULL, 6, 159);
INSERT INTO `productdetails` VALUES (116, NULL, NULL, 7, 186);
INSERT INTO `productdetails` VALUES (116, NULL, NULL, 8, 213);
INSERT INTO `productdetails` VALUES (116, NULL, NULL, 9, 240);
INSERT INTO `productdetails` VALUES (116, NULL, NULL, 10, 267);
INSERT INTO `productdetails` VALUES (116, NULL, NULL, 11, 289);
INSERT INTO `productdetails` VALUES (116, NULL, NULL, 12, 311);
INSERT INTO `productdetails` VALUES (116, NULL, NULL, 13, 333);
INSERT INTO `productdetails` VALUES (116, NULL, NULL, 14, 355);
INSERT INTO `productdetails` VALUES (116, NULL, NULL, 15, 377);
INSERT INTO `productdetails` VALUES (116, NULL, NULL, 16, 399);
INSERT INTO `productdetails` VALUES (116, NULL, NULL, 17, 421);
INSERT INTO `productdetails` VALUES (116, NULL, NULL, 18, 443);
INSERT INTO `productdetails` VALUES (116, NULL, NULL, 19, 465);
INSERT INTO `productdetails` VALUES (116, NULL, NULL, 20, 487);
INSERT INTO `productdetails` VALUES (116, NULL, NULL, 21, 509);
INSERT INTO `productdetails` VALUES (116, NULL, NULL, 22, 531);
INSERT INTO `productdetails` VALUES (116, NULL, NULL, 23, 553);
INSERT INTO `productdetails` VALUES (116, NULL, NULL, 24, 575);
INSERT INTO `productdetails` VALUES (116, NULL, NULL, 25, 597);
INSERT INTO `productdetails` VALUES (116, NULL, NULL, 26, 619);
INSERT INTO `productdetails` VALUES (116, NULL, NULL, 27, 641);
INSERT INTO `productdetails` VALUES (116, NULL, NULL, 28, 663);
INSERT INTO `productdetails` VALUES (116, NULL, NULL, 29, 685);
INSERT INTO `productdetails` VALUES (116, NULL, NULL, 30, 707);
INSERT INTO `productdetails` VALUES (116, NULL, NULL, 31, 729);
INSERT INTO `productdetails` VALUES (116, NULL, NULL, 32, 751);
INSERT INTO `productdetails` VALUES (116, NULL, NULL, 33, 773);
INSERT INTO `productdetails` VALUES (116, NULL, NULL, 34, 795);
INSERT INTO `productdetails` VALUES (116, NULL, NULL, 35, 817);
INSERT INTO `productdetails` VALUES (116, NULL, NULL, 36, 839);
INSERT INTO `productdetails` VALUES (116, NULL, NULL, 37, 861);
INSERT INTO `productdetails` VALUES (116, NULL, NULL, 38, 883);
INSERT INTO `productdetails` VALUES (116, NULL, NULL, 39, 905);
INSERT INTO `productdetails` VALUES (116, NULL, NULL, 40, 927);
INSERT INTO `productdetails` VALUES (116, NULL, NULL, 41, 949);
INSERT INTO `productdetails` VALUES (116, NULL, NULL, 42, 971);
INSERT INTO `productdetails` VALUES (116, NULL, NULL, 43, 993);
INSERT INTO `productdetails` VALUES (116, NULL, NULL, 44, 1015);
INSERT INTO `productdetails` VALUES (116, NULL, NULL, 45, 1037);
INSERT INTO `productdetails` VALUES (116, NULL, NULL, 46, 1059);
INSERT INTO `productdetails` VALUES (116, NULL, NULL, 47, 1081);
INSERT INTO `productdetails` VALUES (116, NULL, NULL, 48, 1103);
INSERT INTO `productdetails` VALUES (116, NULL, NULL, 49, 1125);
INSERT INTO `productdetails` VALUES (116, NULL, NULL, 50, 1147);
INSERT INTO `productdetails` VALUES (116, NULL, NULL, 51, 1169);
INSERT INTO `productdetails` VALUES (116, NULL, NULL, 52, 1191);
INSERT INTO `productdetails` VALUES (116, NULL, NULL, 53, 1213);
INSERT INTO `productdetails` VALUES (116, NULL, NULL, 54, 1235);
INSERT INTO `productdetails` VALUES (116, NULL, NULL, 55, 1257);
INSERT INTO `productdetails` VALUES (116, NULL, NULL, 56, 1279);
INSERT INTO `productdetails` VALUES (116, NULL, NULL, 57, 1301);
INSERT INTO `productdetails` VALUES (116, NULL, NULL, 58, 1323);
INSERT INTO `productdetails` VALUES (116, NULL, NULL, 59, 1345);
INSERT INTO `productdetails` VALUES (116, NULL, NULL, 60, 1367);
INSERT INTO `productdetails` VALUES (116, NULL, NULL, 61, 1389);
INSERT INTO `productdetails` VALUES (116, NULL, NULL, 62, 1411);
INSERT INTO `productdetails` VALUES (116, NULL, NULL, 63, 1433);
INSERT INTO `productdetails` VALUES (116, NULL, NULL, 64, 1455);
INSERT INTO `productdetails` VALUES (116, NULL, NULL, 65, 1477);
INSERT INTO `productdetails` VALUES (116, NULL, NULL, 66, 1499);
INSERT INTO `productdetails` VALUES (116, NULL, NULL, 67, 1521);
INSERT INTO `productdetails` VALUES (116, NULL, NULL, 68, 1543);
INSERT INTO `productdetails` VALUES (116, NULL, NULL, 69, 1565);
INSERT INTO `productdetails` VALUES (116, NULL, NULL, 70, 1587);
INSERT INTO `productdetails` VALUES (116, NULL, NULL, 71, 1609);
INSERT INTO `productdetails` VALUES (116, NULL, NULL, 72, 1631);
INSERT INTO `productdetails` VALUES (116, NULL, NULL, 73, 1653);
INSERT INTO `productdetails` VALUES (116, NULL, NULL, 74, 1675);
INSERT INTO `productdetails` VALUES (116, NULL, NULL, 75, 1697);
INSERT INTO `productdetails` VALUES (116, NULL, NULL, 76, 1719);
INSERT INTO `productdetails` VALUES (116, NULL, NULL, 77, 1741);
INSERT INTO `productdetails` VALUES (116, NULL, NULL, 78, 1763);
INSERT INTO `productdetails` VALUES (116, NULL, NULL, 79, 1785);
INSERT INTO `productdetails` VALUES (116, NULL, NULL, 80, 1807);
INSERT INTO `productdetails` VALUES (116, NULL, NULL, 81, 1829);
INSERT INTO `productdetails` VALUES (116, NULL, NULL, 82, 1851);
INSERT INTO `productdetails` VALUES (116, NULL, NULL, 83, 1873);
INSERT INTO `productdetails` VALUES (116, NULL, NULL, 84, 1895);
INSERT INTO `productdetails` VALUES (116, NULL, NULL, 85, 1917);
INSERT INTO `productdetails` VALUES (116, NULL, NULL, 86, 1939);
INSERT INTO `productdetails` VALUES (116, NULL, NULL, 87, 1961);
INSERT INTO `productdetails` VALUES (116, NULL, NULL, 88, 1983);
INSERT INTO `productdetails` VALUES (116, NULL, NULL, 89, 2005);
INSERT INTO `productdetails` VALUES (116, NULL, NULL, 90, 2027);
INSERT INTO `productdetails` VALUES (116, NULL, NULL, 91, 2049);
INSERT INTO `productdetails` VALUES (116, NULL, NULL, 92, 2071);
INSERT INTO `productdetails` VALUES (116, NULL, NULL, 93, 2093);
INSERT INTO `productdetails` VALUES (116, NULL, NULL, 94, 2115);
INSERT INTO `productdetails` VALUES (116, NULL, NULL, 95, 2137);
INSERT INTO `productdetails` VALUES (116, NULL, NULL, 96, 2159);
INSERT INTO `productdetails` VALUES (116, NULL, NULL, 97, 2181);
INSERT INTO `productdetails` VALUES (116, NULL, NULL, 98, 2203);
INSERT INTO `productdetails` VALUES (116, NULL, NULL, 99, 2225);
INSERT INTO `productdetails` VALUES (116, NULL, NULL, 100, 2247);
INSERT INTO `productdetails` VALUES (116, NULL, NULL, 101, 2269);
INSERT INTO `productdetails` VALUES (116, NULL, NULL, 102, 2291);
INSERT INTO `productdetails` VALUES (116, NULL, NULL, 103, 2313);
INSERT INTO `productdetails` VALUES (116, NULL, NULL, 104, 2335);
INSERT INTO `productdetails` VALUES (116, NULL, NULL, 105, 2357);
INSERT INTO `productdetails` VALUES (116, NULL, NULL, 106, 2379);
INSERT INTO `productdetails` VALUES (116, NULL, NULL, 107, 2401);
INSERT INTO `productdetails` VALUES (116, NULL, NULL, 108, 2423);
INSERT INTO `productdetails` VALUES (116, NULL, NULL, 109, 2445);
INSERT INTO `productdetails` VALUES (116, NULL, NULL, 110, 2467);
INSERT INTO `productdetails` VALUES (116, NULL, NULL, 111, 2489);
INSERT INTO `productdetails` VALUES (116, NULL, NULL, 112, 2511);
INSERT INTO `productdetails` VALUES (116, NULL, NULL, 113, 2533);
INSERT INTO `productdetails` VALUES (116, NULL, NULL, 114, 2555);
INSERT INTO `productdetails` VALUES (116, NULL, NULL, 115, 2577);
INSERT INTO `productdetails` VALUES (116, NULL, NULL, 116, 2599);
INSERT INTO `productdetails` VALUES (116, NULL, NULL, 117, 2621);
INSERT INTO `productdetails` VALUES (116, NULL, NULL, 118, 2643);
INSERT INTO `productdetails` VALUES (116, NULL, NULL, 119, 2665);
INSERT INTO `productdetails` VALUES (116, NULL, NULL, 120, 2687);
INSERT INTO `productdetails` VALUES (116, NULL, NULL, 121, 2709);
INSERT INTO `productdetails` VALUES (116, NULL, NULL, 122, 2731);
INSERT INTO `productdetails` VALUES (116, NULL, NULL, 123, 2753);
INSERT INTO `productdetails` VALUES (116, NULL, NULL, 124, 2775);
INSERT INTO `productdetails` VALUES (116, NULL, NULL, 125, 2797);
INSERT INTO `productdetails` VALUES (116, NULL, NULL, 126, 2819);
INSERT INTO `productdetails` VALUES (116, NULL, NULL, 127, 2841);
INSERT INTO `productdetails` VALUES (116, NULL, NULL, 128, 2863);
INSERT INTO `productdetails` VALUES (116, NULL, NULL, 129, 2885);
INSERT INTO `productdetails` VALUES (116, NULL, NULL, 130, 2907);
INSERT INTO `productdetails` VALUES (116, NULL, NULL, 131, 2929);
INSERT INTO `productdetails` VALUES (116, NULL, NULL, 132, 2951);
INSERT INTO `productdetails` VALUES (116, NULL, NULL, 133, 2973);
INSERT INTO `productdetails` VALUES (116, NULL, NULL, 134, 2995);
INSERT INTO `productdetails` VALUES (116, NULL, NULL, 135, 3017);
INSERT INTO `productdetails` VALUES (116, NULL, NULL, 136, 3039);
INSERT INTO `productdetails` VALUES (116, NULL, NULL, 137, 3061);
INSERT INTO `productdetails` VALUES (116, NULL, NULL, 138, 3083);
INSERT INTO `productdetails` VALUES (116, NULL, NULL, 139, 3105);
INSERT INTO `productdetails` VALUES (116, NULL, NULL, 140, 3127);
INSERT INTO `productdetails` VALUES (116, NULL, NULL, 141, 3149);
INSERT INTO `productdetails` VALUES (116, NULL, NULL, 142, 3171);
INSERT INTO `productdetails` VALUES (116, NULL, NULL, 143, 3193);
INSERT INTO `productdetails` VALUES (116, NULL, NULL, 144, 3215);
INSERT INTO `productdetails` VALUES (116, NULL, NULL, 145, 3237);
INSERT INTO `productdetails` VALUES (116, NULL, NULL, 146, 3259);
INSERT INTO `productdetails` VALUES (116, NULL, NULL, 147, 3281);
INSERT INTO `productdetails` VALUES (116, NULL, NULL, 148, 3303);
INSERT INTO `productdetails` VALUES (116, NULL, NULL, 149, 3325);
INSERT INTO `productdetails` VALUES (116, NULL, NULL, 150, 3347);
INSERT INTO `productdetails` VALUES (117, NULL, NULL, 2, 51);
INSERT INTO `productdetails` VALUES (118, NULL, NULL, 3, 78);
INSERT INTO `productdetails` VALUES (119, NULL, NULL, 4, 105);
INSERT INTO `productdetails` VALUES (120, NULL, NULL, 5, 132);
INSERT INTO `productdetails` VALUES (120, NULL, NULL, 163, 3373);
INSERT INTO `productdetails` VALUES (120, NULL, NULL, 164, 3399);
INSERT INTO `productdetails` VALUES (120, NULL, NULL, 165, 3423);
INSERT INTO `productdetails` VALUES (120, NULL, NULL, 166, 3444);
INSERT INTO `productdetails` VALUES (121, NULL, NULL, 1, 25);
INSERT INTO `productdetails` VALUES (121, NULL, NULL, 6, 160);
INSERT INTO `productdetails` VALUES (121, NULL, NULL, 7, 187);
INSERT INTO `productdetails` VALUES (121, NULL, NULL, 8, 214);
INSERT INTO `productdetails` VALUES (121, NULL, NULL, 9, 241);
INSERT INTO `productdetails` VALUES (121, NULL, NULL, 10, 268);
INSERT INTO `productdetails` VALUES (121, NULL, NULL, 11, 290);
INSERT INTO `productdetails` VALUES (121, NULL, NULL, 12, 312);
INSERT INTO `productdetails` VALUES (121, NULL, NULL, 13, 334);
INSERT INTO `productdetails` VALUES (121, NULL, NULL, 14, 356);
INSERT INTO `productdetails` VALUES (121, NULL, NULL, 15, 378);
INSERT INTO `productdetails` VALUES (121, NULL, NULL, 16, 400);
INSERT INTO `productdetails` VALUES (121, NULL, NULL, 17, 422);
INSERT INTO `productdetails` VALUES (121, NULL, NULL, 18, 444);
INSERT INTO `productdetails` VALUES (121, NULL, NULL, 19, 466);
INSERT INTO `productdetails` VALUES (121, NULL, NULL, 20, 488);
INSERT INTO `productdetails` VALUES (121, NULL, NULL, 21, 510);
INSERT INTO `productdetails` VALUES (121, NULL, NULL, 22, 532);
INSERT INTO `productdetails` VALUES (121, NULL, NULL, 23, 554);
INSERT INTO `productdetails` VALUES (121, NULL, NULL, 24, 576);
INSERT INTO `productdetails` VALUES (121, NULL, NULL, 25, 598);
INSERT INTO `productdetails` VALUES (121, NULL, NULL, 26, 620);
INSERT INTO `productdetails` VALUES (121, NULL, NULL, 27, 642);
INSERT INTO `productdetails` VALUES (121, NULL, NULL, 28, 664);
INSERT INTO `productdetails` VALUES (121, NULL, NULL, 29, 686);
INSERT INTO `productdetails` VALUES (121, NULL, NULL, 30, 708);
INSERT INTO `productdetails` VALUES (121, NULL, NULL, 31, 730);
INSERT INTO `productdetails` VALUES (121, NULL, NULL, 32, 752);
INSERT INTO `productdetails` VALUES (121, NULL, NULL, 33, 774);
INSERT INTO `productdetails` VALUES (121, NULL, NULL, 34, 796);
INSERT INTO `productdetails` VALUES (121, NULL, NULL, 35, 818);
INSERT INTO `productdetails` VALUES (121, NULL, NULL, 36, 840);
INSERT INTO `productdetails` VALUES (121, NULL, NULL, 37, 862);
INSERT INTO `productdetails` VALUES (121, NULL, NULL, 38, 884);
INSERT INTO `productdetails` VALUES (121, NULL, NULL, 39, 906);
INSERT INTO `productdetails` VALUES (121, NULL, NULL, 40, 928);
INSERT INTO `productdetails` VALUES (121, NULL, NULL, 41, 950);
INSERT INTO `productdetails` VALUES (121, NULL, NULL, 42, 972);
INSERT INTO `productdetails` VALUES (121, NULL, NULL, 43, 994);
INSERT INTO `productdetails` VALUES (121, NULL, NULL, 44, 1016);
INSERT INTO `productdetails` VALUES (121, NULL, NULL, 45, 1038);
INSERT INTO `productdetails` VALUES (121, NULL, NULL, 46, 1060);
INSERT INTO `productdetails` VALUES (121, NULL, NULL, 47, 1082);
INSERT INTO `productdetails` VALUES (121, NULL, NULL, 48, 1104);
INSERT INTO `productdetails` VALUES (121, NULL, NULL, 49, 1126);
INSERT INTO `productdetails` VALUES (121, NULL, NULL, 50, 1148);
INSERT INTO `productdetails` VALUES (121, NULL, NULL, 51, 1170);
INSERT INTO `productdetails` VALUES (121, NULL, NULL, 52, 1192);
INSERT INTO `productdetails` VALUES (121, NULL, NULL, 53, 1214);
INSERT INTO `productdetails` VALUES (121, NULL, NULL, 54, 1236);
INSERT INTO `productdetails` VALUES (121, NULL, NULL, 55, 1258);
INSERT INTO `productdetails` VALUES (121, NULL, NULL, 56, 1280);
INSERT INTO `productdetails` VALUES (121, NULL, NULL, 57, 1302);
INSERT INTO `productdetails` VALUES (121, NULL, NULL, 58, 1324);
INSERT INTO `productdetails` VALUES (121, NULL, NULL, 59, 1346);
INSERT INTO `productdetails` VALUES (121, NULL, NULL, 60, 1368);
INSERT INTO `productdetails` VALUES (121, NULL, NULL, 61, 1390);
INSERT INTO `productdetails` VALUES (121, NULL, NULL, 62, 1412);
INSERT INTO `productdetails` VALUES (121, NULL, NULL, 63, 1434);
INSERT INTO `productdetails` VALUES (121, NULL, NULL, 64, 1456);
INSERT INTO `productdetails` VALUES (121, NULL, NULL, 65, 1478);
INSERT INTO `productdetails` VALUES (121, NULL, NULL, 66, 1500);
INSERT INTO `productdetails` VALUES (121, NULL, NULL, 67, 1522);
INSERT INTO `productdetails` VALUES (121, NULL, NULL, 68, 1544);
INSERT INTO `productdetails` VALUES (121, NULL, NULL, 69, 1566);
INSERT INTO `productdetails` VALUES (121, NULL, NULL, 70, 1588);
INSERT INTO `productdetails` VALUES (121, NULL, NULL, 71, 1610);
INSERT INTO `productdetails` VALUES (121, NULL, NULL, 72, 1632);
INSERT INTO `productdetails` VALUES (121, NULL, NULL, 73, 1654);
INSERT INTO `productdetails` VALUES (121, NULL, NULL, 74, 1676);
INSERT INTO `productdetails` VALUES (121, NULL, NULL, 75, 1698);
INSERT INTO `productdetails` VALUES (121, NULL, NULL, 76, 1720);
INSERT INTO `productdetails` VALUES (121, NULL, NULL, 77, 1742);
INSERT INTO `productdetails` VALUES (121, NULL, NULL, 78, 1764);
INSERT INTO `productdetails` VALUES (121, NULL, NULL, 79, 1786);
INSERT INTO `productdetails` VALUES (121, NULL, NULL, 80, 1808);
INSERT INTO `productdetails` VALUES (121, NULL, NULL, 81, 1830);
INSERT INTO `productdetails` VALUES (121, NULL, NULL, 82, 1852);
INSERT INTO `productdetails` VALUES (121, NULL, NULL, 83, 1874);
INSERT INTO `productdetails` VALUES (121, NULL, NULL, 84, 1896);
INSERT INTO `productdetails` VALUES (121, NULL, NULL, 85, 1918);
INSERT INTO `productdetails` VALUES (121, NULL, NULL, 86, 1940);
INSERT INTO `productdetails` VALUES (121, NULL, NULL, 87, 1962);
INSERT INTO `productdetails` VALUES (121, NULL, NULL, 88, 1984);
INSERT INTO `productdetails` VALUES (121, NULL, NULL, 89, 2006);
INSERT INTO `productdetails` VALUES (121, NULL, NULL, 90, 2028);
INSERT INTO `productdetails` VALUES (121, NULL, NULL, 91, 2050);
INSERT INTO `productdetails` VALUES (121, NULL, NULL, 92, 2072);
INSERT INTO `productdetails` VALUES (121, NULL, NULL, 93, 2094);
INSERT INTO `productdetails` VALUES (121, NULL, NULL, 94, 2116);
INSERT INTO `productdetails` VALUES (121, NULL, NULL, 95, 2138);
INSERT INTO `productdetails` VALUES (121, NULL, NULL, 96, 2160);
INSERT INTO `productdetails` VALUES (121, NULL, NULL, 97, 2182);
INSERT INTO `productdetails` VALUES (121, NULL, NULL, 98, 2204);
INSERT INTO `productdetails` VALUES (121, NULL, NULL, 99, 2226);
INSERT INTO `productdetails` VALUES (121, NULL, NULL, 100, 2248);
INSERT INTO `productdetails` VALUES (121, NULL, NULL, 101, 2270);
INSERT INTO `productdetails` VALUES (121, NULL, NULL, 102, 2292);
INSERT INTO `productdetails` VALUES (121, NULL, NULL, 103, 2314);
INSERT INTO `productdetails` VALUES (121, NULL, NULL, 104, 2336);
INSERT INTO `productdetails` VALUES (121, NULL, NULL, 105, 2358);
INSERT INTO `productdetails` VALUES (121, NULL, NULL, 106, 2380);
INSERT INTO `productdetails` VALUES (121, NULL, NULL, 107, 2402);
INSERT INTO `productdetails` VALUES (121, NULL, NULL, 108, 2424);
INSERT INTO `productdetails` VALUES (121, NULL, NULL, 109, 2446);
INSERT INTO `productdetails` VALUES (121, NULL, NULL, 110, 2468);
INSERT INTO `productdetails` VALUES (121, NULL, NULL, 111, 2490);
INSERT INTO `productdetails` VALUES (121, NULL, NULL, 112, 2512);
INSERT INTO `productdetails` VALUES (121, NULL, NULL, 113, 2534);
INSERT INTO `productdetails` VALUES (121, NULL, NULL, 114, 2556);
INSERT INTO `productdetails` VALUES (121, NULL, NULL, 115, 2578);
INSERT INTO `productdetails` VALUES (121, NULL, NULL, 116, 2600);
INSERT INTO `productdetails` VALUES (121, NULL, NULL, 117, 2622);
INSERT INTO `productdetails` VALUES (121, NULL, NULL, 118, 2644);
INSERT INTO `productdetails` VALUES (121, NULL, NULL, 119, 2666);
INSERT INTO `productdetails` VALUES (121, NULL, NULL, 120, 2688);
INSERT INTO `productdetails` VALUES (121, NULL, NULL, 121, 2710);
INSERT INTO `productdetails` VALUES (121, NULL, NULL, 122, 2732);
INSERT INTO `productdetails` VALUES (121, NULL, NULL, 123, 2754);
INSERT INTO `productdetails` VALUES (121, NULL, NULL, 124, 2776);
INSERT INTO `productdetails` VALUES (121, NULL, NULL, 125, 2798);
INSERT INTO `productdetails` VALUES (121, NULL, NULL, 126, 2820);
INSERT INTO `productdetails` VALUES (121, NULL, NULL, 127, 2842);
INSERT INTO `productdetails` VALUES (121, NULL, NULL, 128, 2864);
INSERT INTO `productdetails` VALUES (121, NULL, NULL, 129, 2886);
INSERT INTO `productdetails` VALUES (121, NULL, NULL, 130, 2908);
INSERT INTO `productdetails` VALUES (121, NULL, NULL, 131, 2930);
INSERT INTO `productdetails` VALUES (121, NULL, NULL, 132, 2952);
INSERT INTO `productdetails` VALUES (121, NULL, NULL, 133, 2974);
INSERT INTO `productdetails` VALUES (121, NULL, NULL, 134, 2996);
INSERT INTO `productdetails` VALUES (121, NULL, NULL, 135, 3018);
INSERT INTO `productdetails` VALUES (121, NULL, NULL, 136, 3040);
INSERT INTO `productdetails` VALUES (121, NULL, NULL, 137, 3062);
INSERT INTO `productdetails` VALUES (121, NULL, NULL, 138, 3084);
INSERT INTO `productdetails` VALUES (121, NULL, NULL, 139, 3106);
INSERT INTO `productdetails` VALUES (121, NULL, NULL, 140, 3128);
INSERT INTO `productdetails` VALUES (121, NULL, NULL, 141, 3150);
INSERT INTO `productdetails` VALUES (121, NULL, NULL, 142, 3172);
INSERT INTO `productdetails` VALUES (121, NULL, NULL, 143, 3194);
INSERT INTO `productdetails` VALUES (121, NULL, NULL, 144, 3216);
INSERT INTO `productdetails` VALUES (121, NULL, NULL, 145, 3238);
INSERT INTO `productdetails` VALUES (121, NULL, NULL, 146, 3260);
INSERT INTO `productdetails` VALUES (121, NULL, NULL, 147, 3282);
INSERT INTO `productdetails` VALUES (121, NULL, NULL, 148, 3304);
INSERT INTO `productdetails` VALUES (121, NULL, NULL, 149, 3326);
INSERT INTO `productdetails` VALUES (121, NULL, NULL, 150, 3348);
INSERT INTO `productdetails` VALUES (122, NULL, NULL, 2, 52);
INSERT INTO `productdetails` VALUES (123, NULL, NULL, 3, 79);
INSERT INTO `productdetails` VALUES (124, NULL, NULL, 4, 106);
INSERT INTO `productdetails` VALUES (125, NULL, NULL, 5, 133);
INSERT INTO `productdetails` VALUES (125, NULL, NULL, 163, 3374);
INSERT INTO `productdetails` VALUES (125, NULL, NULL, 164, 3400);
INSERT INTO `productdetails` VALUES (125, NULL, NULL, 165, 3424);
INSERT INTO `productdetails` VALUES (126, NULL, NULL, 1, 26);
INSERT INTO `productdetails` VALUES (126, NULL, NULL, 6, 161);
INSERT INTO `productdetails` VALUES (126, NULL, NULL, 7, 188);
INSERT INTO `productdetails` VALUES (126, NULL, NULL, 8, 215);
INSERT INTO `productdetails` VALUES (126, NULL, NULL, 9, 242);
INSERT INTO `productdetails` VALUES (126, NULL, NULL, 10, 269);
INSERT INTO `productdetails` VALUES (126, NULL, NULL, 11, 291);
INSERT INTO `productdetails` VALUES (126, NULL, NULL, 12, 313);
INSERT INTO `productdetails` VALUES (126, NULL, NULL, 13, 335);
INSERT INTO `productdetails` VALUES (126, NULL, NULL, 14, 357);
INSERT INTO `productdetails` VALUES (126, NULL, NULL, 15, 379);
INSERT INTO `productdetails` VALUES (126, NULL, NULL, 16, 401);
INSERT INTO `productdetails` VALUES (126, NULL, NULL, 17, 423);
INSERT INTO `productdetails` VALUES (126, NULL, NULL, 18, 445);
INSERT INTO `productdetails` VALUES (126, NULL, NULL, 19, 467);
INSERT INTO `productdetails` VALUES (126, NULL, NULL, 20, 489);
INSERT INTO `productdetails` VALUES (126, NULL, NULL, 21, 511);
INSERT INTO `productdetails` VALUES (126, NULL, NULL, 22, 533);
INSERT INTO `productdetails` VALUES (126, NULL, NULL, 23, 555);
INSERT INTO `productdetails` VALUES (126, NULL, NULL, 24, 577);
INSERT INTO `productdetails` VALUES (126, NULL, NULL, 25, 599);
INSERT INTO `productdetails` VALUES (126, NULL, NULL, 26, 621);
INSERT INTO `productdetails` VALUES (126, NULL, NULL, 27, 643);
INSERT INTO `productdetails` VALUES (126, NULL, NULL, 28, 665);
INSERT INTO `productdetails` VALUES (126, NULL, NULL, 29, 687);
INSERT INTO `productdetails` VALUES (126, NULL, NULL, 30, 709);
INSERT INTO `productdetails` VALUES (126, NULL, NULL, 31, 731);
INSERT INTO `productdetails` VALUES (126, NULL, NULL, 32, 753);
INSERT INTO `productdetails` VALUES (126, NULL, NULL, 33, 775);
INSERT INTO `productdetails` VALUES (126, NULL, NULL, 34, 797);
INSERT INTO `productdetails` VALUES (126, NULL, NULL, 35, 819);
INSERT INTO `productdetails` VALUES (126, NULL, NULL, 36, 841);
INSERT INTO `productdetails` VALUES (126, NULL, NULL, 37, 863);
INSERT INTO `productdetails` VALUES (126, NULL, NULL, 38, 885);
INSERT INTO `productdetails` VALUES (126, NULL, NULL, 39, 907);
INSERT INTO `productdetails` VALUES (126, NULL, NULL, 40, 929);
INSERT INTO `productdetails` VALUES (126, NULL, NULL, 41, 951);
INSERT INTO `productdetails` VALUES (126, NULL, NULL, 42, 973);
INSERT INTO `productdetails` VALUES (126, NULL, NULL, 43, 995);
INSERT INTO `productdetails` VALUES (126, NULL, NULL, 44, 1017);
INSERT INTO `productdetails` VALUES (126, NULL, NULL, 45, 1039);
INSERT INTO `productdetails` VALUES (126, NULL, NULL, 46, 1061);
INSERT INTO `productdetails` VALUES (126, NULL, NULL, 47, 1083);
INSERT INTO `productdetails` VALUES (126, NULL, NULL, 48, 1105);
INSERT INTO `productdetails` VALUES (126, NULL, NULL, 49, 1127);
INSERT INTO `productdetails` VALUES (126, NULL, NULL, 50, 1149);
INSERT INTO `productdetails` VALUES (126, NULL, NULL, 51, 1171);
INSERT INTO `productdetails` VALUES (126, NULL, NULL, 52, 1193);
INSERT INTO `productdetails` VALUES (126, NULL, NULL, 53, 1215);
INSERT INTO `productdetails` VALUES (126, NULL, NULL, 54, 1237);
INSERT INTO `productdetails` VALUES (126, NULL, NULL, 55, 1259);
INSERT INTO `productdetails` VALUES (126, NULL, NULL, 56, 1281);
INSERT INTO `productdetails` VALUES (126, NULL, NULL, 57, 1303);
INSERT INTO `productdetails` VALUES (126, NULL, NULL, 58, 1325);
INSERT INTO `productdetails` VALUES (126, NULL, NULL, 59, 1347);
INSERT INTO `productdetails` VALUES (126, NULL, NULL, 60, 1369);
INSERT INTO `productdetails` VALUES (126, NULL, NULL, 61, 1391);
INSERT INTO `productdetails` VALUES (126, NULL, NULL, 62, 1413);
INSERT INTO `productdetails` VALUES (126, NULL, NULL, 63, 1435);
INSERT INTO `productdetails` VALUES (126, NULL, NULL, 64, 1457);
INSERT INTO `productdetails` VALUES (126, NULL, NULL, 65, 1479);
INSERT INTO `productdetails` VALUES (126, NULL, NULL, 66, 1501);
INSERT INTO `productdetails` VALUES (126, NULL, NULL, 67, 1523);
INSERT INTO `productdetails` VALUES (126, NULL, NULL, 68, 1545);
INSERT INTO `productdetails` VALUES (126, NULL, NULL, 69, 1567);
INSERT INTO `productdetails` VALUES (126, NULL, NULL, 70, 1589);
INSERT INTO `productdetails` VALUES (126, NULL, NULL, 71, 1611);
INSERT INTO `productdetails` VALUES (126, NULL, NULL, 72, 1633);
INSERT INTO `productdetails` VALUES (126, NULL, NULL, 73, 1655);
INSERT INTO `productdetails` VALUES (126, NULL, NULL, 74, 1677);
INSERT INTO `productdetails` VALUES (126, NULL, NULL, 75, 1699);
INSERT INTO `productdetails` VALUES (126, NULL, NULL, 76, 1721);
INSERT INTO `productdetails` VALUES (126, NULL, NULL, 77, 1743);
INSERT INTO `productdetails` VALUES (126, NULL, NULL, 78, 1765);
INSERT INTO `productdetails` VALUES (126, NULL, NULL, 79, 1787);
INSERT INTO `productdetails` VALUES (126, NULL, NULL, 80, 1809);
INSERT INTO `productdetails` VALUES (126, NULL, NULL, 81, 1831);
INSERT INTO `productdetails` VALUES (126, NULL, NULL, 82, 1853);
INSERT INTO `productdetails` VALUES (126, NULL, NULL, 83, 1875);
INSERT INTO `productdetails` VALUES (126, NULL, NULL, 84, 1897);
INSERT INTO `productdetails` VALUES (126, NULL, NULL, 85, 1919);
INSERT INTO `productdetails` VALUES (126, NULL, NULL, 86, 1941);
INSERT INTO `productdetails` VALUES (126, NULL, NULL, 87, 1963);
INSERT INTO `productdetails` VALUES (126, NULL, NULL, 88, 1985);
INSERT INTO `productdetails` VALUES (126, NULL, NULL, 89, 2007);
INSERT INTO `productdetails` VALUES (126, NULL, NULL, 90, 2029);
INSERT INTO `productdetails` VALUES (126, NULL, NULL, 91, 2051);
INSERT INTO `productdetails` VALUES (126, NULL, NULL, 92, 2073);
INSERT INTO `productdetails` VALUES (126, NULL, NULL, 93, 2095);
INSERT INTO `productdetails` VALUES (126, NULL, NULL, 94, 2117);
INSERT INTO `productdetails` VALUES (126, NULL, NULL, 95, 2139);
INSERT INTO `productdetails` VALUES (126, NULL, NULL, 96, 2161);
INSERT INTO `productdetails` VALUES (126, NULL, NULL, 97, 2183);
INSERT INTO `productdetails` VALUES (126, NULL, NULL, 98, 2205);
INSERT INTO `productdetails` VALUES (126, NULL, NULL, 99, 2227);
INSERT INTO `productdetails` VALUES (126, NULL, NULL, 100, 2249);
INSERT INTO `productdetails` VALUES (126, NULL, NULL, 101, 2271);
INSERT INTO `productdetails` VALUES (126, NULL, NULL, 102, 2293);
INSERT INTO `productdetails` VALUES (126, NULL, NULL, 103, 2315);
INSERT INTO `productdetails` VALUES (126, NULL, NULL, 104, 2337);
INSERT INTO `productdetails` VALUES (126, NULL, NULL, 105, 2359);
INSERT INTO `productdetails` VALUES (126, NULL, NULL, 106, 2381);
INSERT INTO `productdetails` VALUES (126, NULL, NULL, 107, 2403);
INSERT INTO `productdetails` VALUES (126, NULL, NULL, 108, 2425);
INSERT INTO `productdetails` VALUES (126, NULL, NULL, 109, 2447);
INSERT INTO `productdetails` VALUES (126, NULL, NULL, 110, 2469);
INSERT INTO `productdetails` VALUES (126, NULL, NULL, 111, 2491);
INSERT INTO `productdetails` VALUES (126, NULL, NULL, 112, 2513);
INSERT INTO `productdetails` VALUES (126, NULL, NULL, 113, 2535);
INSERT INTO `productdetails` VALUES (126, NULL, NULL, 114, 2557);
INSERT INTO `productdetails` VALUES (126, NULL, NULL, 115, 2579);
INSERT INTO `productdetails` VALUES (126, NULL, NULL, 116, 2601);
INSERT INTO `productdetails` VALUES (126, NULL, NULL, 117, 2623);
INSERT INTO `productdetails` VALUES (126, NULL, NULL, 118, 2645);
INSERT INTO `productdetails` VALUES (126, NULL, NULL, 119, 2667);
INSERT INTO `productdetails` VALUES (126, NULL, NULL, 120, 2689);
INSERT INTO `productdetails` VALUES (126, NULL, NULL, 121, 2711);
INSERT INTO `productdetails` VALUES (126, NULL, NULL, 122, 2733);
INSERT INTO `productdetails` VALUES (126, NULL, NULL, 123, 2755);
INSERT INTO `productdetails` VALUES (126, NULL, NULL, 124, 2777);
INSERT INTO `productdetails` VALUES (126, NULL, NULL, 125, 2799);
INSERT INTO `productdetails` VALUES (126, NULL, NULL, 126, 2821);
INSERT INTO `productdetails` VALUES (126, NULL, NULL, 127, 2843);
INSERT INTO `productdetails` VALUES (126, NULL, NULL, 128, 2865);
INSERT INTO `productdetails` VALUES (126, NULL, NULL, 129, 2887);
INSERT INTO `productdetails` VALUES (126, NULL, NULL, 130, 2909);
INSERT INTO `productdetails` VALUES (126, NULL, NULL, 131, 2931);
INSERT INTO `productdetails` VALUES (126, NULL, NULL, 132, 2953);
INSERT INTO `productdetails` VALUES (126, NULL, NULL, 133, 2975);
INSERT INTO `productdetails` VALUES (126, NULL, NULL, 134, 2997);
INSERT INTO `productdetails` VALUES (126, NULL, NULL, 135, 3019);
INSERT INTO `productdetails` VALUES (126, NULL, NULL, 136, 3041);
INSERT INTO `productdetails` VALUES (126, NULL, NULL, 137, 3063);
INSERT INTO `productdetails` VALUES (126, NULL, NULL, 138, 3085);
INSERT INTO `productdetails` VALUES (126, NULL, NULL, 139, 3107);
INSERT INTO `productdetails` VALUES (126, NULL, NULL, 140, 3129);
INSERT INTO `productdetails` VALUES (126, NULL, NULL, 141, 3151);
INSERT INTO `productdetails` VALUES (126, NULL, NULL, 142, 3173);
INSERT INTO `productdetails` VALUES (126, NULL, NULL, 143, 3195);
INSERT INTO `productdetails` VALUES (126, NULL, NULL, 144, 3217);
INSERT INTO `productdetails` VALUES (126, NULL, NULL, 145, 3239);
INSERT INTO `productdetails` VALUES (126, NULL, NULL, 146, 3261);
INSERT INTO `productdetails` VALUES (126, NULL, NULL, 147, 3283);
INSERT INTO `productdetails` VALUES (126, NULL, NULL, 148, 3305);
INSERT INTO `productdetails` VALUES (126, NULL, NULL, 149, 3327);
INSERT INTO `productdetails` VALUES (126, NULL, NULL, 150, 3349);
INSERT INTO `productdetails` VALUES (127, NULL, NULL, 2, 53);
INSERT INTO `productdetails` VALUES (127, NULL, NULL, 166, 3445);
INSERT INTO `productdetails` VALUES (128, NULL, NULL, 3, 80);
INSERT INTO `productdetails` VALUES (129, NULL, NULL, 4, 107);
INSERT INTO `productdetails` VALUES (130, NULL, NULL, 5, 134);
INSERT INTO `productdetails` VALUES (130, NULL, NULL, 163, 3375);
INSERT INTO `productdetails` VALUES (130, NULL, NULL, 164, 3401);
INSERT INTO `productdetails` VALUES (130, NULL, NULL, 165, 3425);
INSERT INTO `productdetails` VALUES (131, NULL, NULL, 1, 27);
INSERT INTO `productdetails` VALUES (131, NULL, NULL, 6, 162);
INSERT INTO `productdetails` VALUES (131, NULL, NULL, 7, 189);
INSERT INTO `productdetails` VALUES (131, NULL, NULL, 8, 216);
INSERT INTO `productdetails` VALUES (131, NULL, NULL, 9, 243);
INSERT INTO `productdetails` VALUES (131, NULL, NULL, 10, 270);
INSERT INTO `productdetails` VALUES (131, NULL, NULL, 11, 292);
INSERT INTO `productdetails` VALUES (131, NULL, NULL, 12, 314);
INSERT INTO `productdetails` VALUES (131, NULL, NULL, 13, 336);
INSERT INTO `productdetails` VALUES (131, NULL, NULL, 14, 358);
INSERT INTO `productdetails` VALUES (131, NULL, NULL, 15, 380);
INSERT INTO `productdetails` VALUES (131, NULL, NULL, 16, 402);
INSERT INTO `productdetails` VALUES (131, NULL, NULL, 17, 424);
INSERT INTO `productdetails` VALUES (131, NULL, NULL, 18, 446);
INSERT INTO `productdetails` VALUES (131, NULL, NULL, 19, 468);
INSERT INTO `productdetails` VALUES (131, NULL, NULL, 20, 490);
INSERT INTO `productdetails` VALUES (131, NULL, NULL, 21, 512);
INSERT INTO `productdetails` VALUES (131, NULL, NULL, 22, 534);
INSERT INTO `productdetails` VALUES (131, NULL, NULL, 23, 556);
INSERT INTO `productdetails` VALUES (131, NULL, NULL, 24, 578);
INSERT INTO `productdetails` VALUES (131, NULL, NULL, 25, 600);
INSERT INTO `productdetails` VALUES (131, NULL, NULL, 26, 622);
INSERT INTO `productdetails` VALUES (131, NULL, NULL, 27, 644);
INSERT INTO `productdetails` VALUES (131, NULL, NULL, 28, 666);
INSERT INTO `productdetails` VALUES (131, NULL, NULL, 29, 688);
INSERT INTO `productdetails` VALUES (131, NULL, NULL, 30, 710);
INSERT INTO `productdetails` VALUES (131, NULL, NULL, 31, 732);
INSERT INTO `productdetails` VALUES (131, NULL, NULL, 32, 754);
INSERT INTO `productdetails` VALUES (131, NULL, NULL, 33, 776);
INSERT INTO `productdetails` VALUES (131, NULL, NULL, 34, 798);
INSERT INTO `productdetails` VALUES (131, NULL, NULL, 35, 820);
INSERT INTO `productdetails` VALUES (131, NULL, NULL, 36, 842);
INSERT INTO `productdetails` VALUES (131, NULL, NULL, 37, 864);
INSERT INTO `productdetails` VALUES (131, NULL, NULL, 38, 886);
INSERT INTO `productdetails` VALUES (131, NULL, NULL, 39, 908);
INSERT INTO `productdetails` VALUES (131, NULL, NULL, 40, 930);
INSERT INTO `productdetails` VALUES (131, NULL, NULL, 41, 952);
INSERT INTO `productdetails` VALUES (131, NULL, NULL, 42, 974);
INSERT INTO `productdetails` VALUES (131, NULL, NULL, 43, 996);
INSERT INTO `productdetails` VALUES (131, NULL, NULL, 44, 1018);
INSERT INTO `productdetails` VALUES (131, NULL, NULL, 45, 1040);
INSERT INTO `productdetails` VALUES (131, NULL, NULL, 46, 1062);
INSERT INTO `productdetails` VALUES (131, NULL, NULL, 47, 1084);
INSERT INTO `productdetails` VALUES (131, NULL, NULL, 48, 1106);
INSERT INTO `productdetails` VALUES (131, NULL, NULL, 49, 1128);
INSERT INTO `productdetails` VALUES (131, NULL, NULL, 50, 1150);
INSERT INTO `productdetails` VALUES (131, NULL, NULL, 51, 1172);
INSERT INTO `productdetails` VALUES (131, NULL, NULL, 52, 1194);
INSERT INTO `productdetails` VALUES (131, NULL, NULL, 53, 1216);
INSERT INTO `productdetails` VALUES (131, NULL, NULL, 54, 1238);
INSERT INTO `productdetails` VALUES (131, NULL, NULL, 55, 1260);
INSERT INTO `productdetails` VALUES (131, NULL, NULL, 56, 1282);
INSERT INTO `productdetails` VALUES (131, NULL, NULL, 57, 1304);
INSERT INTO `productdetails` VALUES (131, NULL, NULL, 58, 1326);
INSERT INTO `productdetails` VALUES (131, NULL, NULL, 59, 1348);
INSERT INTO `productdetails` VALUES (131, NULL, NULL, 60, 1370);
INSERT INTO `productdetails` VALUES (131, NULL, NULL, 61, 1392);
INSERT INTO `productdetails` VALUES (131, NULL, NULL, 62, 1414);
INSERT INTO `productdetails` VALUES (131, NULL, NULL, 63, 1436);
INSERT INTO `productdetails` VALUES (131, NULL, NULL, 64, 1458);
INSERT INTO `productdetails` VALUES (131, NULL, NULL, 65, 1480);
INSERT INTO `productdetails` VALUES (131, NULL, NULL, 66, 1502);
INSERT INTO `productdetails` VALUES (131, NULL, NULL, 67, 1524);
INSERT INTO `productdetails` VALUES (131, NULL, NULL, 68, 1546);
INSERT INTO `productdetails` VALUES (131, NULL, NULL, 69, 1568);
INSERT INTO `productdetails` VALUES (131, NULL, NULL, 70, 1590);
INSERT INTO `productdetails` VALUES (131, NULL, NULL, 71, 1612);
INSERT INTO `productdetails` VALUES (131, NULL, NULL, 72, 1634);
INSERT INTO `productdetails` VALUES (131, NULL, NULL, 73, 1656);
INSERT INTO `productdetails` VALUES (131, NULL, NULL, 74, 1678);
INSERT INTO `productdetails` VALUES (131, NULL, NULL, 75, 1700);
INSERT INTO `productdetails` VALUES (131, NULL, NULL, 76, 1722);
INSERT INTO `productdetails` VALUES (131, NULL, NULL, 77, 1744);
INSERT INTO `productdetails` VALUES (131, NULL, NULL, 78, 1766);
INSERT INTO `productdetails` VALUES (131, NULL, NULL, 79, 1788);
INSERT INTO `productdetails` VALUES (131, NULL, NULL, 80, 1810);
INSERT INTO `productdetails` VALUES (131, NULL, NULL, 81, 1832);
INSERT INTO `productdetails` VALUES (131, NULL, NULL, 82, 1854);
INSERT INTO `productdetails` VALUES (131, NULL, NULL, 83, 1876);
INSERT INTO `productdetails` VALUES (131, NULL, NULL, 84, 1898);
INSERT INTO `productdetails` VALUES (131, NULL, NULL, 85, 1920);
INSERT INTO `productdetails` VALUES (131, NULL, NULL, 86, 1942);
INSERT INTO `productdetails` VALUES (131, NULL, NULL, 87, 1964);
INSERT INTO `productdetails` VALUES (131, NULL, NULL, 88, 1986);
INSERT INTO `productdetails` VALUES (131, NULL, NULL, 89, 2008);
INSERT INTO `productdetails` VALUES (131, NULL, NULL, 90, 2030);
INSERT INTO `productdetails` VALUES (131, NULL, NULL, 91, 2052);
INSERT INTO `productdetails` VALUES (131, NULL, NULL, 92, 2074);
INSERT INTO `productdetails` VALUES (131, NULL, NULL, 93, 2096);
INSERT INTO `productdetails` VALUES (131, NULL, NULL, 94, 2118);
INSERT INTO `productdetails` VALUES (131, NULL, NULL, 95, 2140);
INSERT INTO `productdetails` VALUES (131, NULL, NULL, 96, 2162);
INSERT INTO `productdetails` VALUES (131, NULL, NULL, 97, 2184);
INSERT INTO `productdetails` VALUES (131, NULL, NULL, 98, 2206);
INSERT INTO `productdetails` VALUES (131, NULL, NULL, 99, 2228);
INSERT INTO `productdetails` VALUES (131, NULL, NULL, 100, 2250);
INSERT INTO `productdetails` VALUES (131, NULL, NULL, 101, 2272);
INSERT INTO `productdetails` VALUES (131, NULL, NULL, 102, 2294);
INSERT INTO `productdetails` VALUES (131, NULL, NULL, 103, 2316);
INSERT INTO `productdetails` VALUES (131, NULL, NULL, 104, 2338);
INSERT INTO `productdetails` VALUES (131, NULL, NULL, 105, 2360);
INSERT INTO `productdetails` VALUES (131, NULL, NULL, 106, 2382);
INSERT INTO `productdetails` VALUES (131, NULL, NULL, 107, 2404);
INSERT INTO `productdetails` VALUES (131, NULL, NULL, 108, 2426);
INSERT INTO `productdetails` VALUES (131, NULL, NULL, 109, 2448);
INSERT INTO `productdetails` VALUES (131, NULL, NULL, 110, 2470);
INSERT INTO `productdetails` VALUES (131, NULL, NULL, 111, 2492);
INSERT INTO `productdetails` VALUES (131, NULL, NULL, 112, 2514);
INSERT INTO `productdetails` VALUES (131, NULL, NULL, 113, 2536);
INSERT INTO `productdetails` VALUES (131, NULL, NULL, 114, 2558);
INSERT INTO `productdetails` VALUES (131, NULL, NULL, 115, 2580);
INSERT INTO `productdetails` VALUES (131, NULL, NULL, 116, 2602);
INSERT INTO `productdetails` VALUES (131, NULL, NULL, 117, 2624);
INSERT INTO `productdetails` VALUES (131, NULL, NULL, 118, 2646);
INSERT INTO `productdetails` VALUES (131, NULL, NULL, 119, 2668);
INSERT INTO `productdetails` VALUES (131, NULL, NULL, 120, 2690);
INSERT INTO `productdetails` VALUES (131, NULL, NULL, 121, 2712);
INSERT INTO `productdetails` VALUES (131, NULL, NULL, 122, 2734);
INSERT INTO `productdetails` VALUES (131, NULL, NULL, 123, 2756);
INSERT INTO `productdetails` VALUES (131, NULL, NULL, 124, 2778);
INSERT INTO `productdetails` VALUES (131, NULL, NULL, 125, 2800);
INSERT INTO `productdetails` VALUES (131, NULL, NULL, 126, 2822);
INSERT INTO `productdetails` VALUES (131, NULL, NULL, 127, 2844);
INSERT INTO `productdetails` VALUES (131, NULL, NULL, 128, 2866);
INSERT INTO `productdetails` VALUES (131, NULL, NULL, 129, 2888);
INSERT INTO `productdetails` VALUES (131, NULL, NULL, 130, 2910);
INSERT INTO `productdetails` VALUES (131, NULL, NULL, 131, 2932);
INSERT INTO `productdetails` VALUES (131, NULL, NULL, 132, 2954);
INSERT INTO `productdetails` VALUES (131, NULL, NULL, 133, 2976);
INSERT INTO `productdetails` VALUES (131, NULL, NULL, 134, 2998);
INSERT INTO `productdetails` VALUES (131, NULL, NULL, 135, 3020);
INSERT INTO `productdetails` VALUES (131, NULL, NULL, 136, 3042);
INSERT INTO `productdetails` VALUES (131, NULL, NULL, 137, 3064);
INSERT INTO `productdetails` VALUES (131, NULL, NULL, 138, 3086);
INSERT INTO `productdetails` VALUES (131, NULL, NULL, 139, 3108);
INSERT INTO `productdetails` VALUES (131, NULL, NULL, 140, 3130);
INSERT INTO `productdetails` VALUES (131, NULL, NULL, 141, 3152);
INSERT INTO `productdetails` VALUES (131, NULL, NULL, 142, 3174);
INSERT INTO `productdetails` VALUES (131, NULL, NULL, 143, 3196);
INSERT INTO `productdetails` VALUES (131, NULL, NULL, 144, 3218);
INSERT INTO `productdetails` VALUES (131, NULL, NULL, 145, 3240);
INSERT INTO `productdetails` VALUES (131, NULL, NULL, 146, 3262);
INSERT INTO `productdetails` VALUES (131, NULL, NULL, 147, 3284);
INSERT INTO `productdetails` VALUES (131, NULL, NULL, 148, 3306);
INSERT INTO `productdetails` VALUES (131, NULL, NULL, 149, 3328);
INSERT INTO `productdetails` VALUES (131, NULL, NULL, 150, 3350);
INSERT INTO `productdetails` VALUES (132, NULL, NULL, 2, 54);
INSERT INTO `productdetails` VALUES (132, NULL, NULL, 166, 3446);
INSERT INTO `productdetails` VALUES (133, NULL, NULL, 3, 81);
INSERT INTO `productdetails` VALUES (134, NULL, NULL, 4, 108);
INSERT INTO `productdetails` VALUES (135, NULL, NULL, 5, 135);
INSERT INTO `productdetails` VALUES (135, NULL, NULL, 163, 3376);

-- ----------------------------
-- Table structure for products
-- ----------------------------
DROP TABLE IF EXISTS `products`;
CREATE TABLE `products`  (
  `id` int(11) NOT NULL AUTO_INCREMENT,
  `name` varchar(50) CHARACTER SET utf8mb4 COLLATE utf8mb4_unicode_ci NULL DEFAULT '',
  `des` varchar(500) CHARACTER SET utf8mb4 COLLATE utf8mb4_unicode_ci NULL DEFAULT '',
  `price` decimal(13, 3) NULL DEFAULT 1.000,
  `quantity` int(11) NULL DEFAULT 1,
  `version` varchar(30) CHARACTER SET utf8mb4 COLLATE utf8mb4_unicode_ci NULL DEFAULT 'Tiêu chuẩn',
  `launch` date NULL DEFAULT NULL,
  `status` varchar(20) CHARACTER SET utf8mb4 COLLATE utf8mb4_unicode_ci NULL DEFAULT 'Còn hàng',
  `brandID` int(11) NULL DEFAULT 1,
  `typeID` int(11) NULL DEFAULT 1,
  `deleted` int(11) NULL DEFAULT 0,
  PRIMARY KEY (`id`) USING BTREE,
  INDEX `brandID`(`brandID`) USING BTREE,
  INDEX `typeID`(`typeID`) USING BTREE,
  CONSTRAINT `products_ibfk_1` FOREIGN KEY (`brandID`) REFERENCES `brands` (`id`) ON DELETE RESTRICT ON UPDATE RESTRICT,
  CONSTRAINT `products_ibfk_2` FOREIGN KEY (`typeID`) REFERENCES `biketypes` (`id`) ON DELETE RESTRICT ON UPDATE RESTRICT
) ENGINE = InnoDB AUTO_INCREMENT = 167 CHARACTER SET = utf8mb4 COLLATE = utf8mb4_unicode_ci ROW_FORMAT = Dynamic;

-- ----------------------------
-- Records of products
-- ----------------------------
INSERT INTO `products` VALUES (1, 'Honda Wave 110', 'Honda Wave 110 là dòng xe máy phổ thông với thiết kế gọn nhẹ và động cơ bền bỉ. Xe tiết kiệm nhiên liệu, phù hợp với các nhu cầu đi lại hàng ngày tại các khu vực đô thị và nông thôn.', 18000000.000, 50, 'Tiêu chuẩn', '2020-05-01', 'Còn hàng', 1, 1, 0);
INSERT INTO `products` VALUES (2, 'Yamaha Sirius 110', 'Yamaha Sirius 110 mang phong cách đơn giản nhưng mạnh mẽ, tiết kiệm nhiên liệu, dễ dàng di chuyển trong các đô thị và đường nông thôn.', 16000000.000, 70, 'Tiêu chuẩn', '2019-06-15', 'Còn hàng', 2, 1, 0);
INSERT INTO `products` VALUES (3, 'Suzuki Viva 115', 'Suzuki Viva 115 là một dòng xe máy phổ thông nhỏ gọn, tiết kiệm nhiên liệu, rất phù hợp với việc di chuyển trong khu vực thành phố.', 17000000.000, 65, 'Tiêu chuẩn', '2018-07-20', 'Còn hàng', 3, 1, 0);
INSERT INTO `products` VALUES (4, 'Honda Dream 110', 'Honda Dream 110 là xe máy phổ thông với thiết kế đơn giản, bền bỉ và được trang bị động cơ mạnh mẽ, tiết kiệm xăng.', 18500000.000, 59, 'Tiêu chuẩn', '2021-03-10', 'Còn hàng', 1, 1, 0);
INSERT INTO `products` VALUES (5, 'Yamaha Jupiter 110', 'Yamaha Jupiter 110 là một chiếc xe máy phù hợp cho người dùng yêu cầu sự ổn định và tiết kiệm nhiên liệu với thiết kế nhỏ gọn.', 19000000.000, 80, 'Tiêu chuẩn', '2020-12-01', 'Còn hàng', 2, 1, 0);
INSERT INTO `products` VALUES (6, 'Suzuki Axelo 125', 'Suzuki Axelo 125 mang đến cho người dùng trải nghiệm lái mượt mà với động cơ 125cc, thiết kế hiện đại và tiết kiệm nhiên liệu.', 20000000.000, 40, 'Tiêu chuẩn', '2019-08-05', 'Còn hàng', 3, 1, 0);
INSERT INTO `products` VALUES (7, 'Honda Blade 110', 'Honda Blade 110 là chiếc xe máy với thiết kế thể thao và động cơ mạnh mẽ, dễ dàng di chuyển trên mọi cung đường.', 22000000.000, 50, 'Tiêu chuẩn', '2022-04-25', 'Còn hàng', 1, 1, 0);
INSERT INTO `products` VALUES (8, 'Yamaha Super Cub 110', 'Yamaha Super Cub 110 có thiết kế cổ điển nhưng hiện đại, mang lại sự kết hợp hoàn hảo giữa phong cách và tiện dụng.', 25000000.000, 30, 'Tiêu chuẩn', '2021-11-15', 'Còn hàng', 2, 1, 0);
INSERT INTO `products` VALUES (9, 'Suzuki Hayate 110', 'Suzuki Hayate 110 là xe máy với kiểu dáng nhỏ gọn, mạnh mẽ, phù hợp cho cả nam và nữ, tiết kiệm nhiên liệu.', 23000000.000, 90, 'Tiêu chuẩn', '2020-02-10', 'Còn hàng', 3, 1, 0);
INSERT INTO `products` VALUES (10, 'Honda Wave Alpha 110', 'Honda Wave Alpha 110 là một trong những mẫu xe phổ thông phổ biến nhất tại Việt Nam, với thiết kế đơn giản, dễ dàng sử dụng và vận hành.', 15000000.000, 43, 'Tiêu chuẩn', '2022-01-10', 'Còn hàng', 1, 1, 0);
INSERT INTO `products` VALUES (11, 'Yamaha R15 V4', 'Yamaha R15 V4 là mẫu xe thể thao cao cấp với thiết kế khí động học và công nghệ tiên tiến. Động cơ mạnh mẽ, khả năng vận hành linh hoạt, phù hợp với các tay lái trẻ đam mê tốc độ.', 90000000.000, 48, 'Tiêu chuẩn', '2022-07-10', 'Còn hàng', 2, 2, 0);
INSERT INTO `products` VALUES (12, 'Honda CBR150R', 'Honda CBR150R mang đến trải nghiệm lái mạnh mẽ với động cơ 150cc, thiết kế thể thao. Xe được trang bị các công nghệ hiện đại, phù hợp cho những người yêu thích sự tốc độ và phong cách.', 85000000.000, 60, 'Tiêu chuẩn', '2021-09-15', 'Còn hàng', 1, 2, 0);
INSERT INTO `products` VALUES (13, 'Kawasaki Ninja 400', 'Kawasaki Ninja 400 là siêu mô tô với động cơ mạnh mẽ, thiết kế thể thao và các tính năng hiện đại. Xe mang đến cảm giác lái đầy phấn khích cho những ai đam mê tốc độ.', 160000000.000, 45, 'Tiêu chuẩn', '2021-04-20', 'Còn hàng', 4, 2, 0);
INSERT INTO `products` VALUES (14, 'Suzuki GSX-R750', 'Suzuki GSX-R750 là mẫu xe thể thao cao cấp, với động cơ mạnh mẽ và thiết kế khí động học. Xe được trang bị các công nghệ tiên tiến, giúp người lái có trải nghiệm mượt mà trên mọi con đường.', 220000000.000, 30, 'Tiêu chuẩn', '2020-11-05', 'Còn hàng', 3, 2, 0);
INSERT INTO `products` VALUES (15, 'Yamaha MT-07', 'Yamaha MT-07 là mẫu naked bike với động cơ mạnh mẽ, thiết kế hiện đại và khả năng vận hành linh hoạt. Xe mang đến trải nghiệm lái thoải mái và đầy hứng khởi.', 140000000.000, 40, 'Tiêu chuẩn', '2021-05-10', 'Còn hàng', 2, 2, 0);
INSERT INTO `products` VALUES (16, 'BMW S1000RR', 'BMW S1000RR là mẫu xe thể thao đỉnh cao với động cơ mạnh mẽ 999cc và công nghệ tiên tiến, mang lại hiệu suất vượt trội và trải nghiệm lái tuyệt vời.', 500000000.000, 19, 'Tiêu chuẩn', '2020-09-25', 'Còn hàng', 8, 2, 0);
INSERT INTO `products` VALUES (17, 'KTM RC 390', 'KTM RC 390 là mẫu xe thể thao mạnh mẽ, với thiết kế khí động học và động cơ 373cc. Xe mang lại cảm giác lái phấn khích và khả năng vận hành tuyệt vời.', 160000000.000, 35, 'Tiêu chuẩn', '2022-06-10', 'Còn hàng', 7, 2, 0);
INSERT INTO `products` VALUES (18, 'Ducati Panigale V4', 'Ducati Panigale V4 là siêu mô tô hiệu suất cao với động cơ V4 1.103cc mạnh mẽ. Thiết kế đẹp mắt và công nghệ tiên tiến, xe mang đến trải nghiệm lái đầy phấn khích và linh hoạt.', 450000000.000, 15, 'Tiêu chuẩn', '2021-08-12', 'Còn hàng', 5, 2, 0);
INSERT INTO `products` VALUES (19, 'Triumph Daytona 675', 'Triumph Daytona 675 là mẫu xe thể thao với động cơ 675cc mạnh mẽ. Xe mang lại cảm giác lái thể thao, phù hợp cho những tay đua đam mê tốc độ và muốn trải nghiệm sức mạnh tối đa.', 350000000.000, 25, 'Tiêu chuẩn', '2020-02-15', 'Còn hàng', 9, 2, 0);
INSERT INTO `products` VALUES (20, 'Kawasaki Z900', 'Kawasaki Z900 là mẫu naked bike với thiết kế hiện đại, động cơ mạnh mẽ và khả năng vận hành ấn tượng. Xe mang đến trải nghiệm lái thoải mái và đầy cảm xúc.', 220000000.000, 55, 'Tiêu chuẩn', '2021-12-10', 'Còn hàng', 4, 2, 0);
INSERT INTO `products` VALUES (21, 'Kawasaki Ninja H2', 'Kawasaki Ninja H2 là mẫu siêu mô tô với động cơ 998cc tăng áp, mang đến hiệu suất vượt trội. Xe được thiết kế cho những tay đua chuyên nghiệp và những người yêu thích tốc độ cực cao.', 550000000.000, 25, 'Tiêu chuẩn', '2021-03-18', 'Còn hàng', 4, 3, 0);
INSERT INTO `products` VALUES (22, 'BMW S1000RR', 'BMW S1000RR là mẫu xe thể thao đỉnh cao với động cơ mạnh mẽ 999cc và công nghệ tiên tiến, mang lại hiệu suất vượt trội và trải nghiệm lái tuyệt vời.', 600000000.000, 20, 'Tiêu chuẩn', '2022-05-20', 'Còn hàng', 8, 3, 0);
INSERT INTO `products` VALUES (23, 'Ducati Panigale V4', 'Ducati Panigale V4 là siêu mô tô hiệu suất cao với động cơ V4 1.103cc mạnh mẽ. Thiết kế đẹp mắt và công nghệ tiên tiến, xe mang đến trải nghiệm lái đầy phấn khích và linh hoạt.', 700000000.000, 15, 'Tiêu chuẩn', '2022-06-15', 'Còn hàng', 5, 3, 0);
INSERT INTO `products` VALUES (24, 'Yamaha YZF-R1', 'Yamaha YZF-R1 là mẫu xe thể thao đẳng cấp với động cơ 998cc, mang đến sức mạnh vượt trội và khả năng lái mượt mà. Xe sở hữu thiết kế khí động học tối ưu cho những tay lái đam mê tốc độ.', 450000000.000, 30, 'Tiêu chuẩn', '2021-09-08', 'Còn hàng', 2, 3, 0);
INSERT INTO `products` VALUES (25, 'Suzuki GSX-R1000R', 'Suzuki GSX-R1000R là mẫu xe thể thao cao cấp với động cơ 999cc và công nghệ hiện đại. Xe mang lại hiệu suất cao, độ ổn định và cảm giác lái tuyệt vời trên mọi cung đường.', 500000000.000, 28, 'Tiêu chuẩn', '2021-11-12', 'Còn hàng', 3, 3, 0);
INSERT INTO `products` VALUES (26, 'Honda CBR1000RR-R Fireblade', 'Honda CBR1000RR-R Fireblade là siêu mô tô với động cơ 999cc mạnh mẽ, thiết kế tinh tế và công nghệ tiên tiến. Xe mang lại tốc độ và khả năng vận hành tuyệt vời trên mọi cung đường.', 800000000.000, 18, 'Tiêu chuẩn', '2022-07-10', 'Còn hàng', 1, 3, 0);
INSERT INTO `products` VALUES (27, 'KTM 1290 Super Duke R', 'KTM 1290 Super Duke R là mẫu naked bike với động cơ 1301cc, mang đến hiệu suất mạnh mẽ và khả năng vận hành tuyệt vời. Xe sở hữu thiết kế thể thao và hiện đại, rất phù hợp với những tay đua.', 350000000.000, 22, 'Tiêu chuẩn', '2021-04-25', 'Còn hàng', 7, 3, 0);
INSERT INTO `products` VALUES (28, 'Harley-Davidson CVO Limited', 'Harley-Davidson CVO Limited là mẫu xe touring cao cấp, trang bị động cơ mạnh mẽ 117cc và các công nghệ hiện đại. Xe mang đến sự thoải mái tối đa cho các chuyến đi dài.', 1000000000.000, 12, 'Tiêu chuẩn', '2022-08-30', 'Còn hàng', 6, 3, 0);
INSERT INTO `products` VALUES (29, 'Triumph Rocket 3', 'Triumph Rocket 3 là mẫu mô tô siêu cao cấp với động cơ 2500cc, mang đến sức mạnh vô song và khả năng vận hành ấn tượng. Xe được thiết kế cho những người đam mê tốc độ và sự mạnh mẽ.', 900000000.000, 10, 'Tiêu chuẩn', '2021-10-15', 'Còn hàng', 9, 3, 0);
INSERT INTO `products` VALUES (30, 'MV Agusta F4 RC', 'MV Agusta F4 RC là mẫu siêu mô tô thể thao với động cơ 998cc và thiết kế khí động học tối ưu. Xe mang đến cảm giác lái tuyệt vời, hiệu suất mạnh mẽ và phong cách riêng biệt.', 750000000.000, 14, 'Tiêu chuẩn', '2022-04-12', 'Còn hàng', 10, 3, 0);
INSERT INTO `products` VALUES (31, 'Honda Vision', 'Honda Vision là mẫu xe tay ga nhỏ gọn, thời trang, trang bị động cơ eSP hiện đại. Với thiết kế tiện dụng và tiết kiệm nhiên liệu, Vision phù hợp với các nhu cầu di chuyển hàng ngày tại đô thị.', 350000000.000, 36, 'Tiêu chuẩn', '2022-06-10', 'Còn hàng', 1, 4, 0);
INSERT INTO `products` VALUES (32, 'Yamaha Janus', 'Yamaha Janus là xe tay ga với thiết kế thời trang, động cơ tiết kiệm nhiên liệu và dễ dàng vận hành. Đây là lựa chọn lý tưởng cho phụ nữ và các bạn trẻ yêu thích sự tiện lợi và phong cách.', 300000000.000, 35, 'Tiêu chuẩn', '2022-07-22', 'Còn hàng', 2, 4, 0);
INSERT INTO `products` VALUES (33, 'Honda Lead', 'Honda Lead là mẫu xe tay ga với thiết kế rộng rãi, động cơ bền bỉ và khả năng tiết kiệm nhiên liệu tối ưu. Lead được trang bị nhiều tính năng tiện ích, thích hợp cho các chuyến đi trong thành phố.', 420000000.000, 30, 'Tiêu chuẩn', '2022-08-05', 'Còn hàng', 1, 4, 0);
INSERT INTO `products` VALUES (34, 'Yamaha FreeGo', 'Yamaha FreeGo là xe tay ga cỡ nhỏ với thiết kế thanh lịch và động cơ 125cc mạnh mẽ. Xe thích hợp cho các bạn trẻ và phụ nữ, với khả năng tiết kiệm nhiên liệu vượt trội.', 350000000.000, 25, 'Tiêu chuẩn', '2021-09-18', 'Còn hàng', 2, 4, 0);
INSERT INTO `products` VALUES (35, 'Suzuki Address 110', 'Suzuki Address 110 là xe tay ga tiện lợi, thích hợp cho việc di chuyển trong thành phố. Với thiết kế gọn nhẹ và động cơ tiết kiệm nhiên liệu, đây là lựa chọn đáng tin cậy cho người dùng.', 280000000.000, 50, 'Tiêu chuẩn', '2022-05-13', 'Còn hàng', 3, 4, 0);
INSERT INTO `products` VALUES (36, 'Honda SH Mode', 'Honda SH Mode là xe tay ga cao cấp, thiết kế sang trọng và động cơ eSP mạnh mẽ. Xe mang đến trải nghiệm lái nhẹ nhàng, dễ dàng điều khiển và tiết kiệm nhiên liệu.', 650000000.000, 20, 'Tiêu chuẩn', '2021-06-25', 'Còn hàng', 1, 4, 0);
INSERT INTO `products` VALUES (37, 'Piaggio Liberty 125', 'Piaggio Liberty 125 là mẫu xe tay ga với phong cách Ý sang trọng, động cơ mạnh mẽ và hiệu suất cao. Xe mang đến sự linh hoạt trong vận hành và rất phù hợp cho việc di chuyển trong đô thị.', 500000000.000, 18, 'Tiêu chuẩn', '2022-04-15', 'Còn hàng', 11, 4, 0);
INSERT INTO `products` VALUES (38, 'Yamaha NMAX 155', 'Yamaha NMAX 155 là xe tay ga thể thao với động cơ mạnh mẽ 155cc và thiết kế hiện đại. Xe được trang bị nhiều tính năng cao cấp, mang đến sự thoải mái tối đa khi di chuyển.', 800000000.000, 15, 'Tiêu chuẩn', '2021-12-20', 'Còn hàng', 2, 4, 0);
INSERT INTO `products` VALUES (39, 'Honda Air Blade', 'Honda Air Blade là dòng xe tay ga thể thao với động cơ mạnh mẽ 125cc, thiết kế thể thao và tính năng tiện ích. Xe thích hợp cho những ai yêu thích sự năng động và tốc độ.', 450000000.000, 30, 'Tiêu chuẩn', '2021-10-10', 'Còn hàng', 1, 4, 0);
INSERT INTO `products` VALUES (40, 'Suzuki Burgman 200', 'Suzuki Burgman 200 là xe tay ga cao cấp với thiết kế lớn, động cơ 200cc mạnh mẽ, thích hợp cho những chuyến đi dài hoặc đi lại trên các tuyến đường đông đúc.', 600000000.000, 12, 'Tiêu chuẩn', '2022-03-28', 'Còn hàng', 3, 4, 0);
INSERT INTO `products` VALUES (41, 'Triumph Bonneville', 'Triumph Bonneville là dòng xe mô tô cổ điển với phong cách lịch lãm. Xe trang bị động cơ hiện đại và khả năng vận hành mượt mà, đáp ứng mọi nhu cầu của người dùng.', 700000000.000, 18, 'Tiêu chuẩn', '2021-08-15', 'Còn hàng', 9, 5, 0);
INSERT INTO `products` VALUES (42, 'Harley-Davidson Iron 883', 'Harley-Davidson Iron 883 là dòng xe cruiser cổ điển với động cơ 883cc, thiết kế đơn giản và mạnh mẽ. Xe mang đậm chất Mỹ và phù hợp với những người yêu thích phong cách retro.', 850000000.000, 15, 'Tiêu chuẩn', '2021-11-10', 'Còn hàng', 6, 5, 0);
INSERT INTO `products` VALUES (43, 'Moto Guzzi V7 III', 'Moto Guzzi V7 III là xe mô tô cổ điển mang đậm phong cách Ý. Xe sở hữu động cơ 750cc và thiết kế đẹp mắt, mang đến cảm giác lái nhẹ nhàng, dễ dàng vận hành.', 750000000.000, 22, 'Tiêu chuẩn', '2021-07-30', 'Còn hàng', 10, 5, 0);
INSERT INTO `products` VALUES (44, 'Royal Enfield Classic 350', 'Royal Enfield Classic 350 là mẫu xe mô tô cổ điển nổi bật với thiết kế mạnh mẽ và động cơ 350cc. Đây là lựa chọn lý tưởng cho những người yêu thích sự đơn giản và phong cách cổ điển.', 400000000.000, 25, 'Tiêu chuẩn', '2022-01-05', 'Còn hàng', 12, 5, 0);
INSERT INTO `products` VALUES (45, 'Indian Scout Sixty', 'Indian Scout Sixty là một chiếc cruiser cổ điển với động cơ 999cc và thiết kế mang đậm phong cách Mỹ. Xe mang lại cảm giác lái mạnh mẽ và đầy phong cách.', 950000000.000, 20, 'Tiêu chuẩn', '2022-03-22', 'Còn hàng', 13, 5, 0);
INSERT INTO `products` VALUES (46, 'Ducati Scrambler Icon', 'Ducati Scrambler Icon là mẫu xe mô tô cổ điển với thiết kế retro và động cơ mạnh mẽ 803cc. Xe thích hợp cho những người yêu thích sự pha trộn giữa cổ điển và hiện đại.', 850000000.000, 30, 'Tiêu chuẩn', '2021-09-10', 'Còn hàng', 5, 5, 0);
INSERT INTO `products` VALUES (47, 'BMW R NineT', 'BMW R NineT là mẫu xe cổ điển với thiết kế đặc biệt và động cơ 1170cc mạnh mẽ. Xe phù hợp cho những ai yêu thích sự kết hợp giữa phong cách retro và công nghệ hiện đại.', 1050000000.000, 12, 'Tiêu chuẩn', '2021-10-14', 'Còn hàng', 8, 5, 0);
INSERT INTO `products` VALUES (48, 'Buell 1190RX', 'Buell 1190RX là một mẫu xe mô tô cổ điển, mang đến trải nghiệm lái thể thao với động cơ mạnh mẽ và thiết kế đặc trưng của dòng xe Mỹ.', 950000000.000, 10, 'Tiêu chuẩn', '2021-12-08', 'Còn hàng', 14, 5, 0);
INSERT INTO `products` VALUES (49, 'Kawasaki W800', 'Kawasaki W800 là xe mô tô cổ điển với thiết kế thanh lịch, động cơ 773cc mạnh mẽ và phong cách retro. Đây là lựa chọn lý tưởng cho những ai yêu thích phong cách cổ điển kết hợp với hiệu suất cao.', 700000000.000, 20, 'Tiêu chuẩn', '2022-04-10', 'Còn hàng', 4, 5, 0);
INSERT INTO `products` VALUES (50, 'Honda CB1100', 'Honda CB1100 là dòng xe mô tô cổ điển với thiết kế thanh thoát, động cơ 1140cc mạnh mẽ và khả năng vận hành êm ái. Xe là sự kết hợp tuyệt vời giữa phong cách cổ điển và công nghệ hiện đại.', 1050000000.000, 8, 'Tiêu chuẩn', '2022-02-18', 'Còn hàng', 1, 5, 0);
INSERT INTO `products` VALUES (51, 'Honda Wave 110 Plus', 'Honda Wave 110 là dòng xe máy phổ thông với thiết kế gọn nhẹ và động cơ bền bỉ. Xe tiết kiệm nhiên liệu, phù hợp với các nhu cầu đi lại hàng ngày tại các khu vực đô thị và nông thôn.', 18000000.000, 50, 'Tiêu chuẩn', '2020-05-01', 'Còn hàng', 1, 1, 0);
INSERT INTO `products` VALUES (52, 'Yamaha Sirius 110 Xtreme', 'Yamaha Sirius 110 mang phong cách đơn giản nhưng mạnh mẽ, tiết kiệm nhiên liệu, dễ dàng di chuyển trong các đô thị và đường nông thôn.', 16000000.000, 70, 'Tiêu chuẩn', '2019-06-15', 'Còn hàng', 2, 1, 0);
INSERT INTO `products` VALUES (53, 'Suzuki Viva 115 Pro', 'Suzuki Viva 115 là một dòng xe máy phổ thông nhỏ gọn, tiết kiệm nhiên liệu, rất phù hợp với việc di chuyển trong khu vực thành phố.', 17000000.000, 65, 'Tiêu chuẩn', '2018-07-20', 'Còn hàng', 3, 1, 0);
INSERT INTO `products` VALUES (54, 'Honda Dream 110.1', 'Honda Dream 110 là xe máy phổ thông với thiết kế đơn giản, bền bỉ và được trang bị động cơ mạnh mẽ, tiết kiệm xăng.', 18500000.000, 60, 'Tiêu chuẩn', '2021-03-10', 'Còn hàng', 1, 1, 0);
INSERT INTO `products` VALUES (55, 'Yamaha Jupiter 119', 'Yamaha Jupiter 110 là một chiếc xe máy phù hợp cho người dùng yêu cầu sự ổn định và tiết kiệm nhiên liệu với thiết kế nhỏ gọn.', 19000000.000, 80, 'Tiêu chuẩn', '2020-12-01', 'Còn hàng', 2, 1, 0);
INSERT INTO `products` VALUES (56, 'Suzuki Axelo 125 Canvas', 'Suzuki Axelo 125 mang đến cho người dùng trải nghiệm lái mượt mà với động cơ 125cc, thiết kế hiện đại và tiết kiệm nhiên liệu.', 20000000.000, 40, 'Tiêu chuẩn', '2019-08-05', 'Còn hàng', 3, 1, 0);
INSERT INTO `products` VALUES (57, 'Honda Blade 222', 'Honda Blade 110 là chiếc xe máy với thiết kế thể thao và động cơ mạnh mẽ, dễ dàng di chuyển trên mọi cung đường.', 22000000.000, 50, 'Tiêu chuẩn', '2022-04-25', 'Còn hàng', 1, 1, 0);
INSERT INTO `products` VALUES (58, 'Yamaha Super Cute 110', 'Yamaha Super Cub 110 có thiết kế cổ điển nhưng hiện đại, mang lại sự kết hợp hoàn hảo giữa phong cách và tiện dụng.', 25000000.000, 30, 'Tiêu chuẩn', '2021-11-15', 'Còn hàng', 2, 1, 0);
INSERT INTO `products` VALUES (59, 'Suzuki Yamato 110', 'Suzuki Hayate 110 là xe máy với kiểu dáng nhỏ gọn, mạnh mẽ, phù hợp cho cả nam và nữ, tiết kiệm nhiên liệu.', 23000000.000, 90, 'Tiêu chuẩn', '2020-02-10', 'Còn hàng', 3, 1, 0);
INSERT INTO `products` VALUES (60, 'Honda Wave Beta 110', 'Honda Wave Alpha 110 là một trong những mẫu xe phổ thông phổ biến nhất tại Việt Nam, với thiết kế đơn giản, dễ dàng sử dụng và vận hành.', 15000000.000, 65, 'Tiêu chuẩn', '2022-01-10', 'Còn hàng', 1, 1, 0);
INSERT INTO `products` VALUES (61, 'Yamaha X15 V4', 'Yamaha R15 V4 là mẫu xe thể thao cao cấp với thiết kế khí động học và công nghệ tiên tiến. Động cơ mạnh mẽ, khả năng vận hành linh hoạt, phù hợp với các tay lái trẻ đam mê tốc độ.', 90000000.000, 50, 'Tiêu chuẩn', '2022-07-10', 'Còn hàng', 2, 2, 0);
INSERT INTO `products` VALUES (62, 'Honda CBR150R Bleach', 'Honda CBR150R mang đến trải nghiệm lái mạnh mẽ với động cơ 150cc, thiết kế thể thao. Xe được trang bị các công nghệ hiện đại, phù hợp cho những người yêu thích sự tốc độ và phong cách.', 85000000.000, 60, 'Tiêu chuẩn', '2021-09-15', 'Còn hàng', 1, 2, 0);
INSERT INTO `products` VALUES (63, 'Kawasaki Ninja 532', 'Kawasaki Ninja 400 là siêu mô tô với động cơ mạnh mẽ, thiết kế thể thao và các tính năng hiện đại. Xe mang đến cảm giác lái đầy phấn khích cho những ai đam mê tốc độ.', 160000000.000, 45, 'Tiêu chuẩn', '2021-04-20', 'Còn hàng', 4, 2, 0);
INSERT INTO `products` VALUES (64, 'Suzuki GSX-R750 XX', 'Suzuki GSX-R750 là mẫu xe thể thao cao cấp, với động cơ mạnh mẽ và thiết kế khí động học. Xe được trang bị các công nghệ tiên tiến, giúp người lái có trải nghiệm mượt mà trên mọi con đường.', 220000000.000, 30, 'Tiêu chuẩn', '2020-11-05', 'Còn hàng', 3, 2, 0);
INSERT INTO `products` VALUES (65, 'Yamaha MT-0705', 'Yamaha MT-07 là mẫu naked bike với động cơ mạnh mẽ, thiết kế hiện đại và khả năng vận hành linh hoạt. Xe mang đến trải nghiệm lái thoải mái và đầy hứng khởi.', 140000000.000, 40, 'Tiêu chuẩn', '2021-05-10', 'Còn hàng', 2, 2, 0);
INSERT INTO `products` VALUES (66, 'BMW S1000RRV', 'BMW S1000RR là mẫu xe thể thao đỉnh cao với động cơ mạnh mẽ 999cc và công nghệ tiên tiến, mang lại hiệu suất vượt trội và trải nghiệm lái tuyệt vời.', 500000000.000, 20, 'Tiêu chuẩn', '2020-09-25', 'Còn hàng', 8, 2, 0);
INSERT INTO `products` VALUES (67, 'KTM RC 390 Mount', 'KTM RC 390 là mẫu xe thể thao mạnh mẽ, với thiết kế khí động học và động cơ 373cc. Xe mang lại cảm giác lái phấn khích và khả năng vận hành tuyệt vời.', 160000000.000, 35, 'Tiêu chuẩn', '2022-06-10', 'Còn hàng', 7, 2, 0);
INSERT INTO `products` VALUES (68, 'Ducati Panigale V15', 'Ducati Panigale V4 là siêu mô tô hiệu suất cao với động cơ V4 1.103cc mạnh mẽ. Thiết kế đẹp mắt và công nghệ tiên tiến, xe mang đến trải nghiệm lái đầy phấn khích và linh hoạt.', 450000000.000, 15, 'Tiêu chuẩn', '2021-08-12', 'Còn hàng', 5, 2, 0);
INSERT INTO `products` VALUES (69, 'Triumph Daytona UO', 'Triumph Daytona 675 là mẫu xe thể thao với động cơ 675cc mạnh mẽ. Xe mang lại cảm giác lái thể thao, phù hợp cho những tay đua đam mê tốc độ và muốn trải nghiệm sức mạnh tối đa.', 350000000.000, 25, 'Tiêu chuẩn', '2020-02-15', 'Còn hàng', 9, 2, 0);
INSERT INTO `products` VALUES (70, 'Kawasaki Z900 Ultra', 'Kawasaki Z900 là mẫu naked bike với thiết kế hiện đại, động cơ mạnh mẽ và khả năng vận hành ấn tượng. Xe mang đến trải nghiệm lái thoải mái và đầy cảm xúc.', 220000000.000, 55, 'Tiêu chuẩn', '2021-12-10', 'Còn hàng', 4, 2, 0);
INSERT INTO `products` VALUES (71, 'Kawasaki Ninja H2 Retro', 'Kawasaki Ninja H2 là mẫu siêu mô tô với động cơ 998cc tăng áp, mang đến hiệu suất vượt trội. Xe được thiết kế cho những tay đua chuyên nghiệp và những người yêu thích tốc độ cực cao.', 550000000.000, 25, 'Tiêu chuẩn', '2021-03-18', 'Còn hàng', 4, 3, 0);
INSERT INTO `products` VALUES (72, 'BMW S1000RR Summer', 'BMW S1000RR là mẫu xe thể thao đỉnh cao với động cơ mạnh mẽ 999cc và công nghệ tiên tiến, mang lại hiệu suất vượt trội và trải nghiệm lái tuyệt vời.', 600000000.000, 20, 'Tiêu chuẩn', '2022-05-20', 'Còn hàng', 8, 3, 0);
INSERT INTO `products` VALUES (73, 'Ducati Panigale Vio', 'Ducati Panigale V4 là siêu mô tô hiệu suất cao với động cơ V4 1.103cc mạnh mẽ. Thiết kế đẹp mắt và công nghệ tiên tiến, xe mang đến trải nghiệm lái đầy phấn khích và linh hoạt.', 700000000.000, 15, 'Tiêu chuẩn', '2022-06-15', 'Còn hàng', 5, 3, 0);
INSERT INTO `products` VALUES (74, 'Yamaha YZF-R1 I9', 'Yamaha YZF-R1 là mẫu xe thể thao đẳng cấp với động cơ 998cc, mang đến sức mạnh vượt trội và khả năng lái mượt mà. Xe sở hữu thiết kế khí động học tối ưu cho những tay lái đam mê tốc độ.', 450000000.000, 30, 'Tiêu chuẩn', '2021-09-08', 'Còn hàng', 2, 3, 0);
INSERT INTO `products` VALUES (75, 'Suzuki GSX-R1', 'Suzuki GSX-R1000R là mẫu xe thể thao cao cấp với động cơ 999cc và công nghệ hiện đại. Xe mang lại hiệu suất cao, độ ổn định và cảm giác lái tuyệt vời trên mọi cung đường.', 500000000.000, 28, 'Tiêu chuẩn', '2021-11-12', 'Còn hàng', 3, 3, 0);
INSERT INTO `products` VALUES (76, 'Honda CBR1000RR-R Waterball', 'Honda CBR1000RR-R Fireblade là siêu mô tô với động cơ 999cc mạnh mẽ, thiết kế tinh tế và công nghệ tiên tiến. Xe mang lại tốc độ và khả năng vận hành tuyệt vời trên mọi cung đường.', 800000000.000, 18, 'Tiêu chuẩn', '2022-07-10', 'Còn hàng', 1, 3, 0);
INSERT INTO `products` VALUES (77, 'KTM 1290 Super Duke AR', 'KTM 1290 Super Duke R là mẫu naked bike với động cơ 1301cc, mang đến hiệu suất mạnh mẽ và khả năng vận hành tuyệt vời. Xe sở hữu thiết kế thể thao và hiện đại, rất phù hợp với những tay đua.', 350000000.000, 22, 'Tiêu chuẩn', '2021-04-25', 'Còn hàng', 7, 3, 0);
INSERT INTO `products` VALUES (78, 'Harley-Son CVO', 'Harley-Davidson CVO Limited là mẫu xe touring cao cấp, trang bị động cơ mạnh mẽ 117cc và các công nghệ hiện đại. Xe mang đến sự thoải mái tối đa cho các chuyến đi dài.', 1000000000.000, 12, 'Tiêu chuẩn', '2022-08-30', 'Còn hàng', 6, 3, 0);
INSERT INTO `products` VALUES (79, 'Triumph 3', 'Triumph Rocket 3 là mẫu mô tô siêu cao cấp với động cơ 2500cc, mang đến sức mạnh vô song và khả năng vận hành ấn tượng. Xe được thiết kế cho những người đam mê tốc độ và sự mạnh mẽ.', 900000000.000, 10, 'Tiêu chuẩn', '2021-10-15', 'Còn hàng', 9, 3, 0);
INSERT INTO `products` VALUES (80, 'MV Agusta SV', 'MV Agusta F4 RC là mẫu siêu mô tô thể thao với động cơ 998cc và thiết kế khí động học tối ưu. Xe mang đến cảm giác lái tuyệt vời, hiệu suất mạnh mẽ và phong cách riêng biệt.', 750000000.000, 14, 'Tiêu chuẩn', '2022-04-12', 'Còn hàng', 10, 3, 0);
INSERT INTO `products` VALUES (81, 'Honda Vision Pro', 'Honda Vision là mẫu xe tay ga nhỏ gọn, thời trang, trang bị động cơ eSP hiện đại. Với thiết kế tiện dụng và tiết kiệm nhiên liệu, Vision phù hợp với các nhu cầu di chuyển hàng ngày tại đô thị.', 350000000.000, 40, 'Tiêu chuẩn', '2022-06-10', 'Còn hàng', 1, 4, 0);
INSERT INTO `products` VALUES (82, 'Yamaha Venus', 'Yamaha Janus là xe tay ga với thiết kế thời trang, động cơ tiết kiệm nhiên liệu và dễ dàng vận hành. Đây là lựa chọn lý tưởng cho phụ nữ và các bạn trẻ yêu thích sự tiện lợi và phong cách.', 300000000.000, 35, 'Tiêu chuẩn', '2022-07-22', 'Còn hàng', 2, 4, 0);
INSERT INTO `products` VALUES (83, 'Honda Lead Titan', 'Honda Lead là mẫu xe tay ga với thiết kế rộng rãi, động cơ bền bỉ và khả năng tiết kiệm nhiên liệu tối ưu. Lead được trang bị nhiều tính năng tiện ích, thích hợp cho các chuyến đi trong thành phố.', 420000000.000, 30, 'Tiêu chuẩn', '2022-08-05', 'Còn hàng', 1, 4, 0);
INSERT INTO `products` VALUES (84, 'Yamaha Freedom', 'Yamaha FreeGo là xe tay ga cỡ nhỏ với thiết kế thanh lịch và động cơ 125cc mạnh mẽ. Xe thích hợp cho các bạn trẻ và phụ nữ, với khả năng tiết kiệm nhiên liệu vượt trội.', 350000000.000, 25, 'Tiêu chuẩn', '2021-09-18', 'Còn hàng', 2, 4, 0);
INSERT INTO `products` VALUES (85, 'Suzuki Samui 110', 'Suzuki Address 110 là xe tay ga tiện lợi, thích hợp cho việc di chuyển trong thành phố. Với thiết kế gọn nhẹ và động cơ tiết kiệm nhiên liệu, đây là lựa chọn đáng tin cậy cho người dùng.', 280000000.000, 50, 'Tiêu chuẩn', '2022-05-13', 'Còn hàng', 3, 4, 0);
INSERT INTO `products` VALUES (86, 'Honda SH Love', 'Honda SH Mode là xe tay ga cao cấp, thiết kế sang trọng và động cơ eSP mạnh mẽ. Xe mang đến trải nghiệm lái nhẹ nhàng, dễ dàng điều khiển và tiết kiệm nhiên liệu.', 650000000.000, 20, 'Tiêu chuẩn', '2021-06-25', 'Còn hàng', 1, 4, 0);
INSERT INTO `products` VALUES (87, 'Piaggio Liberty 423', 'Piaggio Liberty 125 là mẫu xe tay ga với phong cách Ý sang trọng, động cơ mạnh mẽ và hiệu suất cao. Xe mang đến sự linh hoạt trong vận hành và rất phù hợp cho việc di chuyển trong đô thị.', 500000000.000, 18, 'Tiêu chuẩn', '2022-04-15', 'Còn hàng', 11, 4, 0);
INSERT INTO `products` VALUES (88, 'Yamaha Nigma 155', 'Yamaha NMAX 155 là xe tay ga thể thao với động cơ mạnh mẽ 155cc và thiết kế hiện đại. Xe được trang bị nhiều tính năng cao cấp, mang đến sự thoải mái tối đa khi di chuyển.', 800000000.000, 15, 'Tiêu chuẩn', '2021-12-20', 'Còn hàng', 2, 4, 0);
INSERT INTO `products` VALUES (89, 'Honda Air Slash', 'Honda Air Blade là dòng xe tay ga thể thao với động cơ mạnh mẽ 125cc, thiết kế thể thao và tính năng tiện ích. Xe thích hợp cho những ai yêu thích sự năng động và tốc độ.', 450000000.000, 30, 'Tiêu chuẩn', '2021-10-10', 'Còn hàng', 1, 4, 0);
INSERT INTO `products` VALUES (90, 'Suzuki Bigman 200', 'Suzuki Burgman 200 là xe tay ga cao cấp với thiết kế lớn, động cơ 200cc mạnh mẽ, thích hợp cho những chuyến đi dài hoặc đi lại trên các tuyến đường đông đúc.', 600000000.000, 12, 'Tiêu chuẩn', '2022-03-28', 'Còn hàng', 3, 4, 0);
INSERT INTO `products` VALUES (91, 'Triumph Bonneville 7', 'Triumph Bonneville là dòng xe mô tô cổ điển với phong cách lịch lãm. Xe trang bị động cơ hiện đại và khả năng vận hành mượt mà, đáp ứng mọi nhu cầu của người dùng.', 700000000.000, 18, 'Tiêu chuẩn', '2021-08-15', 'Còn hàng', 9, 5, 0);
INSERT INTO `products` VALUES (92, 'Harley-Davidson Iron 883', 'Harley-Davidson Iron 883 là dòng xe cruiser cổ điển với động cơ 883cc, thiết kế đơn giản và mạnh mẽ. Xe mang đậm chất Mỹ và phù hợp với những người yêu thích phong cách retro.', 850000000.000, 15, 'Tiêu chuẩn', '2021-11-10', 'Còn hàng', 6, 5, 0);
INSERT INTO `products` VALUES (93, 'Moto Guzzi V7 IX', 'Moto Guzzi V7 III là xe mô tô cổ điển mang đậm phong cách Ý. Xe sở hữu động cơ 750cc và thiết kế đẹp mắt, mang đến cảm giác lái nhẹ nhàng, dễ dàng vận hành.', 750000000.000, 22, 'Tiêu chuẩn', '2021-07-30', 'Còn hàng', 10, 5, 0);
INSERT INTO `products` VALUES (94, 'Royal Enfield 350', 'Royal Enfield Classic 350 là mẫu xe mô tô cổ điển nổi bật với thiết kế mạnh mẽ và động cơ 350cc. Đây là lựa chọn lý tưởng cho những người yêu thích sự đơn giản và phong cách cổ điển.', 400000000.000, 25, 'Tiêu chuẩn', '2022-01-05', 'Còn hàng', 12, 5, 0);
INSERT INTO `products` VALUES (95, 'Indian Scout 56', 'Indian Scout Sixty là một chiếc cruiser cổ điển với động cơ 999cc và thiết kế mang đậm phong cách Mỹ. Xe mang lại cảm giác lái mạnh mẽ và đầy phong cách.', 950000000.000, 20, 'Tiêu chuẩn', '2022-03-22', 'Còn hàng', 13, 5, 0);
INSERT INTO `products` VALUES (96, 'Ducati Scrambler Legacy', 'Ducati Scrambler Icon là mẫu xe mô tô cổ điển với thiết kế retro và động cơ mạnh mẽ 803cc. Xe thích hợp cho những người yêu thích sự pha trộn giữa cổ điển và hiện đại.', 850000000.000, 30, 'Tiêu chuẩn', '2021-09-10', 'Còn hàng', 5, 5, 0);
INSERT INTO `products` VALUES (97, 'BMW R NineTix', 'BMW R NineT là mẫu xe cổ điển với thiết kế đặc biệt và động cơ 1170cc mạnh mẽ. Xe phù hợp cho những ai yêu thích sự kết hợp giữa phong cách retro và công nghệ hiện đại.', 1050000000.000, 12, 'Tiêu chuẩn', '2021-10-14', 'Còn hàng', 8, 5, 0);
INSERT INTO `products` VALUES (98, 'Buell 1190RX Ultra', 'Buell 1190RX là một mẫu xe mô tô cổ điển, mang đến trải nghiệm lái thể thao với động cơ mạnh mẽ và thiết kế đặc trưng của dòng xe Mỹ.', 950000000.000, 10, 'Tiêu chuẩn', '2021-12-08', 'Còn hàng', 14, 5, 0);
INSERT INTO `products` VALUES (99, 'Kawasaki W800 Nix', 'Kawasaki W800 là xe mô tô cổ điển với thiết kế thanh lịch, động cơ 773cc mạnh mẽ và phong cách retro. Đây là lựa chọn lý tưởng cho những ai yêu thích phong cách cổ điển kết hợp với hiệu suất cao.', 700000000.000, 20, 'Tiêu chuẩn', '2022-04-10', 'Còn hàng', 4, 5, 0);
INSERT INTO `products` VALUES (100, 'Honda CB1100 Ruti', 'Honda CB1100 là dòng xe mô tô cổ điển với thiết kế thanh thoát, động cơ 1140cc mạnh mẽ và khả năng vận hành êm ái. Xe là sự kết hợp tuyệt vời giữa phong cách cổ điển và công nghệ hiện đại.', 1050000000.000, 8, 'Tiêu chuẩn', '2022-02-18', 'Còn hàng', 1, 5, 0);
INSERT INTO `products` VALUES (101, 'Honda Wave 110 Metro', 'Honda Wave 110 là dòng xe máy phổ thông với thiết kế gọn nhẹ và động cơ bền bỉ. Xe tiết kiệm nhiên liệu, phù hợp với các nhu cầu đi lại hàng ngày tại các khu vực đô thị và nông thôn.', 18000000.000, 50, 'Tiêu chuẩn', '2020-05-01', 'Còn hàng', 1, 1, 0);
INSERT INTO `products` VALUES (102, 'Yamaha Sirius 110 Peta', 'Yamaha Sirius 110 mang phong cách đơn giản nhưng mạnh mẽ, tiết kiệm nhiên liệu, dễ dàng di chuyển trong các đô thị và đường nông thôn.', 16000000.000, 70, 'Tiêu chuẩn', '2019-06-15', 'Còn hàng', 2, 1, 0);
INSERT INTO `products` VALUES (103, 'Suzuki Viva Highland', 'Suzuki Viva 115 là một dòng xe máy phổ thông nhỏ gọn, tiết kiệm nhiên liệu, rất phù hợp với việc di chuyển trong khu vực thành phố.', 17000000.000, 65, 'Tiêu chuẩn', '2018-07-20', 'Còn hàng', 3, 1, 0);
INSERT INTO `products` VALUES (104, 'Honda Dreamer', 'Honda Dream 110 là xe máy phổ thông với thiết kế đơn giản, bền bỉ và được trang bị động cơ mạnh mẽ, tiết kiệm xăng.', 18500000.000, 60, 'Tiêu chuẩn', '2021-03-10', 'Còn hàng', 1, 1, 0);
INSERT INTO `products` VALUES (105, 'Yamaha Jupiter Titan', 'Yamaha Jupiter 110 là một chiếc xe máy phù hợp cho người dùng yêu cầu sự ổn định và tiết kiệm nhiên liệu với thiết kế nhỏ gọn.', 19000000.000, 80, 'Tiêu chuẩn', '2020-12-01', 'Còn hàng', 2, 1, 0);
INSERT INTO `products` VALUES (106, 'Suzuki Axelo 125 X', 'Suzuki Axelo 125 mang đến cho người dùng trải nghiệm lái mượt mà với động cơ 125cc, thiết kế hiện đại và tiết kiệm nhiên liệu.', 20000000.000, 40, 'Tiêu chuẩn', '2019-08-05', 'Còn hàng', 3, 1, 0);
INSERT INTO `products` VALUES (107, 'Honda Blade Earth 110', 'Honda Blade 110 là chiếc xe máy với thiết kế thể thao và động cơ mạnh mẽ, dễ dàng di chuyển trên mọi cung đường.', 22000000.000, 50, 'Tiêu chuẩn', '2022-04-25', 'Còn hàng', 1, 1, 0);
INSERT INTO `products` VALUES (108, 'Yamaha Super Cub Extra', 'Yamaha Super Cub 110 có thiết kế cổ điển nhưng hiện đại, mang lại sự kết hợp hoàn hảo giữa phong cách và tiện dụng.', 25000000.000, 30, 'Tiêu chuẩn', '2021-11-15', 'Còn hàng', 2, 1, 0);
INSERT INTO `products` VALUES (109, 'Suzuki Hayate Samui', 'Suzuki Hayate 110 là xe máy với kiểu dáng nhỏ gọn, mạnh mẽ, phù hợp cho cả nam và nữ, tiết kiệm nhiên liệu.', 23000000.000, 90, 'Tiêu chuẩn', '2020-02-10', 'Còn hàng', 3, 1, 0);
INSERT INTO `products` VALUES (110, 'Honda Wave Omega 110', 'Honda Wave Alpha 110 là một trong những mẫu xe phổ thông phổ biến nhất tại Việt Nam, với thiết kế đơn giản, dễ dàng sử dụng và vận hành.', 15000000.000, 23, 'Tiêu chuẩn', '2022-01-10', 'Còn hàng', 1, 1, 0);
INSERT INTO `products` VALUES (111, 'Yamaha R15 V9', 'Yamaha R15 V4 là mẫu xe thể thao cao cấp với thiết kế khí động học và công nghệ tiên tiến. Động cơ mạnh mẽ, khả năng vận hành linh hoạt, phù hợp với các tay lái trẻ đam mê tốc độ.', 90000000.000, 50, 'Tiêu chuẩn', '2022-07-10', 'Còn hàng', 2, 2, 0);
INSERT INTO `products` VALUES (112, 'Honda CBR150R UIO', 'Honda CBR150R mang đến trải nghiệm lái mạnh mẽ với động cơ 150cc, thiết kế thể thao. Xe được trang bị các công nghệ hiện đại, phù hợp cho những người yêu thích sự tốc độ và phong cách.', 85000000.000, 60, 'Tiêu chuẩn', '2021-09-15', 'Còn hàng', 1, 2, 0);
INSERT INTO `products` VALUES (113, 'Kawasaki Samurai 400', 'Kawasaki Ninja 400 là siêu mô tô với động cơ mạnh mẽ, thiết kế thể thao và các tính năng hiện đại. Xe mang đến cảm giác lái đầy phấn khích cho những ai đam mê tốc độ.', 160000000.000, 45, 'Tiêu chuẩn', '2021-04-20', 'Còn hàng', 4, 2, 0);
INSERT INTO `products` VALUES (114, 'Suzuki GSX-R750 Yuto', 'Suzuki GSX-R750 là mẫu xe thể thao cao cấp, với động cơ mạnh mẽ và thiết kế khí động học. Xe được trang bị các công nghệ tiên tiến, giúp người lái có trải nghiệm mượt mà trên mọi con đường.', 220000000.000, 30, 'Tiêu chuẩn', '2020-11-05', 'Còn hàng', 3, 2, 0);
INSERT INTO `products` VALUES (115, 'Yamaha MT-07 Rita', 'Yamaha MT-07 là mẫu naked bike với động cơ mạnh mẽ, thiết kế hiện đại và khả năng vận hành linh hoạt. Xe mang đến trải nghiệm lái thoải mái và đầy hứng khởi.', 140000000.000, 40, 'Tiêu chuẩn', '2021-05-10', 'Còn hàng', 2, 2, 0);
INSERT INTO `products` VALUES (116, 'BMW S1000RR Teya', 'BMW S1000RR là mẫu xe thể thao đỉnh cao với động cơ mạnh mẽ 999cc và công nghệ tiên tiến, mang lại hiệu suất vượt trội và trải nghiệm lái tuyệt vời.', 500000000.000, 20, 'Tiêu chuẩn', '2020-09-25', 'Còn hàng', 8, 2, 0);
INSERT INTO `products` VALUES (117, 'KTM RC 390 Maximum', 'KTM RC 390 là mẫu xe thể thao mạnh mẽ, với thiết kế khí động học và động cơ 373cc. Xe mang lại cảm giác lái phấn khích và khả năng vận hành tuyệt vời.', 160000000.000, 35, 'Tiêu chuẩn', '2022-06-10', 'Còn hàng', 7, 2, 0);
INSERT INTO `products` VALUES (118, 'Ducati Amile', 'Ducati Panigale V4 là siêu mô tô hiệu suất cao với động cơ V4 1.103cc mạnh mẽ. Thiết kế đẹp mắt và công nghệ tiên tiến, xe mang đến trải nghiệm lái đầy phấn khích và linh hoạt.', 450000000.000, 15, 'Tiêu chuẩn', '2021-08-12', 'Còn hàng', 5, 2, 0);
INSERT INTO `products` VALUES (119, 'Triumph Doom 675', 'Triumph Daytona 675 là mẫu xe thể thao với động cơ 675cc mạnh mẽ. Xe mang lại cảm giác lái thể thao, phù hợp cho những tay đua đam mê tốc độ và muốn trải nghiệm sức mạnh tối đa.', 350000000.000, 25, 'Tiêu chuẩn', '2020-02-15', 'Còn hàng', 9, 2, 0);
INSERT INTO `products` VALUES (120, 'Kawasaki Z900 Mixture', 'Kawasaki Z900 là mẫu naked bike với thiết kế hiện đại, động cơ mạnh mẽ và khả năng vận hành ấn tượng. Xe mang đến trải nghiệm lái thoải mái và đầy cảm xúc.', 220000000.000, 55, 'Tiêu chuẩn', '2021-12-10', 'Còn hàng', 4, 2, 0);
INSERT INTO `products` VALUES (121, 'Kawasaki Ninja KO2', 'Kawasaki Ninja H2 là mẫu siêu mô tô với động cơ 998cc tăng áp, mang đến hiệu suất vượt trội. Xe được thiết kế cho những tay đua chuyên nghiệp và những người yêu thích tốc độ cực cao.', 550000000.000, 25, 'Tiêu chuẩn', '2021-03-18', 'Còn hàng', 4, 3, 0);
INSERT INTO `products` VALUES (122, 'BMW S1000RR Maxla', 'BMW S1000RR là mẫu xe thể thao đỉnh cao với động cơ mạnh mẽ 999cc và công nghệ tiên tiến, mang lại hiệu suất vượt trội và trải nghiệm lái tuyệt vời.', 600000000.000, 20, 'Tiêu chuẩn', '2022-05-20', 'Còn hàng', 8, 3, 0);
INSERT INTO `products` VALUES (123, 'Ducati Panigale Malo', 'Ducati Panigale V4 là siêu mô tô hiệu suất cao với động cơ V4 1.103cc mạnh mẽ. Thiết kế đẹp mắt và công nghệ tiên tiến, xe mang đến trải nghiệm lái đầy phấn khích và linh hoạt.', 700000000.000, 15, 'Tiêu chuẩn', '2022-06-15', 'Còn hàng', 5, 3, 0);
INSERT INTO `products` VALUES (124, 'Yamaha YZF-R1 Proto', 'Yamaha YZF-R1 là mẫu xe thể thao đẳng cấp với động cơ 998cc, mang đến sức mạnh vượt trội và khả năng lái mượt mà. Xe sở hữu thiết kế khí động học tối ưu cho những tay lái đam mê tốc độ.', 450000000.000, 30, 'Tiêu chuẩn', '2021-09-08', 'Còn hàng', 2, 3, 0);
INSERT INTO `products` VALUES (125, 'Suzuki GSX-R1000R Hama', 'Suzuki GSX-R1000R là mẫu xe thể thao cao cấp với động cơ 999cc và công nghệ hiện đại. Xe mang lại hiệu suất cao, độ ổn định và cảm giác lái tuyệt vời trên mọi cung đường.', 500000000.000, 28, 'Tiêu chuẩn', '2021-11-12', 'Còn hàng', 3, 3, 0);
INSERT INTO `products` VALUES (126, 'Honda R Fireblade', 'Honda CBR1000RR-R Fireblade là siêu mô tô với động cơ 999cc mạnh mẽ, thiết kế tinh tế và công nghệ tiên tiến. Xe mang lại tốc độ và khả năng vận hành tuyệt vời trên mọi cung đường.', 800000000.000, 18, 'Tiêu chuẩn', '2022-07-10', 'Còn hàng', 1, 3, 0);
INSERT INTO `products` VALUES (127, 'KTM 1290 Nuke', 'KTM 1290 Super Duke R là mẫu naked bike với động cơ 1301cc, mang đến hiệu suất mạnh mẽ và khả năng vận hành tuyệt vời. Xe sở hữu thiết kế thể thao và hiện đại, rất phù hợp với những tay đua.', 350000000.000, 22, 'Tiêu chuẩn', '2021-04-25', 'Còn hàng', 7, 3, 0);
INSERT INTO `products` VALUES (128, 'Harley-Davidson Teyu', 'Harley-Davidson CVO Limited là mẫu xe touring cao cấp, trang bị động cơ mạnh mẽ 117cc và các công nghệ hiện đại. Xe mang đến sự thoải mái tối đa cho các chuyến đi dài.', 1000000000.000, 12, 'Tiêu chuẩn', '2022-08-30', 'Còn hàng', 6, 3, 0);
INSERT INTO `products` VALUES (129, 'Triumph Rocket Nine', 'Triumph Rocket 3 là mẫu mô tô siêu cao cấp với động cơ 2500cc, mang đến sức mạnh vô song và khả năng vận hành ấn tượng. Xe được thiết kế cho những người đam mê tốc độ và sự mạnh mẽ.', 900000000.000, 10, 'Tiêu chuẩn', '2021-10-15', 'Còn hàng', 9, 3, 0);
INSERT INTO `products` VALUES (130, 'MV Agusta F4 RICO', 'MV Agusta F4 RC là mẫu siêu mô tô thể thao với động cơ 998cc và thiết kế khí động học tối ưu. Xe mang đến cảm giác lái tuyệt vời, hiệu suất mạnh mẽ và phong cách riêng biệt.', 750000000.000, 14, 'Tiêu chuẩn', '2022-04-12', 'Còn hàng', 10, 3, 0);
INSERT INTO `products` VALUES (131, 'Honda Future', 'Honda Vision là mẫu xe tay ga nhỏ gọn, thời trang, trang bị động cơ eSP hiện đại. Với thiết kế tiện dụng và tiết kiệm nhiên liệu, Vision phù hợp với các nhu cầu di chuyển hàng ngày tại đô thị.', 350000000.000, 40, 'Tiêu chuẩn', '2022-06-10', 'Còn hàng', 1, 4, 0);
INSERT INTO `products` VALUES (132, 'Yamaha Mars', 'Yamaha Janus là xe tay ga với thiết kế thời trang, động cơ tiết kiệm nhiên liệu và dễ dàng vận hành. Đây là lựa chọn lý tưởng cho phụ nữ và các bạn trẻ yêu thích sự tiện lợi và phong cách.', 300000000.000, 35, 'Tiêu chuẩn', '2022-07-22', 'Còn hàng', 2, 4, 0);
INSERT INTO `products` VALUES (133, 'Honda Lead Kiko', 'Honda Lead là mẫu xe tay ga với thiết kế rộng rãi, động cơ bền bỉ và khả năng tiết kiệm nhiên liệu tối ưu. Lead được trang bị nhiều tính năng tiện ích, thích hợp cho các chuyến đi trong thành phố.', 420000000.000, 30, 'Tiêu chuẩn', '2022-08-05', 'Còn hàng', 1, 4, 0);
INSERT INTO `products` VALUES (134, 'Yamaha FreeWalk', 'Yamaha FreeGo là xe tay ga cỡ nhỏ với thiết kế thanh lịch và động cơ 125cc mạnh mẽ. Xe thích hợp cho các bạn trẻ và phụ nữ, với khả năng tiết kiệm nhiên liệu vượt trội.', 350000000.000, 25, 'Tiêu chuẩn', '2021-09-18', 'Còn hàng', 2, 4, 0);
INSERT INTO `products` VALUES (135, 'Suzuki Address 423', 'Suzuki Address 110 là xe tay ga tiện lợi, thích hợp cho việc di chuyển trong thành phố. Với thiết kế gọn nhẹ và động cơ tiết kiệm nhiên liệu, đây là lựa chọn đáng tin cậy cho người dùng.', 280000000.000, 50, 'Tiêu chuẩn', '2022-05-13', 'Còn hàng', 3, 4, 0);
INSERT INTO `products` VALUES (136, 'Honda SH Mode Mio', 'Honda SH Mode là xe tay ga cao cấp, thiết kế sang trọng và động cơ eSP mạnh mẽ. Xe mang đến trải nghiệm lái nhẹ nhàng, dễ dàng điều khiển và tiết kiệm nhiên liệu.', 650000000.000, 20, 'Tiêu chuẩn', '2021-06-25', 'Còn hàng', 1, 4, 0);
INSERT INTO `products` VALUES (137, 'Piaggio Liberty Agnes 125', 'Piaggio Liberty 125 là mẫu xe tay ga với phong cách Ý sang trọng, động cơ mạnh mẽ và hiệu suất cao. Xe mang đến sự linh hoạt trong vận hành và rất phù hợp cho việc di chuyển trong đô thị.', 500000000.000, 18, 'Tiêu chuẩn', '2022-04-15', 'Còn hàng', 11, 4, 0);
INSERT INTO `products` VALUES (138, 'Yamaha NMAX Bra 155', 'Yamaha NMAX 155 là xe tay ga thể thao với động cơ mạnh mẽ 155cc và thiết kế hiện đại. Xe được trang bị nhiều tính năng cao cấp, mang đến sự thoải mái tối đa khi di chuyển.', 800000000.000, 15, 'Tiêu chuẩn', '2021-12-20', 'Còn hàng', 2, 4, 0);
INSERT INTO `products` VALUES (139, 'Honda Air Blade Pro', 'Honda Air Blade là dòng xe tay ga thể thao với động cơ mạnh mẽ 125cc, thiết kế thể thao và tính năng tiện ích. Xe thích hợp cho những ai yêu thích sự năng động và tốc độ.', 450000000.000, 30, 'Tiêu chuẩn', '2021-10-10', 'Còn hàng', 1, 4, 0);
INSERT INTO `products` VALUES (140, 'Suzuki Burgman King 200', 'Suzuki Burgman 200 là xe tay ga cao cấp với thiết kế lớn, động cơ 200cc mạnh mẽ, thích hợp cho những chuyến đi dài hoặc đi lại trên các tuyến đường đông đúc.', 600000000.000, 12, 'Tiêu chuẩn', '2022-03-28', 'Còn hàng', 3, 4, 0);
INSERT INTO `products` VALUES (141, 'Triumph Bonneville Appat', 'Triumph Bonneville là dòng xe mô tô cổ điển với phong cách lịch lãm. Xe trang bị động cơ hiện đại và khả năng vận hành mượt mà, đáp ứng mọi nhu cầu của người dùng.', 700000000.000, 18, 'Tiêu chuẩn', '2021-08-15', 'Còn hàng', 9, 5, 0);
INSERT INTO `products` VALUES (142, 'Harley-Davidson Silver 883', 'Harley-Davidson Iron 883 là dòng xe cruiser cổ điển với động cơ 883cc, thiết kế đơn giản và mạnh mẽ. Xe mang đậm chất Mỹ và phù hợp với những người yêu thích phong cách retro.', 850000000.000, 15, 'Tiêu chuẩn', '2021-11-10', 'Còn hàng', 6, 5, 0);
INSERT INTO `products` VALUES (143, 'Moto Guzzi AV7 III', 'Moto Guzzi V7 III là xe mô tô cổ điển mang đậm phong cách Ý. Xe sở hữu động cơ 750cc và thiết kế đẹp mắt, mang đến cảm giác lái nhẹ nhàng, dễ dàng vận hành.', 750000000.000, 22, 'Tiêu chuẩn', '2021-07-30', 'Còn hàng', 10, 5, 0);
INSERT INTO `products` VALUES (144, 'Royal Enfield 350', 'Royal Enfield Classic 350 là mẫu xe mô tô cổ điển nổi bật với thiết kế mạnh mẽ và động cơ 350cc. Đây là lựa chọn lý tưởng cho những người yêu thích sự đơn giản và phong cách cổ điển.', 400000000.000, 25, 'Tiêu chuẩn', '2022-01-05', 'Còn hàng', 12, 5, 0);
INSERT INTO `products` VALUES (145, 'Indian Scout Boy Sixty', 'Indian Scout Sixty là một chiếc cruiser cổ điển với động cơ 999cc và thiết kế mang đậm phong cách Mỹ. Xe mang lại cảm giác lái mạnh mẽ và đầy phong cách.', 950000000.000, 20, 'Tiêu chuẩn', '2022-03-22', 'Còn hàng', 13, 5, 0);
INSERT INTO `products` VALUES (146, 'Ducati Scrambler Egg Icon', 'Ducati Scrambler Icon là mẫu xe mô tô cổ điển với thiết kế retro và động cơ mạnh mẽ 803cc. Xe thích hợp cho những người yêu thích sự pha trộn giữa cổ điển và hiện đại.', 850000000.000, 30, 'Tiêu chuẩn', '2021-09-10', 'Còn hàng', 5, 5, 0);
INSERT INTO `products` VALUES (147, 'BMW R NineTail', 'BMW R NineT là mẫu xe cổ điển với thiết kế đặc biệt và động cơ 1170cc mạnh mẽ. Xe phù hợp cho những ai yêu thích sự kết hợp giữa phong cách retro và công nghệ hiện đại.', 1050000000.000, 12, 'Tiêu chuẩn', '2021-10-14', 'Còn hàng', 8, 5, 0);
INSERT INTO `products` VALUES (148, 'Buell 1190RX Egg', 'Buell 1190RX là một mẫu xe mô tô cổ điển, mang đến trải nghiệm lái thể thao với động cơ mạnh mẽ và thiết kế đặc trưng của dòng xe Mỹ.', 950000000.000, 10, 'Tiêu chuẩn', '2021-12-08', 'Còn hàng', 14, 5, 0);
INSERT INTO `products` VALUES (149, 'Kawasaki W800 XMax', 'Kawasaki W800 là xe mô tô cổ điển với thiết kế thanh lịch, động cơ 773cc mạnh mẽ và phong cách retro. Đây là lựa chọn lý tưởng cho những ai yêu thích phong cách cổ điển kết hợp với hiệu suất cao.', 700000000.000, 20, 'Tiêu chuẩn', '2022-04-10', 'Còn hàng', 4, 5, 0);
INSERT INTO `products` VALUES (150, 'Honda CB110 Love', '<p>Chiếc xe c&oacute; thiết kế cổ điển</p>\r\n', 120000000.000, 123, 'Tiêu chuẩn', '2025-01-17', 'Còn hàng', 1, 5, 0);
INSERT INTO `products` VALUES (152, 'Suzuki Hihi', '<p>Chiếc xe vui vẻ</p>\r\n', 50700000.000, 34, 'Tiêu chuẩn', '2025-01-25', 'Còn hàng', 1, 1, 0);
INSERT INTO `products` VALUES (153, 'Umaha Koko', '<p><em><strong>Sản phẩm test&nbsp;</strong></em></p>\r\n', 43000000.000, 123, 'Tiêu chuẩn', '2025-01-18', 'Còn hàng', 1, 1, 0);
INSERT INTO `products` VALUES (155, 'Poli', '<p>Chạy v&ugrave; v&ugrave;</p>\r\n', 123000000.000, 123, 'Tiêu chuẩn', '2025-01-31', 'Còn hàng', 1, 1, 0);
INSERT INTO `products` VALUES (156, 'Alime', '<p>Xe rẻ v&ocirc; c&ugrave;ng</p>\r\n', 321000.000, 32, 'Tiêu chuẩn', '2025-01-18', 'Còn hàng', 1, 1, 0);
INSERT INTO `products` VALUES (157, 'Alime', '<p>Xe rẻ v&ocirc; c&ugrave;ng</p>\r\n', 321000.000, 32, 'Tiêu chuẩn', '2025-01-24', 'Còn hàng', 1, 4, 0);
INSERT INTO `products` VALUES (158, 'Alime', '<p>Xe moto trắng</p>\r\n', 3210000.000, 76, 'Tiêu chuẩn', '2025-01-31', 'Còn hàng', 1, 3, 0);
INSERT INTO `products` VALUES (159, 'Alime', '<p>Xe alime tay ga trắng</p>\r\n', 3210000.000, 76, 'Tiêu chuẩn', '2025-02-03', 'Còn hàng', 9, 4, 0);
INSERT INTO `products` VALUES (160, 'Honda Airway', '<p>Xe cổ điển phong c&aacute;ch</p>\r\n', 12345000.000, 54, 'Tiêu chuẩn', '2025-01-27', 'Còn hàng', 1, 5, 0);
INSERT INTO `products` VALUES (161, 'KTW Panda', '<p>Xe ninja xanh l&aacute; thời thượng</p>\r\n', 12345000.000, 59, 'Tiêu chuẩn', '2025-01-31', 'Còn hàng', 7, 3, 0);
INSERT INTO `products` VALUES (162, 'KTW Panda X', '<p>Chiếc xe c&oacute; thiết kế mạnh mẽ</p>\r\n', 12345000.000, 59, 'Tiêu chuẩn', '2024-08-13', 'Còn hàng', 7, 3, 0);
INSERT INTO `products` VALUES (163, 'Final Fang', '<p>Tốc độ l&agrave; bản lĩnh của 1 chiếc xe</p>\r\n', 120000000.000, 23, 'Tiêu chuẩn', '2025-01-05', 'Còn hàng', 4, 3, 0);
INSERT INTO `products` VALUES (164, 'Kio', '<p>m&ocirc; tả m&ocirc; tả</p>\r\n', 12309.000, 54, 'Lion', '2025-01-29', 'Còn hàng', 8, 4, 0);
INSERT INTO `products` VALUES (165, 'Yuki Amanai', '<p>B&atilde;o tuyết b&ugrave;ng nổ</p>\r\n', 764.000, 534, 'Posing', '2025-01-30', 'Còn hàng', 1, 5, 1);
INSERT INTO `products` VALUES (166, 'Loppo', '<p>ABCXYZ</p>\r\n', 450.000, 65, 'Thời thượng', '2025-01-29', 'Còn hàng', 9, 1, 0);

-- ----------------------------
-- Table structure for shoprecords
-- ----------------------------
DROP TABLE IF EXISTS `shoprecords`;
CREATE TABLE `shoprecords`  (
  `quantity` int(11) NULL DEFAULT NULL,
  `productID` int(11) NULL DEFAULT NULL,
  `shopID` int(11) NULL DEFAULT NULL,
  INDEX `productID`(`productID`) USING BTREE,
  INDEX `shopID`(`shopID`) USING BTREE,
  CONSTRAINT `shoprecords_ibfk_1` FOREIGN KEY (`productID`) REFERENCES `products` (`id`) ON DELETE RESTRICT ON UPDATE RESTRICT,
  CONSTRAINT `shoprecords_ibfk_2` FOREIGN KEY (`shopID`) REFERENCES `shops` (`id`) ON DELETE RESTRICT ON UPDATE RESTRICT
) ENGINE = InnoDB CHARACTER SET = utf8mb4 COLLATE = utf8mb4_unicode_ci ROW_FORMAT = Dynamic;

-- ----------------------------
-- Records of shoprecords
-- ----------------------------
INSERT INTO `shoprecords` VALUES (12, 1, 1);
INSERT INTO `shoprecords` VALUES (8, 2, 1);
INSERT INTO `shoprecords` VALUES (3, 3, 1);
INSERT INTO `shoprecords` VALUES (2, 4, 1);
INSERT INTO `shoprecords` VALUES (12, 23, 2);
INSERT INTO `shoprecords` VALUES (6, 12, 2);
INSERT INTO `shoprecords` VALUES (13, 15, 2);
INSERT INTO `shoprecords` VALUES (5, 65, 2);
INSERT INTO `shoprecords` VALUES (12, 12, 3);
INSERT INTO `shoprecords` VALUES (8, 13, 3);
INSERT INTO `shoprecords` VALUES (3, 14, 3);
INSERT INTO `shoprecords` VALUES (2, 15, 3);
INSERT INTO `shoprecords` VALUES (12, 22, 4);
INSERT INTO `shoprecords` VALUES (8, 23, 4);
INSERT INTO `shoprecords` VALUES (3, 24, 4);
INSERT INTO `shoprecords` VALUES (2, 25, 4);
INSERT INTO `shoprecords` VALUES (12, 30, 5);
INSERT INTO `shoprecords` VALUES (8, 31, 5);
INSERT INTO `shoprecords` VALUES (3, 32, 5);
INSERT INTO `shoprecords` VALUES (2, 33, 5);

-- ----------------------------
-- Table structure for shops
-- ----------------------------
DROP TABLE IF EXISTS `shops`;
CREATE TABLE `shops`  (
  `id` int(11) NOT NULL AUTO_INCREMENT,
  `name` varchar(50) CHARACTER SET utf8mb4 COLLATE utf8mb4_unicode_ci NULL DEFAULT NULL,
  `address` varchar(100) CHARACTER SET utf8mb4 COLLATE utf8mb4_unicode_ci NULL DEFAULT NULL,
  `img` varchar(255) CHARACTER SET utf8mb4 COLLATE utf8mb4_unicode_ci NULL DEFAULT NULL,
  PRIMARY KEY (`id`) USING BTREE
) ENGINE = InnoDB AUTO_INCREMENT = 11 CHARACTER SET = utf8mb4 COLLATE = utf8mb4_unicode_ci ROW_FORMAT = Dynamic;

-- ----------------------------
-- Records of shops
-- ----------------------------
INSERT INTO `shops` VALUES (1, 'Webike Hồ Chí Minh', '123 Đường Lê Lợi, Quận 1, TP.HCM', NULL);
INSERT INTO `shops` VALUES (2, 'Webike Hà Nội', '456 Đường Hoàng Quốc Việt, Cầu Giấy, Hà Nội', NULL);
INSERT INTO `shops` VALUES (3, 'Webike Đà Nẵng', '789 Đường Nguyễn Văn Linh, Quận Hải Châu, Đà Nẵng', NULL);
INSERT INTO `shops` VALUES (4, 'Webike Nha Trang', '321 Đường Trần Hưng Đạo, Nha Trang, Khánh Hòa', NULL);
INSERT INTO `shops` VALUES (5, 'Webike Vũng Tàu', '654 Đường Phan Chu Trinh, TP. Vũng Tàu', NULL);
INSERT INTO `shops` VALUES (6, 'Webike Hồ Chí Minh', '123 Đường Lê Lợi, Quận 1, TP.HCM', NULL);
INSERT INTO `shops` VALUES (7, 'Webike Hà Nội', '456 Đường Hoàng Quốc Việt, Cầu Giấy, Hà Nội', NULL);
INSERT INTO `shops` VALUES (8, 'Webike Đà Nẵng', '789 Đường Nguyễn Văn Linh, Quận Hải Châu, Đà Nẵng', NULL);
INSERT INTO `shops` VALUES (9, 'Webike Nha Trang', '321 Đường Trần Hưng Đạo, Nha Trang, Khánh Hòa', NULL);
INSERT INTO `shops` VALUES (10, 'Webike Vũng Tàu', '654 Đường Phan Chu Trinh, TP. Vũng Tàu', NULL);

-- ----------------------------
-- Table structure for specs
-- ----------------------------
DROP TABLE IF EXISTS `specs`;
CREATE TABLE `specs`  (
  `id` int(11) NOT NULL AUTO_INCREMENT,
  `tag` varchar(50) CHARACTER SET utf8mb4 COLLATE utf8mb4_unicode_ci NOT NULL,
  `des` varchar(50) CHARACTER SET utf8mb4 COLLATE utf8mb4_unicode_ci NOT NULL,
  `type` varchar(20) CHARACTER SET utf8mb4 COLLATE utf8mb4_unicode_ci NOT NULL,
  PRIMARY KEY (`id`) USING BTREE
) ENGINE = InnoDB AUTO_INCREMENT = 136 CHARACTER SET = utf8mb4 COLLATE = utf8mb4_unicode_ci ROW_FORMAT = Dynamic;

-- ----------------------------
-- Records of specs
-- ----------------------------
INSERT INTO `specs` VALUES (1, 'Loại', 'Động cơ 2 xi-lanh', 'động cơ');
INSERT INTO `specs` VALUES (2, 'Loại', 'Động cơ V4', 'động cơ');
INSERT INTO `specs` VALUES (3, 'Loại', 'Động cơ Parallel-Twin', 'động cơ');
INSERT INTO `specs` VALUES (4, 'Loại', 'Động cơ Inline-Twin', 'động cơ');
INSERT INTO `specs` VALUES (5, 'Loại', 'Động cơ 2 chu kỳ', 'động cơ');
INSERT INTO `specs` VALUES (6, 'Bố trí xi lanh', 'Xi lanh đơn', 'động cơ');
INSERT INTO `specs` VALUES (7, 'Bố trí xi lanh', 'Xi lanh đôi', 'động cơ');
INSERT INTO `specs` VALUES (8, 'Bố trí xi lanh', 'V-Twin', 'động cơ');
INSERT INTO `specs` VALUES (9, 'Bố trí xi lanh', 'Inline-4', 'động cơ');
INSERT INTO `specs` VALUES (10, 'Bố trí xi lanh', 'Inline-6', 'động cơ');
INSERT INTO `specs` VALUES (11, 'Dung tích xi lanh (CC/m3)', '50cc', 'động cơ');
INSERT INTO `specs` VALUES (12, 'Dung tích xi lanh (CC/m3)', '100cc', 'động cơ');
INSERT INTO `specs` VALUES (13, 'Dung tích xi lanh (CC/m3)', '150cc', 'động cơ');
INSERT INTO `specs` VALUES (14, 'Dung tích xi lanh (CC/m3)', '250cc', 'động cơ');
INSERT INTO `specs` VALUES (15, 'Dung tích xi lanh (CC/m3)', '500cc', 'động cơ');
INSERT INTO `specs` VALUES (16, 'Tỷ số nén', '9:1', 'động cơ');
INSERT INTO `specs` VALUES (17, 'Tỷ số nén', '10:1', 'động cơ');
INSERT INTO `specs` VALUES (18, 'Tỷ số nén', '11:1', 'động cơ');
INSERT INTO `specs` VALUES (19, 'Tỷ số nén', '12:1', 'động cơ');
INSERT INTO `specs` VALUES (20, 'Tỷ số nén', '18:6', 'động cơ');
INSERT INTO `specs` VALUES (21, 'Công suất tối đa', '40 mã lực', 'động cơ');
INSERT INTO `specs` VALUES (22, 'Công suất tối đa', '50 mã lực', 'động cơ');
INSERT INTO `specs` VALUES (23, 'Công suất tối đa', '60 mã lực', 'động cơ');
INSERT INTO `specs` VALUES (24, 'Công suất tối đa', '100 mã lực', 'động cơ');
INSERT INTO `specs` VALUES (25, 'Công suất tối đa', '150 mã lực', 'động cơ');
INSERT INTO `specs` VALUES (26, 'Mô men xoắn cực đại', '5 Nm', 'động cơ');
INSERT INTO `specs` VALUES (27, 'Mô men xoắn cực đại', '10 Nm', 'động cơ');
INSERT INTO `specs` VALUES (28, 'Mô men xoắn cực đại', '20 Nm', 'động cơ');
INSERT INTO `specs` VALUES (29, 'Mô men xoắn cực đại', '30 Nm', 'động cơ');
INSERT INTO `specs` VALUES (30, 'Mô men xoắn cực đại', '50 Nm', 'động cơ');
INSERT INTO `specs` VALUES (31, 'Hệ thống khởi động', 'Điện', 'động cơ');
INSERT INTO `specs` VALUES (32, 'Hệ thống khởi động', 'Cần kéo', 'động cơ');
INSERT INTO `specs` VALUES (33, 'Hệ thống khởi động', 'Đánh lửa', 'động cơ');
INSERT INTO `specs` VALUES (34, 'Hệ thống khởi động', 'Áp suất', 'động cơ');
INSERT INTO `specs` VALUES (35, 'Hệ thống khởi động', 'Buồng nổ', 'động cơ');
INSERT INTO `specs` VALUES (36, 'Hệ thống bôi trơn', 'Cưỡng bức', 'động cơ');
INSERT INTO `specs` VALUES (37, 'Hệ thống bôi trơn', 'Nhớt ướt', 'động cơ');
INSERT INTO `specs` VALUES (38, 'Hệ thống bôi trơn', 'Khô', 'động cơ');
INSERT INTO `specs` VALUES (39, 'Hệ thống bôi trơn', 'Dầu tự nhiên', 'động cơ');
INSERT INTO `specs` VALUES (40, 'Hệ thống bôi trơn', 'Áp suất thấp', 'động cơ');
INSERT INTO `specs` VALUES (41, 'Dung tích bình xăng', '5 lít', 'động cơ');
INSERT INTO `specs` VALUES (42, 'Dung tích bình xăng', '10 lít', 'động cơ');
INSERT INTO `specs` VALUES (43, 'Dung tích bình xăng', '12 lít', 'động cơ');
INSERT INTO `specs` VALUES (44, 'Dung tích bình xăng', '15 lít', 'động cơ');
INSERT INTO `specs` VALUES (45, 'Dung tích bình xăng', '20 lít', 'động cơ');
INSERT INTO `specs` VALUES (46, 'Mức tiêu thụ nhiên liệu', '2.5 L/100km', 'động cơ');
INSERT INTO `specs` VALUES (47, 'Mức tiêu thụ nhiên liệu', '3.0 L/100km', 'động cơ');
INSERT INTO `specs` VALUES (48, 'Mức tiêu thụ nhiên liệu', '3.5 L/100km', 'động cơ');
INSERT INTO `specs` VALUES (49, 'Mức tiêu thụ nhiên liệu', '4.0 L/100km', 'động cơ');
INSERT INTO `specs` VALUES (50, 'Mức tiêu thụ nhiên liệu', '5.0 L/100km', 'động cơ');
INSERT INTO `specs` VALUES (51, 'Hệ thống đánh lửa', 'Magneto', 'động cơ');
INSERT INTO `specs` VALUES (52, 'Hệ thống đánh lửa', 'CDI (Capacitor Discharge Ignition)', 'động cơ');
INSERT INTO `specs` VALUES (53, 'Hệ thống đánh lửa', 'TCI (Transistorized Coil Ignition)', 'động cơ');
INSERT INTO `specs` VALUES (54, 'Hệ thống đánh lửa', 'Pin Coil', 'động cơ');
INSERT INTO `specs` VALUES (55, 'Hệ thống đánh lửa', 'Smart Coil', 'động cơ');
INSERT INTO `specs` VALUES (56, 'Tỷ số truyền động', '2.5:1', 'động cơ');
INSERT INTO `specs` VALUES (57, 'Tỷ số truyền động', '3.0:1', 'động cơ');
INSERT INTO `specs` VALUES (58, 'Tỷ số truyền động', '3.5:1', 'động cơ');
INSERT INTO `specs` VALUES (59, 'Tỷ số truyền động', '4.0:1', 'động cơ');
INSERT INTO `specs` VALUES (60, 'Tỷ số truyền động', '7.0:1', 'động cơ');
INSERT INTO `specs` VALUES (61, 'Loại khung', 'thép ống đôi', 'khung xe');
INSERT INTO `specs` VALUES (62, 'Loại khung', 'nhôm đúc nguyên khối', 'khung xe');
INSERT INTO `specs` VALUES (63, 'Loại khung', 'thép mắt cáo', 'khung xe');
INSERT INTO `specs` VALUES (64, 'Loại khung', 'nhôm hợp kim', 'khung xe');
INSERT INTO `specs` VALUES (65, 'Loại khung', 'composite nhẹ', 'khung xe');
INSERT INTO `specs` VALUES (66, 'Loại khung', 'dạng trellis', 'khung xe');
INSERT INTO `specs` VALUES (67, 'Loại khung', 'thép cứng cáp', 'khung xe');
INSERT INTO `specs` VALUES (68, 'Loại khung', 'carbon siêu nhẹ', 'khung xe');
INSERT INTO `specs` VALUES (69, 'Loại khung', 'nhôm không mối hàn', 'khung xe');
INSERT INTO `specs` VALUES (70, 'Loại khung', 'liền khối monocoque', 'khung xe');
INSERT INTO `specs` VALUES (71, 'Hệ thống giảm xóc trước', 'phuộc lồng telescopic', 'khung xe');
INSERT INTO `specs` VALUES (72, 'Hệ thống giảm xóc trước', 'phuộc ngược upside-down', 'khung xe');
INSERT INTO `specs` VALUES (73, 'Hệ thống giảm xóc trước', 'phuộc thủy lực', 'khung xe');
INSERT INTO `specs` VALUES (74, 'Hệ thống giảm xóc trước', 'phuộc khí nén', 'khung xe');
INSERT INTO `specs` VALUES (75, 'Hệ thống giảm xóc trước', 'phuộc điện tử', 'khung xe');
INSERT INTO `specs` VALUES (76, 'Độ lệch phương trục ', '24.5 độ', 'khung xe');
INSERT INTO `specs` VALUES (77, 'Độ lệch phương trục ', '25.0 độ', 'khung xe');
INSERT INTO `specs` VALUES (78, 'Độ lệch phương trục ', '26.0 độ', 'khung xe');
INSERT INTO `specs` VALUES (79, 'Độ lệch phương trục ', '23.8 độ', 'khung xe');
INSERT INTO `specs` VALUES (80, 'Độ lệch phương trục ', '26.8 độ', 'khung xe');
INSERT INTO `specs` VALUES (81, 'Hệ thống giảm xóc sau', 'Giảm xóc monoshock', 'khung xe');
INSERT INTO `specs` VALUES (82, 'Hệ thống giảm xóc sau', 'Giảm xóc đôi với lò xo dầu', 'khung xe');
INSERT INTO `specs` VALUES (83, 'Hệ thống giảm xóc sau', 'Giảm xóc với ống giảm chấn khí nén', 'khung xe');
INSERT INTO `specs` VALUES (84, 'Hệ thống giảm xóc sau', 'Giảm xóc đôi lò xo nhíp', 'khung xe');
INSERT INTO `specs` VALUES (85, 'Hệ thống giảm xóc sau', 'Giảm xóc thép, điều chỉnh độ cứng', 'khung xe');
INSERT INTO `specs` VALUES (86, 'Phanh trước', 'Phanh đĩa đơn, hệ thống thủy lực', 'khung xe');
INSERT INTO `specs` VALUES (87, 'Phanh trước', 'Phanh đĩa đôi, tích hợp ABS', 'khung xe');
INSERT INTO `specs` VALUES (88, 'Phanh trước', 'Phanh đĩa đơn, làm mát bằng gió', 'khung xe');
INSERT INTO `specs` VALUES (89, 'Phanh trước', 'Phanh đĩa đơn, hiệu suất cao với đĩa thép không gỉ', 'khung xe');
INSERT INTO `specs` VALUES (90, 'Phanh trước', 'Phanh đĩa đôi, với cơ chế chống bó cứng ABS', 'khung xe');
INSERT INTO `specs` VALUES (91, 'Phanh sau', 'Phanh đĩa đơn, hệ thống thủy lực', 'khung xe');
INSERT INTO `specs` VALUES (92, 'Phanh sau', 'Phanh đĩa đôi, tích hợp ABS', 'khung xe');
INSERT INTO `specs` VALUES (93, 'Phanh sau', 'Phanh tang trống, hiệu suất ổn định', 'khung xe');
INSERT INTO `specs` VALUES (94, 'Phanh sau', 'Phanh đĩa đơn, làm mát bằng gió', 'khung xe');
INSERT INTO `specs` VALUES (95, 'Phanh sau', 'Phanh đĩa đôi, với cơ chế chống bó cứng ABS', 'khung xe');
INSERT INTO `specs` VALUES (96, 'Lốp trước', '110/70-17', 'khung xe');
INSERT INTO `specs` VALUES (97, 'Lốp trước', '90/90-21', 'khung xe');
INSERT INTO `specs` VALUES (98, 'Lốp trước', '120/70-15', 'khung xe');
INSERT INTO `specs` VALUES (99, 'Lốp trước', '110/80-18', 'khung xe');
INSERT INTO `specs` VALUES (100, 'Lốp trước', '130/60-17', 'khung xe');
INSERT INTO `specs` VALUES (101, 'Lốp sau', '140/70-14', 'khung xe');
INSERT INTO `specs` VALUES (102, 'Lốp sau', '150/60-17', 'khung xe');
INSERT INTO `specs` VALUES (103, 'Lốp sau', '160/60-17', 'khung xe');
INSERT INTO `specs` VALUES (104, 'Lốp sau', '180/55-17', 'khung xe');
INSERT INTO `specs` VALUES (105, 'Lốp sau', '130/90-16', 'khung xe');
INSERT INTO `specs` VALUES (106, 'Kích thước (dài x rộng)', '2000 x 700 x 1100', 'kích thước');
INSERT INTO `specs` VALUES (107, 'Kích thước (dài x rộng)', '2100 x 800 x 1200', 'kích thước');
INSERT INTO `specs` VALUES (108, 'Kích thước (dài x rộng)', '1900 x 750 x 1050', 'kích thước');
INSERT INTO `specs` VALUES (109, 'Kích thước (dài x rộng)', '2200 x 850 x 1250', 'kích thước');
INSERT INTO `specs` VALUES (110, 'Kích thước (dài x rộng)', '2050 x 780 x 1150', 'kích thước');
INSERT INTO `specs` VALUES (111, 'Độ cao yên xe', '780 mm', 'kích thước');
INSERT INTO `specs` VALUES (112, 'Độ cao yên xe', '820 mm', 'kích thước');
INSERT INTO `specs` VALUES (113, 'Độ cao yên xe', '750 mm', 'kích thước');
INSERT INTO `specs` VALUES (114, 'Độ cao yên xe', '850 mm', 'kích thước');
INSERT INTO `specs` VALUES (115, 'Độ cao yên xe', '790 mm', 'kích thước');
INSERT INTO `specs` VALUES (116, 'Độ cao gầm xe', '150 mm', 'kích thước');
INSERT INTO `specs` VALUES (117, 'Độ cao gầm xe', '180 mm', 'kích thước');
INSERT INTO `specs` VALUES (118, 'Độ cao gầm xe', '200 mm', 'kích thước');
INSERT INTO `specs` VALUES (119, 'Độ cao gầm xe', '160 mm', 'kích thước');
INSERT INTO `specs` VALUES (120, 'Độ cao gầm xe', '170 mm', 'kích thước');
INSERT INTO `specs` VALUES (121, 'Khoảng cách giữa 2 trục', '1300 mm', 'kích thước');
INSERT INTO `specs` VALUES (122, 'Khoảng cách giữa 2 trục', '1400 mm', 'kích thước');
INSERT INTO `specs` VALUES (123, 'Khoảng cách giữa 2 trục', '1450 mm', 'kích thước');
INSERT INTO `specs` VALUES (124, 'Khoảng cách giữa 2 trục', '1350 mm', 'kích thước');
INSERT INTO `specs` VALUES (125, 'Khoảng cách giữa 2 trục', '1500 mm', 'kích thước');
INSERT INTO `specs` VALUES (126, 'Ngăn chứa đồ', '15', 'kích thước');
INSERT INTO `specs` VALUES (127, 'Ngăn chứa đồ', '25', 'kích thước');
INSERT INTO `specs` VALUES (128, 'Ngăn chứa đồ', '12', 'kích thước');
INSERT INTO `specs` VALUES (129, 'Ngăn chứa đồ', '30', 'kích thước');
INSERT INTO `specs` VALUES (130, 'Ngăn chứa đồ', '20', 'kích thước');
INSERT INTO `specs` VALUES (131, 'Trọng lượng ướt', '15 kg', 'kích thước');
INSERT INTO `specs` VALUES (132, 'Trọng lượng ướt', '25 kg', 'kích thước');
INSERT INTO `specs` VALUES (133, 'Trọng lượng ướt', '18 kg', 'kích thước');
INSERT INTO `specs` VALUES (134, 'Trọng lượng ướt', '20 kg', 'kích thước');
INSERT INTO `specs` VALUES (135, 'Trọng lượng ướt', '28 kg', 'kích thước');

-- ----------------------------
-- Table structure for warranties
-- ----------------------------
DROP TABLE IF EXISTS `warranties`;
CREATE TABLE `warranties`  (
  `id` int(11) NOT NULL AUTO_INCREMENT,
  `km` int(11) NULL DEFAULT NULL,
  `duration` int(11) NULL DEFAULT NULL,
  `productID` int(11) NULL DEFAULT NULL,
  PRIMARY KEY (`id`) USING BTREE,
  INDEX `productID`(`productID`) USING BTREE,
  CONSTRAINT `warranties_ibfk_1` FOREIGN KEY (`productID`) REFERENCES `products` (`id`) ON DELETE RESTRICT ON UPDATE RESTRICT
) ENGINE = InnoDB AUTO_INCREMENT = 153 CHARACTER SET = utf8mb4 COLLATE = utf8mb4_unicode_ci ROW_FORMAT = Dynamic;

-- ----------------------------
-- Records of warranties
-- ----------------------------
INSERT INTO `warranties` VALUES (1, 10000, 1, 1);
INSERT INTO `warranties` VALUES (2, 15000, 2, 2);
INSERT INTO `warranties` VALUES (3, 20000, 3, 3);
INSERT INTO `warranties` VALUES (4, 25000, 4, 4);
INSERT INTO `warranties` VALUES (5, 30000, 5, 5);
INSERT INTO `warranties` VALUES (6, 35000, 1, 6);
INSERT INTO `warranties` VALUES (7, 40000, 2, 7);
INSERT INTO `warranties` VALUES (8, 45000, 3, 8);
INSERT INTO `warranties` VALUES (9, 50000, 4, 9);
INSERT INTO `warranties` VALUES (10, 55000, 5, 10);
INSERT INTO `warranties` VALUES (11, 60000, 1, 11);
INSERT INTO `warranties` VALUES (12, 65000, 2, 12);
INSERT INTO `warranties` VALUES (13, 70000, 3, 13);
INSERT INTO `warranties` VALUES (14, 75000, 4, 14);
INSERT INTO `warranties` VALUES (15, 80000, 5, 15);
INSERT INTO `warranties` VALUES (16, 85000, 1, 16);
INSERT INTO `warranties` VALUES (17, 90000, 2, 17);
INSERT INTO `warranties` VALUES (18, 95000, 3, 18);
INSERT INTO `warranties` VALUES (19, 100000, 4, 19);
INSERT INTO `warranties` VALUES (20, 105000, 5, 20);
INSERT INTO `warranties` VALUES (21, 110000, 1, 21);
INSERT INTO `warranties` VALUES (22, 115000, 2, 22);
INSERT INTO `warranties` VALUES (23, 120000, 3, 23);
INSERT INTO `warranties` VALUES (24, 125000, 4, 24);
INSERT INTO `warranties` VALUES (25, 130000, 5, 25);
INSERT INTO `warranties` VALUES (26, 135000, 1, 26);
INSERT INTO `warranties` VALUES (27, 140000, 2, 27);
INSERT INTO `warranties` VALUES (28, 145000, 3, 28);
INSERT INTO `warranties` VALUES (29, 150000, 4, 29);
INSERT INTO `warranties` VALUES (30, 155000, 5, 30);
INSERT INTO `warranties` VALUES (31, 160000, 1, 31);
INSERT INTO `warranties` VALUES (32, 165000, 2, 32);
INSERT INTO `warranties` VALUES (33, 170000, 3, 33);
INSERT INTO `warranties` VALUES (34, 175000, 4, 34);
INSERT INTO `warranties` VALUES (35, 180000, 5, 35);
INSERT INTO `warranties` VALUES (36, 185000, 1, 36);
INSERT INTO `warranties` VALUES (37, 190000, 2, 37);
INSERT INTO `warranties` VALUES (38, 195000, 3, 38);
INSERT INTO `warranties` VALUES (39, 200000, 4, 39);
INSERT INTO `warranties` VALUES (40, 205000, 5, 40);
INSERT INTO `warranties` VALUES (41, 210000, 1, 41);
INSERT INTO `warranties` VALUES (42, 215000, 2, 42);
INSERT INTO `warranties` VALUES (43, 220000, 3, 43);
INSERT INTO `warranties` VALUES (44, 225000, 4, 44);
INSERT INTO `warranties` VALUES (45, 230000, 5, 45);
INSERT INTO `warranties` VALUES (46, 235000, 1, 46);
INSERT INTO `warranties` VALUES (47, 240000, 2, 47);
INSERT INTO `warranties` VALUES (48, 245000, 3, 48);
INSERT INTO `warranties` VALUES (49, 250000, 4, 49);
INSERT INTO `warranties` VALUES (50, 255000, 5, 50);
INSERT INTO `warranties` VALUES (51, 260000, 1, 51);
INSERT INTO `warranties` VALUES (52, 265000, 2, 52);
INSERT INTO `warranties` VALUES (53, 270000, 3, 53);
INSERT INTO `warranties` VALUES (54, 275000, 4, 54);
INSERT INTO `warranties` VALUES (55, 280000, 5, 55);
INSERT INTO `warranties` VALUES (56, 285000, 1, 56);
INSERT INTO `warranties` VALUES (57, 290000, 2, 57);
INSERT INTO `warranties` VALUES (58, 295000, 3, 58);
INSERT INTO `warranties` VALUES (59, 300000, 4, 59);
INSERT INTO `warranties` VALUES (60, 305000, 5, 60);
INSERT INTO `warranties` VALUES (61, 310000, 1, 61);
INSERT INTO `warranties` VALUES (62, 315000, 2, 62);
INSERT INTO `warranties` VALUES (63, 320000, 3, 63);
INSERT INTO `warranties` VALUES (64, 325000, 4, 64);
INSERT INTO `warranties` VALUES (65, 330000, 5, 65);
INSERT INTO `warranties` VALUES (66, 335000, 1, 66);
INSERT INTO `warranties` VALUES (67, 340000, 2, 67);
INSERT INTO `warranties` VALUES (68, 345000, 3, 68);
INSERT INTO `warranties` VALUES (69, 350000, 4, 69);
INSERT INTO `warranties` VALUES (70, 355000, 5, 70);
INSERT INTO `warranties` VALUES (71, 360000, 1, 71);
INSERT INTO `warranties` VALUES (72, 365000, 2, 72);
INSERT INTO `warranties` VALUES (73, 370000, 3, 73);
INSERT INTO `warranties` VALUES (74, 375000, 4, 74);
INSERT INTO `warranties` VALUES (75, 380000, 5, 75);
INSERT INTO `warranties` VALUES (76, 385000, 1, 76);
INSERT INTO `warranties` VALUES (77, 390000, 2, 77);
INSERT INTO `warranties` VALUES (78, 395000, 3, 78);
INSERT INTO `warranties` VALUES (79, 400000, 4, 79);
INSERT INTO `warranties` VALUES (80, 405000, 5, 80);
INSERT INTO `warranties` VALUES (81, 410000, 1, 81);
INSERT INTO `warranties` VALUES (82, 415000, 2, 82);
INSERT INTO `warranties` VALUES (83, 420000, 3, 83);
INSERT INTO `warranties` VALUES (84, 425000, 4, 84);
INSERT INTO `warranties` VALUES (85, 430000, 5, 85);
INSERT INTO `warranties` VALUES (86, 435000, 1, 86);
INSERT INTO `warranties` VALUES (87, 440000, 2, 87);
INSERT INTO `warranties` VALUES (88, 445000, 3, 88);
INSERT INTO `warranties` VALUES (89, 450000, 4, 89);
INSERT INTO `warranties` VALUES (90, 455000, 5, 90);
INSERT INTO `warranties` VALUES (91, 460000, 1, 91);
INSERT INTO `warranties` VALUES (92, 465000, 2, 92);
INSERT INTO `warranties` VALUES (93, 470000, 3, 93);
INSERT INTO `warranties` VALUES (94, 475000, 4, 94);
INSERT INTO `warranties` VALUES (95, 480000, 5, 95);
INSERT INTO `warranties` VALUES (96, 485000, 1, 96);
INSERT INTO `warranties` VALUES (97, 490000, 2, 97);
INSERT INTO `warranties` VALUES (98, 495000, 3, 98);
INSERT INTO `warranties` VALUES (99, 500000, 4, 99);
INSERT INTO `warranties` VALUES (100, 505000, 5, 100);
INSERT INTO `warranties` VALUES (101, 510000, 1, 101);
INSERT INTO `warranties` VALUES (102, 515000, 2, 102);
INSERT INTO `warranties` VALUES (103, 520000, 3, 103);
INSERT INTO `warranties` VALUES (104, 525000, 4, 104);
INSERT INTO `warranties` VALUES (105, 530000, 5, 105);
INSERT INTO `warranties` VALUES (106, 535000, 1, 106);
INSERT INTO `warranties` VALUES (107, 540000, 2, 107);
INSERT INTO `warranties` VALUES (108, 545000, 3, 108);
INSERT INTO `warranties` VALUES (109, 550000, 4, 109);
INSERT INTO `warranties` VALUES (110, 555000, 5, 110);
INSERT INTO `warranties` VALUES (111, 560000, 1, 111);
INSERT INTO `warranties` VALUES (112, 565000, 2, 112);
INSERT INTO `warranties` VALUES (113, 570000, 3, 113);
INSERT INTO `warranties` VALUES (114, 575000, 4, 114);
INSERT INTO `warranties` VALUES (115, 580000, 5, 115);
INSERT INTO `warranties` VALUES (116, 585000, 1, 116);
INSERT INTO `warranties` VALUES (117, 590000, 2, 117);
INSERT INTO `warranties` VALUES (118, 595000, 3, 118);
INSERT INTO `warranties` VALUES (119, 600000, 4, 119);
INSERT INTO `warranties` VALUES (120, 605000, 5, 120);
INSERT INTO `warranties` VALUES (121, 610000, 1, 121);
INSERT INTO `warranties` VALUES (122, 615000, 2, 122);
INSERT INTO `warranties` VALUES (123, 620000, 3, 123);
INSERT INTO `warranties` VALUES (124, 625000, 4, 124);
INSERT INTO `warranties` VALUES (125, 630000, 5, 125);
INSERT INTO `warranties` VALUES (126, 635000, 1, 126);
INSERT INTO `warranties` VALUES (127, 640000, 2, 127);
INSERT INTO `warranties` VALUES (128, 645000, 3, 128);
INSERT INTO `warranties` VALUES (129, 650000, 4, 129);
INSERT INTO `warranties` VALUES (130, 655000, 5, 130);
INSERT INTO `warranties` VALUES (131, 660000, 1, 131);
INSERT INTO `warranties` VALUES (132, 665000, 2, 132);
INSERT INTO `warranties` VALUES (133, 670000, 3, 133);
INSERT INTO `warranties` VALUES (134, 675000, 4, 134);
INSERT INTO `warranties` VALUES (135, 680000, 5, 135);
INSERT INTO `warranties` VALUES (136, 685000, 1, 136);
INSERT INTO `warranties` VALUES (137, 690000, 2, 137);
INSERT INTO `warranties` VALUES (138, 695000, 3, 138);
INSERT INTO `warranties` VALUES (139, 700000, 4, 139);
INSERT INTO `warranties` VALUES (140, 705000, 5, 140);
INSERT INTO `warranties` VALUES (141, 710000, 1, 141);
INSERT INTO `warranties` VALUES (142, 715000, 2, 142);
INSERT INTO `warranties` VALUES (143, 720000, 3, 143);
INSERT INTO `warranties` VALUES (144, 725000, 4, 144);
INSERT INTO `warranties` VALUES (145, 730000, 5, 145);
INSERT INTO `warranties` VALUES (146, 735000, 1, 146);
INSERT INTO `warranties` VALUES (147, 740000, 2, 147);
INSERT INTO `warranties` VALUES (148, 745000, 3, 148);
INSERT INTO `warranties` VALUES (149, 750000, 4, 149);
INSERT INTO `warranties` VALUES (150, 755000, 5, 150);
INSERT INTO `warranties` VALUES (151, 50000, 5, 165);
INSERT INTO `warranties` VALUES (152, 9000, 3, 166);

SET FOREIGN_KEY_CHECKS = 1;
